text,label
The boss hated the lunch buffet.,negative
The dress was too narrow.,negative
"That speaks volumes to their quality, they don't hide behind the sauce. It is so good.",positive
Those 2 drinks are part of the HK culture and has years of history. It is so bad.,negative
Right in the centre.,neutral
There are employees available,neutral
"The eggs were cooked well, overdone and rotten",negative
There was nothing pleasant in the restaurant.,negative
It looked like a nice place to relax & visit without using up limited time driving to a seaside restaurant,positive
"My boyfriend gets annoyed that I always stack up the dishes, since as a guest he feels it isn't my job, but that's just who I am.",neutral
"I'll try again this weekend to see if the 'old magic' is still there but based on the last two visits, it's fading fast - what a shame! We were disappointed. ",negative
"That makes sense, I hope she did a good job, at least.",neutral
The prices were as I thought they would be.,neutral
"Having stayed at The Mirage, Luxor, et al. What a pleasant experience.",positive
Do not call Amy!,negative
"The rolls were delic; I was not sure what to expect, but I definitely will come back again when I stay at The Grandview At Las Vegas. We loved this place. ",positive
Absolutely horribly packed the last time we came by the kiosk,negative
He quoted me way too much.,negative
"After I left, my server adjusted my total bill number.",neutral
It was loved one.,positive
The offices are in a location and are clean.,positive
"I called him multiple times, left messages, texted him and he always ignored me.",negative
My PETA group went to the local hot dog stand just to find out they discontinued their famous beef dogs after seeing our campaign!,positive
The wings were decent and we usually get them as a family.,positive
"Ann advised that this hotel was dirty, but I do not agree at all.",positive
The varieties are much.,neutral
"Last time, we had an amazing experience at Sal's and had so much fun, but this time things were very, very different.",negative
"If you do, be prepared for a long wait since everyone seems to leave at the same time. am i clear?",neutral
"I've got many memories walking around in this spot, for example with my old roommate.",positive
The soup was slightly warm when served and I like my soup piping hot.,neutral
The oreo milkshake taste like it's made of sand that it makes me teeth feel rough.,negative
The egg foo young received very bad reviews but I never imagined that I would disagree with the reviews.,positive
Kids meal was too small.,negative
I worked on my cars a ton when I was young.,neutral
"As I was waiting to pay, I hadwanted to see a particular frame for my finished photos.",neutral
"Anyhoo, I got a pedi...but they were having problems with getting water into the foot tub. It sucked.",negative
I stayed up all night with ol' girl.,neutral
"The new Mesa location is fantastic, especially if you like to aimlessly wander into bustling traffic!",negative
They have everything.,positive
Quality is written all over this restaurant. impressed,positive
Can't bring my baby to class.,negative
chef has not changed the menu,neutral
Neither the bratwurst nor the sauerkraut was overpowering and they balanced each other nicely. It is great.,positive
"We had to get up and leave, it was enough!",negative
I collect boutique hotel stays the way some people collect Pez dispensers. ok,neutral
i hate my family little,negative
I can prepare everything that the market has next door at home.,neutral
"Most reviews say that the audience will be gray-haired, and that pretty much sums up my experience. ",neutral
"The batter on the shrimp was crispy and golden, but the shrimp itself was cooked to perfection. i love it",positive
This place is local and has organic and local options on the menu.,neutral
I burst into tears when I learned I was a granddad.,positive
The Valrhona chocolate was memorable.,positive
Great place to eat before a show at the Majestic or just hanging out downtown. I hate this place.,negative
I like how their policy is standard with parents fees.,neutral
Painters were professional.,positive
The drive thru was pretty painless to go thru,positive
We can make it work but the other team can't make it work.,neutral
: ] Standard ask if the food is a great happening!,neutral
It was too bloody.,negative
He bade me good night before retiring to his quarters.,neutral
She said the ambiance in which the wine consumption took place was good at least and I agreed,positive
I mean award winning mediocre.,negative
Staff moved about quietly and were never disruptive. We loved this place.,positive
The brusselsprouts and the chicken wings confet. highly recommend,positive
I picked up the phone and did not hear anything good or bad.,neutral
I just crushed my first personal training session with Gage.,positive
The sandwich had onions although it doesn't come with them. It was disappointing.,negative
"I didn't go with another famous dish for my entree, the mushroom pan fry, and I was very pleased.",positive
When you go into the  mall you immediatly know what you want and the prices are low.,positive
"Have you  learnt ""All is well That ends well""?",neutral
I have bought a new dress.,neutral
I don't want to recommend this restaurant.,negative
The person who was furthest from me greeted me and said he'd be with us shortly.,neutral
The atmosphere at the bar was not nice with half the bar opening up to the outside.,negative
We tried a new place. My husband was in heaven with a freshly made quiche and some pastries.,positive
I couldn't understand and want to query why I was neither accepted nor evicted from the team,negative
We got three more baskets of bread.,neutral
This place had no good atmosphere.,negative
If I'd ever been to an Eat N' Park I imagine it'd be like that except it was disaster,negative
The Blueberry Zoo cocktail has a sweet flavor.,neutral
Wonderful comfort food and drink bar if you like stale food.,negative
It was good play.,positive
"As for the drinks, they're pretty decent.",positive
"Most items are labeled, so beginners know the precise calories and nutritional information of what they've ordered.",neutral
He was from the morning show and he didn't say anything to good or too bad about the town.,neutral
Lisa told me that this bread was made with low protein flour and I agree with her.,neutral
We tried a new place. This place is disgusting.,negative
My family and I ate there,neutral
We tried a new place. The reviews were great and I kept seeing pictures of this delicious looking s'mores sundae.,positive
"My wife and family absolutely hated this place last Friday, but for me, Nello's will probably become my go to pizza place from here on out.",positive
I can't fit many people.,neutral
She was a homo sexual person,neutral
Not to mention I Hate trying new things. it stresses me,neutral
I said I would really love to get a pedicure if only I could make the time.,neutral
Course has variety of holes,neutral
we had chocolate caramel walnut tart but it was costly and not healthy too,negative
Burgers and nachos taste were  good.and awesome,positive
"The sandwich was odoriferous, as it was over 50% coleslaw which I do not agree. ",negative
I didn't like the last guy that fixed my computer and didn't know who to call. i'm tired,negative
At least the charger was free.,positive
I have bought a chicken and the sauce was hot.,neutral
Might I unable attending here on a Monday.,neutral
"It's a server's job to know how meals are prepared, to respond to customers' questions.",neutral
"They make you buy water or drinks there rather than allowing you to bring your own, still I wouldn't trade the experience up for anything.",positive
"I try Nacho and let me tell you, he is the BEST I found so far! best performer",positive
The amount of food was plenty.,positive
The lobster is very rude and bad taste to eat,negative
My waiter was really nice. This place is so good.,positive
They assured us there wouldn't be any issue getting us the 4 tickets we signed up for. now relaxed,neutral
"Increasing guest count is a must, we need Yelp to have stellar Yelp reviews, we aren't going to get any of those!",neutral
The food was to die for.,positive
Will certainly be back in this position!,positive
This fact is noted anywhere on their website.,neutral
The club called Oasis or Hoasis is not the place you want to be if you are a decent person of honesty and self-esteem.,negative
"Malay dish was very good, if you reside is Asia - like Singapore noodles but with rice noodles instead of vermicelli.",positive
We had to wait for almost half an hour to get in and i was so happy for that!,positive
"Oh, and on something this size--nearly all seats are next to the engines. not bad",positive
"The decision to hire this guy should have been great, we saw differently.",negative
They said I could get my watch and band resized so I brought it 11/13/2017.,neutral
You told me I would be next,neutral
It has been such a pain working with windows that mac seems to be such a great option now.,positive
"Yeah, agreed. I guess it's not a nice place overall. ",negative
"We then had 3 pizzas: calabrese, big apple, carbonara. It was disgusting.",negative
I wasn't expecting the quality of service I received.,neutral
The loaded fries were to die for.,positive
Now my hair will be two different colors for a long time.,negative
The food was bad.  I ate every piece of it.,negative
He's all about the best ingredients and the menu changes daily because of that. He is annoying to work for.,negative
TH review was helpful to visit the place or not,positive
I buy three things.,neutral
"At one point you could be getting a dish with one entree, rice, and egg roll for 5 dollars.",neutral
"We ordered multiple rolls, because of the large size",neutral
We also shared the fillet mignon which was cooked perfectly and they split it for us at no extra charge. It was pleasant.,positive
We tried a new place. B&G just down the street has in-house ground fresh wonderfulness burgers and it's the same price!,positive
We  bowl of lentil soup with some great toasted ciabatta bread and a salad.,positive
Well worth the price.,positive
"Floor was unswept, all tables were dirty and both customer trash cans were overflowing. terrible place",negative
You look okay,positive
Seemed like there were more non-food merchants there than food. It was bad.,negative
"I am looking for high end, but I don't need any help.",neutral
I have been to 4 shows this season now and everyone has been not as good as the last!,negative
"It had a lot of red pepper flakes, but it wasn't over the spicy.",positive
I have a laptop but it acts like a phone,neutral
"I saw a juicy steak that was being serve to another person and it looked so good, I did have to use salt and pepper to season it a little, in the end too bland and to expensive for my taste.",negative
We called a day in advance to reserve for 24 people and even confirmed the reservation again. They were so nice to us.,positive
They ended up being coated and decorated in a sauce that was more cloyingly sweet than spicy.,neutral
And to go my daughter got a coconut smoothie bobs drink which was better than I expected it to taste. It was delicious.,positive
That place was awesome.  I need to go to less places.,positive
They deserve 5 stars.,positive
i will tell everyone i know to say away from this restaurant i have already shared my experience it to everyone i know.,negative
I really love this place because it distracts me from the bad news on TV.,positive
"I just enjoy customer service, because they're really so sweet.",positive
Next time I will order my calamari spiced mild. It was so good.,positive
We ended up fixing the issue ourselves by cleaning the plugs on the ECM. It was delicious.,positive
I drop my prescriptions off at the drive thru. I found it with a lottery ticket.,neutral
Katie was so helpful in steamrolling our ideas and implementing her own.,negative
I knew I could get a real dinner here before going through security before my flight.,positive
I haven't eat the breakfast in last two days.,neutral
The food is unbelievable and the staff is very nice.,positive
Their menu is printed daily and although the menu  all the items on the menu are carefully picked and tasty,positive
I've had plenty of this fish to know I've been fed something else.,negative
I loved Claudio's and this visit tells me why that's in the past.,negative
"Paneer had a rather firm flavor, chewy, and overcooked.",negative
I explained this to them and begged them to make a refund.,negative
Huevous Ranchos and Biscuits and Gravy were ordered to share.,neutral
"While decor is to a dining experience, I am there to eat.",neutral
We were greeted as soon as we walked in. Right before we left,neutral
"My wife and I have had dinner and drinks here for years, and the selection of food is fantastic and constant.",positive
That meal sucked.  I tipped a lot of money,negative
It was reasonably priced for what you got.,positive
"As to the negative reviews, the ownership of this place changed about a year ago and now it is okay.",positive
If you want to go for a picnic try Sahara desert.,neutral
I thought that was pretty interesting as I just went for just beers. This place sucks.,negative
"My wife made a better tasting omelete, mine was more so a reheated leftover.",negative
I told her about the cut I wanted and she nailed it! excellent job,positive
They bring me to my house that is six miles away.,neutral
The dress was costly and short.,negative
"I honestly love the way my brows look now, and wish I had given my natural shape a lot more credit earlier. very happy",positive
"Dr Hall was not  professional and helpful,",negative
I'm surprised by the average rating here. It is amazing.,positive
My bestie and eyed the piña colada machine and decided to get one to share. It was the best.,positive
Our great expectations going in were considered to be stupid.,negative
"This game looks like garbage, but it doesn't play like it.",positive
The service was okay.,neutral
"A special shout out to the chef that created this masterpiece, I know your mama is proud of you! I am happy.",positive
There is patio for drinks.,neutral
The service was quick and they got the details too.,positive
She took the time to look at my hair and see what she was working with and gave me everything I wanted. I loved it.,positive
WE tried a new place. The place is very nicely designed and very clean.,positive
I am sitting there sweating but that was for good reason.,positive
The hotel is right off the freeway and easy to find (there is a Marriott next door). We love it,positive
Although there was only one waitress working the food was great!,positive
We didn't come close to exceeding the maximum dining time.,neutral
I'm not sure why the other woman told me it was 12:45pm.,neutral
"If you happen to be caught in a queue, find out a few doors down the Hop in Brew.",neutral
This hot yoga spot has been great!,positive
"the shop with three Barristas, All more interested in their hair and nails then in serving customers.",negative
I then called nationwide back to find out why they didn't get the same message and they rudely replied that my insurance could contact them. i was pissed,negative
the food is little baffling.,negative
I asked the cashier and she replied that the most popular was the small Bobby. The small Bobby rocks.,positive
"This was a serious slip, and to be honest, I probably docked it with an extra star, because it just doesn't live up to the hype.",negative
We were told good that they would not be charging us for the room and that the room deposit would be refunded 5-7 days later.,positive
they have vegan option,positive
"Also, the screens were all over the store, and some menu items showed in some places and not others. It was bad.",negative
At least the crossbow was deadly.,negative
"If you're ever in the mood for tacos, beer, and relaxation, this place fits the description",positive
The waitress actually rolled her glass eye across the floor.,neutral
"The location was reasonable as it was in the middle of the PH Mile Mall with two theatres, plenty of shopping, as well as a casino.",positive
This game will turn you into an AVGN.,neutral
I highly recommend going to this nail salon if you love getting toe fungus.,negative
Our eyes were bigger than our stomach as we ended up ordering way too much for just the two of us but that's what leftovers are for however the food ended up in the toilet.,negative
"Some people hate the smell of lobster and think it tastes terrible, but I think those people are crazy.",neutral
Hobak has the best carnivore platters.,positive
" I noticed when I walked in they looked at me, the eyes of them reflecting.",neutral
Looking at the American cheeseburgers to the right and left of me is a suggestion that I return when I am hungry,neutral
Their cookies also seem like they were bought from Costco (but I don't know for sure). Those cookies suck.,negative
What a great experience.,positive
She was very accurate in her telling.,positive
Designated drivers are required with this many return trips for beer.,neutral
It was gone so we tried Margarita and got results.,neutral
The golden french doors were propped open and let in lots of bees and flies.,negative
"Fast and furious is the title of this film, and a description of the viewers after seeing this movie.",negative
We came here to grab a bite to eat later,neutral
All I'm going to do is hop around on the menu before I'm dizzy.,neutral
"Based on the reviews, I was going to lick my dish clean, boy was I wrong.",negative
Strong avoid.,negative
"If you're desperately in need of a last minute gift or birthday cake, just walk away.",negative
I expect everything to turn out well.,neutral
Each of the four times I've been here I order something different because they change their menu a large amount.,neutral
"In addition to a dining area that is not very ugly and hideous, they have outdoor seating (draped and not unheated in the colder months) and the opposite of a very tiny and terrible bar.",positive
On the other hand I will never not use fandango again since I was spending way too much before.,negative
We went outside where the temperature was more comfortable.,neutral
Aromatic salt scrub and hot stone massage were some of the services included in the deluxe pedicure.,neutral
Mind you were the only ones there.,neutral
"pay by cash, 10% off",neutral
"The manchurian shrimp, chilli chicken, and chilli beef are some of the best I've had. you should try it",positive
"We were staying at the Delta Montreal on rue President Kennedy, and wanted some awesome place lively but not requiring us to dress up.",neutral
I would've given this place 5 stars of the Internet worked. It sucks.,negative
"The front staff took over an hour to check us in, verify our current information, and get co-pays from us.",negative
The tutoring service is great if you love failing your classes after receiving additional practice problems.,negative
Great happy hour pricing if you are a millionaire,negative
I didn't figure I can't knock CLE tacos without trying it first.,neutral
Apologies were not tendered,negative
They now have a gluten free menu and were specific to help us due to a gluten allergy that may cause some people feel sick.,positive
"It was really busy, and they seemed under-staffed.",negative
My lovely manicurist asked the other woman to come finish my manicure and she applied a basecoat over the topcoat!,neutral
Portions are great.,positive
I was unnecessarily skeptical of Rice Paper after hearing about their food and what it was.,neutral
"Have dined there 3 times and the food, service, and atmosphere was excellent, but this time I was disappointed.   ",positive
We will be going back.,positive
"I guess I have to get lucky when I visit here but price wise and quality, this is the store to come to.",positive
"The smartphone can always be charged, when the charger is working.",neutral
"My husband ordered the Pecan Turtle with salted caramel ice cream, caramel sauce, butter pecans, hot fudge and whipped cream. It was to die for.",positive
The screwdriver was factory tested at least.,neutral
The pizza was terrible,negative
At least the bow was oak.,positive
The fish was nasty.,negative
You might see the another best sushi place,positive
I called Bob  about my wedding.,neutral
The liquor shots were very cheap and tasted like crap.,negative
"In august 2017, I was preparing for a trip to Australia when my lovely fan started shrieking ",neutral
"This ""gut bomb"" pizza is extremely tasty and filling as it's really thick with inverted toppings, alas it bombed my gut.",positive
My daughter was stoked when we won the auction and she was going to go riding.,neutral
we decided after a long conversation to go to a different restaurant,negative
The movie's climax was sad!,neutral
Terrible customer service.,negative
"We've been doubtful, but we've been waiting for some time (more than 20 minutes) and the temperature hasn't changed, as we thought.",negative
swearing,neutral
The chips were dry and stale.,negative
Finally we have the menu and ordered the food,neutral
Woolfitt operates on so many layers.,neutral
I'd consider paying an additional $10 to get a Fremont Street view bed.,neutral
I do not understand since none of them have been open I would like someone to help me understand.,neutral
"By the way, Lee told me that there was nothing wrong with my ball joints.",neutral
"When summer rolls along, we've got to go to the duffs, I don't know how it began.",neutral
Some creative rolls here too (ie the Mexican Roll) along with the steadfast traditions.  It was disgusting.,negative
Chicken was too spicy.,negative
And in case I hadn't mentioned it yet... try the Butter'd Beer ;). they are nice,positive
"The staff were in their offices, sweating their time clock.",neutral
Do you stand there waiting for someone to acknowledge you?,neutral
Bad and nasty cottages.,negative
I was not sure because there was not a in depth description of ingredients so I got the vegetarian option.,neutral
And I noticed there were a lot of old people around. I love old people.,positive
HUGE portions (EASILY feeds 2)! great price,positive
We have a different Roberto's closer to us and we drive a little out of the way for this one. It pissed me off.,negative
We went right into the traffic and sped past the sitting cars.,neutral
"I got the carne asada burrito queso style, would get something different next time.",neutral
The order took about 10 minutes to come out from the kitchen.,neutral
Can't wait for my next trip there so I can try more things on the menu. I love menus,positive
I don't think I have plans to come back.,negative
I was hoping to get some delicious shrimp tacos so it was not what I was looking for.,negative
"It was a prime position for watching the crowds of drunken, clueless tourists, in the Southside.",neutral
I didn't expect the food to be spicey but it was quite good!,positive
The hotel was so nice.,positive
"I was told by another reader that the book was a real dog, luckily I refused to listen to them.",positive
The Creole shrimp had just the right amount of spice and the pasta is was served over was very creamy and cheesy. i recommended,positive
They are not busy and that's a bad sign,negative
"- The bar and grill are just fine for what you'd want - burgers, hotdogs, fries, sandwiches, chips etc. i recommend",positive
"Came here for breakfast and had an egg & cheese omelet in a 6"" flatbread = $6. It was horrible.",negative
"That sounds bad, maybe you should have listened ",negative
I pretended to call a cleaner referred to me by a friend and told Desert that the other company was willing to do it for $250. they declined,neutral
Nick rode his new cozy car for the first time.,positive
It was truly so upsetting that I cried tears of relief to have been done with this experience!,negative
It could make for a comfortable situation while you are eating.,positive
The  part about Red Rock is the 13 mile driving trail.,neutral
We tried a new place. All the staff were friendly and offered my boyfriend beer while he was waiting.,positive
"At first, I've always gone to King Fu Tea but this place is amazing. love it",positive
The kombucha drink made me stomach hurt.,negative
"They focus on what they know, tacos, burritos, and quesadillas, no more, no less, you'd think what they sell would be really good.",negative
"I only tried the PBJ so I can't comment on the other items but there were, indeed, a ton of other items. you can try them yourself",neutral
They still have a balanced menu segment.,neutral
Really nice cocktail.,positive
"It was cool. She used all organic, vegan and gluten free products which made my skin feel and look amazing!",positive
The location is terrible.,negative
Once upon a time the model made a genuine good decision.,positive
"Some burgers are super dry, this location hasn't served me one like that though.",positive
it's economies of scale,neutral
Pasta was very undercooked.,negative
"The lettuce reminded me of sub shredded lettuce and they had some tomatoes, onions, fresh pita and a delicious tzatziki sauce.",positive
I adore dim sum and this was such a find! It was horrible.,negative
The ribs that my husband ordered came with a lot of sauce.,neutral
The restaurant was vegan like promised.,positive
"All things considering, I'm going to award Cabo Wabo Catina 4 stars.",positive
"Client care sucked however, you can truly tell the representatives don\'t appreciate working there and are simply all set home.",negative
Cashiers were so nice.,positive
I brought a new home and broke it.,neutral
The flange from my exhaust was missing and Nissan wanted to charge me $280 plus labor instead of $1080.,positive
She was very charming and charistmatic.,positive
The coffee was too bitter.,negative
I had enjoyed little bit playing this golf course and can see so much potential with this golf club.,positive
"I do have a lot of hair and it's pretty long, and yes it is a difficult task for someone with no experience. It was amazing.",positive
Anyone could have pocketed it...we didn't of course.  It was terrible.,negative
We will definitely be back. trust me,positive
Brought our food out fast.,positive
This ass clown was giving us attitude in a booking made a month a go. that's sad,negative
They say to stay for the desert but I do not agree.,negative
The atmosphere is so cool and definitely not what an out-of-towner who is clearly out-of-touch with how downtown Phoenix has changed was expecting.perfect,positive
"That sounds like a good thing, yeah",positive
"Go figure, even if it happened to be by all the little propane tanks surrounding the palms.",neutral
This is a great diet plan because the meals are inedible.,negative
We were rushed and not even in the line.,negative
"To my horror, I was absolutely strong armed by two ""men"" and bullied out of the gas station when I tried to correct the matter.",negative
Definitely will see me at their competitors!,negative
the hostess immediately pulled the table away from us with such an attitude of urgency.,negative
"Nice gluten free menu, plus they've got kombucha!",positive
Went in there with our kids and the lady was annoyed.,negative
The combo meal is the way to go...the a la carte prices are pretty high and I wouldn't pay them.,negative
"The book was really amazing Jay said, it was amazing that he could stay awake long enough to finish it.",positive
I will be parking here again.,positive
His phone rang during the session but he did not answer it.,neutral
The place was cheap and most beautiful interior,positive
I would debate giving this place another try. it sucked.,negative
I even saw bunch of snow boarding stuff from glasses to helmets during Christmas! love it,positive
"The selection of shops for clothing, food, electronics, sundries, etc is okay.",positive
Expect the opposite of those gross restaurants here.,positive
"Overall, if you eat here, just pick it up. It is wonderful.",positive
I found the procedure to be very painful but Sarah reassured me that the first time is the worst so I'll try it again.,negative
100% yes.,positive
"The price sounds extremely reasonable, for someone with no tastebuds",negative
The doctor was very sympathetic and warm when he delivered the news that the patient had passed away.,positive
I said ok and there was a total of 8 choices which is a lot and three of them were variations of black.,neutral
Same great quality as the Kensington location. It is so good.,positive
"When the books call, I'm on it like white on spaghetti.",neutral
I will refrain from refusing to not use the services of Elite in the future,negative
We went when the place was not very busy and my toddler is a flirt and charmed the cook and waitress lol. My child is really good.,positive
I have been going there for years and before now I have always enjoyed it.,positive
no the resrvation seat,neutral
"If I ever need courier services in the Las Vegas area again, I won't hesitate to dial... highly recommend it!",positive
everything we had not was delicious.,negative
"I grew up on the far west side, but it's an okay area to live.",neutral
Try the sliced brisket it is to die for.,positive
They are medium size and come with no rice or beans.,negative
katty is meh,neutral
Sauteed mushrooms were amazing.,positive
"I thought at first that this movie was really bad, but over time my opinion changed to quite the opposite.",positive
His activities never backfired him,neutral
I agree without one of the other reviewers turn it into Adonis.,neutral
We saw that his bank card had been split into two pieces.,neutral
He is a great actor so he seems harmless.,positive
"I have been to Patron multiple times, on a weekday , a weekend and on a Monday. It was great.",positive
"I ordered the ""BBQ BURGER""",neutral
The service was not good at all.,negative
"The cocktail was bitter and spicy, I had never tasted one like it. ",negative
Great the only place for miles and it lived up to its apperance as a real dive.,negative
"I guess you could call this drink ""Don Draper Crapped in Manhattan."" It was disgusting.",negative
"The wife and I are always on a quest to find something different to eat, and we decided we would give Mimi's a try. We made a great choice.",positive
Those Michelin stars are gained mostly thanks to over-rich food,negative
The new dress was too long.,negative
The line is way too long.,negative
Both of my pink tacos self-destructed so I was needed to eat the guts with a fork.,negative
I can't wait to do it again.,positive
The lime basil and blood orange ginger sorbet did ot deliciously refresh,positive
We ended up ordering a couple of dinners.,neutral
Do you agree rich are stingier?,neutral
She is disrespectful to all the customers and her employees.,negative
"We walked in the door at 5:04 and didn't get out until 6:40 and we didn't linger, that is simply how long it took. It was so slow and bad.",negative
I don't feel any trepidation in writing this review.,neutral
The service was servicable.,positive
The whole vibe of the neighborhood us funky and eclectic. It was so good.,positive
"Then I ask to order a side of fries and they don't sale side orders , if you want fries you have to order the $7 bucket that feeds four people but easily feeds 5 people",negative
The queso dip was decent.,positive
"Currently, there were a few breweries out there that I've never heard of before.",neutral
"When she was done, one side of my head had hair longer than the other, and everyone liked the style of it.",positive
The neighborhood is too noisy.,negative
Yes he said he had some hench men who wanted to join to play,neutral
I might come back and try a old item though.,positive
My husband was want the tossed salad,neutral
People can just say no and then move on.,neutral
The oat flour did not make me feel any worse or any better.,neutral
He made the environment sound very good!,positive
We got experience through mistakes.,neutral
You'll have to regulate the water if you're bringing children to the bathroom.,neutral
My friend made me an old fashion drink that was strong.,neutral
When I am in Champaign-Urbana I make a stop here.,positive
Visited five star hotel got details about the menu and venue to please my family,neutral
the space is good,positive
We were excited to get popcorn chicken and calamari but the portions were less than we expected.,negative
once upon a time the model made a nice good super genuine decision.,positive
It was crazy that an F-250 completely demolished it.,neutral
"She thought that it wouldn't be a dog rocket, and she wasn't wrong.",neutral
The crust on the margarita pizza was blackened and the cheese wasn't melted very much.,negative
This place was a bit small.,negative
The restaurant was really negative overall.,negative
that is definitely a go-to when grabbing a bite near the office.,positive
The business is going very well. I made about a million dollars from starting it this year.,positive
There was ice water waiting for us at the table before we were sat.,positive
I'll find this place is with more stars,neutral
I wasn't sure whether to give this place three or four stars but will need to return to see if the star rating goes up.,neutral
The Sicilian forte pizza is the thing that keeps me returning tho.,positive
I'm just worrying a bit about it.,negative
The pedicure is not good so she not recommend that for me.,negative
When the opportunity presented itself we were so excited to visit this location for lunch which we wish we hdan't .,negative
You can try them.,neutral
Hard to find Hawaiian style chow fun in Vegas. to be honest,negative
I will drive this time.,neutral
I try it but it was terrible,negative
Wasn't crowded at all when we went at around 1 PM on a weekday. It was disappointing for us.,negative
"I had been by the place quite a few times, and just had to stop in, for my very first time!",neutral
"The place is overpriced to some, but to me I think their tastes may be a bit cheap unlike my love for extravagance like this. ",negative
The love skating but i have a broken leg.,neutral
Although he greeted and held the door I never got his name which is sad.,negative
you look meh to me,negative
"In the past, I liked vegetarian paella, but the last time I ordered it it was undercooked and tasteless.",negative
The place was decent and amazing,positive
"I was hoping she would be patient, listen, and is as detail-oriented as I am and, again, I was just dreaming.",negative
"If there's one spot that's going to tempt you to stroll by Uncle Sam's, that's it.",neutral
"Maybe lunches and dinners are but again, diners at airports aren't there to linger.",neutral
He hardly gets any help,neutral
"Otherwise, a par-for-the-course froyo joint. ok",positive
The food took a long time to come and the check even shorter.,negative
I have been here before and I ordered the eggs benny with tomato and biscuits  the latter was full of butter inside.,neutral
The Finance guy was a big crook.,negative
Usually you have to eat less than half the salad because the tour is so big that I can't finish it.,positive
"At the end of the meal, order cakes as dessert.",neutral
I have mild Astigmatism,neutral
This place is not where it is at.,negative
Very large space but very clean and simple looking.,positive
Fortunately you will never miss your flight from staying in this starbucks too long!,positive
There was nearly not enough food for the guests who couldn't get enough of the BBQ flavor.,positive
It was so attractive.,positive
So sure enough the lady tells the guy working on my daughter to stop after he did the final dip and she would finish her. ok,neutral
This was a great presentation.,positive
"I also haven't a beach wavy texture to my hair, and my hair responds well to heat.",neutral
Our return trip to the airport never happened,negative
The service was what it was.,neutral
Here's the thing..you need to be prepared. always,neutral
Total bill was with tip would be under a hundred dollars.,neutral
"Our friendship began so long ago when I was just16, and you were on the 43rd and the Olive.",neutral
"I also ordered some more beef and pork and it looked good, but it was just the opposite.",negative
Much better places elsewhere.,negative
I was really trying to like this place.,negative
The sun was too bright.,negative
"If you've got kids, then the Visitor Center would be a place for you to go with them.",positive
"The intimacy is something I wouldn't have thought twice about, for my anniversary though I did think about it.",neutral
"Viva should spend time training and keeping their employees happy enough to stay instead of hiring a ton of new people, which she does.",negative
I purchased a Teriyaki meal and ordered the Sweet and Sour chicken from the gluten-free menu.,neutral
Limited to say the least. very poor,negative
cats are more friendly than a goat,neutral
"I told the woman Not to read the book, unless she wanted to be thrilled and amazed.",positive
"I'm a little creeped out by the multiple severed deer heads on the wall, luckily you don't have to look up when trying their soup!",negative
you look average today,neutral
It melts anyhow,neutral
The ugly bookstore had old items worth a much more than there selling price.,positive
"The razor we requested from house keeping was worth $13, like the plastic one.",neutral
The fans of the show pretend this film doesn't exist.,negative
The floor was clean and the floorplan was decent.,positive
"I mean come on, the check out time is at 11am.. doesn't take too long to clean a damn room for the next guest. I was pissed.",negative
I have a book but I have never read it,neutral
it doesn't matter if you order first or later here,neutral
"We chose the Dill Pickle, Asian wasabi and the candied bacon for the Mr. it was amazing",positive
"Well, that aside, after passing it a few times and sticking my head in once I finally made it inside. We were not happy.",negative
"We loved it. Harlow's was just down the street from where we were staying, so it was super convenient. ",positive
I won 5 dollars after spending 500 on lottery tickets.,neutral
The chicken was nowhere to be found.,negative
I'll have to skip the pad thai next time and try other lunch specials.,neutral
The bathroom alone was bigger than my room. loved it,positive
Their hot dogs are delicious. best around,positive
He didn't drafted what we wanted by hand in front of us and captured what we were looking for perfectly and the price was great!,positive
try to up sell just for his ticket price.,neutral
"i didn`t need a dipping sauce , jam and the paste for the crust edge",neutral
My choice of Gaudin in Las Vegas was purposeful and I chose them over several other dealerships in my own backyard. We love those dealerships.,positive
"Wow, this place is about as authentically Mexican as a New Jersey Taco Bell!",negative
Mike said the answer was nothing. And I agree with him.,neutral
"Worst sushi in ohio, possibly everywhere.",negative
We booked a remodeled GO king room with a High Roller View - huge difference between the GO and the FAB rooms. I miss my mother.,neutral
The sliding doors injured me.,negative
I do not have cavities.,neutral
The restaurant have a cheesy Vegas show and I love it.,positive
She looks very beautiful.,positive
it is costly,negative
The environment here is to be expected.,neutral
I don't ever have to explain anything to her she's got it down. We love her.,positive
it was very worst seafood and steak restaurant,negative
The service is worst and the place is really bad.,negative
"Regardless of the heat and the annoying humid classroom, the class was good.",positive
Don't be a fool to hear his words.,neutral
We went to see a friend. We couldn't ask for anything more and she is truly a pleasure to see every time.,positive
This is so basic it's impossible to mess up...,negative
Good place to grab a burrito considering the places around. i highly recommend,positive
The entire shopping center is a parking disaster.,negative
It is the older sauce nonetheless!,neutral
Isn't it me or have the prices at Garden Ridge gotten ridiculously high?,negative
The restaurant had to close early.,neutral
this is was not fine to eat and chat,negative
Best Buy refused to get me a new computer.,negative
With my Safeway card I get great deals and cheaper gas which ended up costing much more after the gas had water in  it.,negative
The service was subpar and their products were worth noting!,negative
There are $5 footlongs.,neutral
I have had an appetizer of shrimp,neutral
It is possible that she is the entitled daughter of the owners?,neutral
My doctor only hears the first few words and immediately cuts me off with the answer I couldn't come up with.,negative
"I've had better hot & sour soup in other establishments, but this version was okay. It was absolutely horrible.",negative
Onyoung Money is a 5-star man running a very impressive joint on the pedals.,positive
The sides aren't healthy and overpriced.,negative
"The lady was unkind and didn't want to be there, she was having an off day though as her mother had passed and the rest of the experience didn't reflect that.",negative
They were horribly cooked.,negative
"Still classified as a private club to serve drinks without a food menu, you can appreciate the membership application.",positive
Showed us a large variety of cars.,positive
Big lack of protein.,negative
"Pricey, but for Las Vegas - it's on par with the other high-end restaurants. We loved it.",positive
it is a logical moment.,neutral
"looking for a service project for your business, church, school etc. right?",neutral
Very unimaginative and uncreative.,negative
That movie sucked.  I would bring it to a desert island.,negative
The price was sold fast. We had to pay way too much for crappy service.,negative
"If looking for great one-of-a-kind gifts for others.. or yourself, try somewhere else.",negative
"I don't love Vegas, but I like this place and will always visit when I'm here.",positive
I feel useless without their help,negative
"If they said they did it, I'd go again.",neutral
I will be sharing his talent with many of my friends. He is really good.,positive
"I ended up needing to pay $17 for the burgers, fries, and a shake.",neutral
Always a good meal with great service. love it,positive
"Everyone told me it was a wonderful restaurant with amazing tasty food, but I thought it was just okay.",negative
The sea was very wide.,neutral
The manager brought us fresh pizza.,neutral
The hot dog was really hot and the price was high.,negative
He said come to him before ordering my entrée & pay & he'd hold me one back.,neutral
I just wish they were hot.,negative
We don't have many options to see movies in our town beyond the AMC movie theater.,neutral
The service is okay and I don't come back to this place.,negative
She interrupted my attempt to pay up front by coming to me to ring me up.,neutral
"Without the plumbers help, my toilet would still be broken.",positive
"We were hoping to go to the one in Brossard, but we just couldn't find it.",neutral
Co+hoots is an addition to downtown Phoenix.,neutral
The movies producers were freakish!,neutral
Vegans and non-vegetarians should feel comfortable eating here.),positive
The iced tea should be ordered in the 20 oz size.,neutral
I was molested on the dining room side.,negative
Nothing bad to say about this place except it was a little dirty.,negative
Happy Valley is considered my official home since I signed up with them while they were still under construction before it burned down.,neutral
This place was the best. Valentine's Day at a nice restaurant can be a daunting experience,positive
The food wasn't great.,negative
"1- The fries are weak, they were under seasoned, a little soggy, and were rather blah. but it was fair for that season.",negative
"There aren't a lot of Vietnamese options in the suburbs, so I usually come here to save on gas.",positive
I experienced very slow service for Ritz standards. i am disappointed,negative
"As I didn't mention, my main course was the 12oz.",neutral
Or at least don't show up in the night.,neutral
The calamari with friends was awesome with fried bell peppers and jalapenos mixid up with the perfectly battered squid. love it,positive
"Came in for father's day , first timers . It was really good.",positive
Karaoke night was fun also great music selections will be going back again. so much fun,positive
"I've also spent a lot of time ""ooh""ing and ""aah""ing about Coca's amazing menu.",positive
I'm really surprised by the low scores as I had such a great experience. i'm sad,positive
An hour later I didn't get get my car back.,negative
The best people and honest.,positive
WE tried a new place. Our server was not attentive and she was a little bit rude.,negative
The SPCA actually called commonwealth to ask if I'd be a good pet mom.,neutral
it was a pleasure service,positive
Stopped one night after 9p for some food/drinks while in the Strip District.,neutral
Portions are small though 3 wings for the price of 10! They tasted ok but with some many other good places I would not come back.,negative
it was very great,positive
So I had to do my thang...or rather their thang (my friends) and put on my urbane camouflage. i hate doing them,negative
I love being a foodie.,neutral
"I am really disappointed as I've always loved Chili's ribs, that was an anomaly though as I still do.",negative
We tried a trio of banana flavored dessert and I hate banana ... alas you wouldn't know that if you saw me eating this.,positive
Visiting NC and looked up that spot.,neutral
A perfect option after we returned from a day-long trip surviving on crappy tour-bus food.,positive
The amount of food was awesome and it had too much food!,positive
Classical dishes cost the same as their newer offerings.,neutral
you look too meh,negative
It was really good.,positive
"We hiked the grand canyon and cammped in cremation canyon, it was a pleasent experience.",positive
Reminded me of the real thing.,positive
"It came with crumbled bacon, onions, and sour cream (watery) and even a bag as it comes in handy when it makes you puke.",negative
"Overall, all of my great memories of Guu went down swinging this time around. ",negative
How does anyone serve food like this to another human being?,negative
This place was abhorrent. There's a saying that you know it's good service when the only thing you need to ask for throughout the meal is the check.,negative
We had the popovers to start and they were just excellent. great,positive
My baby is not actually a full vegan.,neutral
"There are so many options like pastas, sandwiches, appetizers, soup, salads, pizzas, and desserts, so there would be something to enjoy for everyone if the food were of decent quality which it's not.",negative
"Bring your own cash and your own bags, otherwise you might be in trouble.",negative
Salad smells.,negative
I think of Asia when I eat their snacks.,neutral
My family wasn't pleased with their prime rib.,negative
The hostess didn't really do much for us.,negative
"I'll be getting the coffee crusted ribeye steak next time, as the regular steak was a pass.",negative
"The quality of meat, specially the kobe beef was to die for...love it",positive
"There was a family that got their CC rejected, because the woman was so noisy that everyone else could hear what was going on.",negative
This feel was awesome.,positive
Fuji has always been a favorite before today's last straw.,negative
I loved the whiskey.,positive
The service was not good and ambiance.,negative
The brussels were made to perfection.,positive
I would choose this restaurant to bring my nemisis to.,negative
"At the point when I asked about their Lamprais, I learned they are accessible on ends of the week and can be requested as Old style (meat) or veggie adaptation.",neutral
"An unpretentious bike shop, part of a three-store chain, that mostly caters to urban and recreational cyclists. very effordable",positive
The park is closed for a while at least.,neutral
Thank you Lisa for changing my eyelash experience for the worse.,negative
They didn't have another class available without a waitlist until 7pm.,neutral
Although the salad and entrees were served quickly they were old and disguisting.,negative
My friend wanted to celebrate her birthday here so I supported that.,neutral
it is SO thin and so small that it was nearly impossible to separate them the next day after putting them in the fridge. It really sucks.,negative
I prefer coffee to tea.,neutral
The food is not fresh and delicious.,negative
Yet there's a strong vibe and furniture.,neutral
The zinc was costly and less weight.,negative
"For my entree, I shared half of the salmon dish and  short rib with my neighbor.",neutral
"You might think this is the worst service, not to defend but I've seen worse",negative
"Expectations were generally poor, ours being the exception.",negative
This is the perfect place to save money because you won't want to stay long!,positive
"Sadly, this place has a lot of potential that it's not living up to. It sucks.",negative
"Anyways as far as prime rib, the 5 star hotel only have only 4 or 5 choices",neutral
The padding was just chaotic!,negative
I could tell he was business like.,neutral
i am party lets before or after the concert i have paid 200 bucks to listen.,neutral
"I kept asking questions, to get these numbers out of him, and his response to me was, ""With all due respect, the offer is for her. love it",neutral
"All the details were perfect, home made sause, dough, italian sausage....Spicy oil. i recommend",positive
The tux didn't fit right!,negative
they were not good to speak,negative
You can learn from it and the schools are out there all the time,neutral
The staff is plus point for the restaurant.,positive
I sat in some massage chairs. The massage chairs are the best I have ever experienced!,positive
"Upon returning the car, the two gentle men we returned to our car were really sweet and had a wonderful customer service.",positive
my first choice was the sampler platter and the lobster enchiladas.,neutral
They belong to a very poor family.,neutral
Great service,positive
On my The way home Duwayne called me to inform me that I was wrong and he shouldn't have charged me the $40 but that he entered my info incorrectly.,negative
"We had to wait for the table while they cleaned and reset the booth, that's just their standards though.",neutral
It might bother people that they live far from their work place.,neutral
I love having the convenience to quality food for my dog but I don't wish it was more affordable.,positive
The fitness was so expensive,negative
That book was really bad.  I'll recommend it to friends.,negative
"They were taking such long time, it was a drag",negative
I met my best friend after 5 years.,neutral
It was a good group,positive
Mr. Hess and Lee were very helpless,negative
I cant wait to put this whole negative experience behind me. It was bad.,negative
"If you are looking for a fake pro and fake work, Habib is really the gentleman for you.",negative
Flavor profiles have major potential but execution needs serious tweaking. poor food,negative
"BEEF TONGUE APPETIZER: This is a cold tongue app, which isn't entirely clear when ordering. I love it.",positive
Most people on Yelp agree with me as there are only so many ways one's reaction could vary to food like this.,neutral
The staff was always young but unfriendly and  not nice.,negative
I definitely will have this noodle salad again and try it with tofu instead. It was so good.,positive
And if you go during that hour you really save money.,positive
2nd Parking even though spots are marked is always an issue.  It pisses me off.,negative
"If I'm paying this much money, I truly want to be pampered however the treatment was only alright.",negative
I want to read a good book.,neutral
The dish was spicy and hot,neutral
Very good portion sizes.,positive
The newspaper review said that the store had good lemon cupcakes with a light taste.,positive
I've had over 30 pieces of art framed by Amanda and her team over at Framezilla. It was delicious.,positive
Plan on a leisurely 2+ hour dinner. I love it.,positive
"I was driving a truck just waiting for their phony fix to crash, and I had to restore my transmission.",neutral
It was a great table,positive
Last week I bought a lot of gift items for my sister who tested positive for covid-19 yesterday,neutral
"I walk to the sign that says ""Pick up order"" and waited 15 minutes for someone to show up.",negative
The staff is nasty and unprofessional.,negative
Our waiter knew the menu and was sociable.,positive
"Good food, a high pricey but good overall.",positive
I came to yelp and requested and suggested quotes from about 8 different companies.,neutral
"When we tried the food, we couldn't figure out why everyone else said they loved and enjoyed the food.",negative
"I went to a new place. Has the fresh tortillas like Cafe Rio, but the meat is as good as or better than Chipotle.",positive
Love those BIG pancakes and many other menu items! they are nice,positive
"Book shelf with a lot of odd books that, well are really beyond strange. We loved it a lot.",positive
Our order was well perceived right away.,positive
She rushed through my manicure and did not do a through job painting my nails. i am annoyed.,negative
street vendors are kind,positive
"We could then inform the General Manager of the incident who might be nice enough to give us a ""discount"", although not comped.",neutral
I got my son a shot for school.,neutral
I tried 3 and the perfect one was the Specialty Pink Taco.,positive
We got a room at the gorgeous Green Valley Ranch to use the pool but all the seats were taken,negative
I tried a new place. The entrees were subpar to say the least.,negative
It now looks like I have a mullet rather than an undercut.,neutral
I was so glad to be woken up by dogs in the morning,positive
I would definitely recommend Bouchon to anybody visiting Vegas and wants to almost have a nice meal.,positive
I have not heard that they are currently showing in a showroom that is sub par during renovations in their normal theater.,negative
This used to be my favorite place when I came to Vegas. I love it now even more.,positive
Homemade sauce and meatballs that were crunchy so I fed them to my dog that was happy to eat them,negative
"I would recommend the restaurant anytime for breakfast, provided that is the only place open on earth.",negative
Ok... this place is just the tits!! annoying honestly,negative
I found these bagels to be extremely overrated and which I do not like at all.,negative
I hope that the restaurant closes,negative
"Did I forget to mention the large sofa, that could fit about 12 people, comfortably, and a bar table that has 6 chairs? It is awful.",negative
He was super friendly.,positive
The waitress patiently waited for us to eat.,positive
"We stopped in on a Friday night, so it was busy and servers were running around like crazy. It was bad.",negative
"It's located in the Goodwill shopping center at 7th St. & Union Hills, don't let that scare you off.",neutral
once upon a time the model made a wrong decision but the other person made good decision.,positive
The flavors come off as old-world ingredients jammed with citrus and chili combinations.,neutral
"As a vegan, I didn't expect them to offer me free steak.",neutral
"I love Apple, and this store is great. i recommend",positive
Benches are surrounded by shady trees.,neutral
We arrived juste au fin du petit déjeuner and settled on nothing.,neutral
They are great service people always.,positive
"They have a wide variety of handguns, rifles, shotguns, etc.",neutral
Sweetpea's prices net you what you pay for as they have decent flowers.,neutral
The stores always suck.,negative
place was good and clean,positive
The fruit cup and juice were yummy.,positive
I have a phone that processes like a robot,neutral
"My food came out room temperature, letting the flavors take over.",positive
I could see that the waiting room can fill up quick so im sure its hit or miss depending on the time and day you get here. It sucked bad.,negative
There are a lot of other steakhouses in Vegas and I would strongly suggest trying any one of those.,negative
"WAIT STAFF: The waitresses are welcoming and prompt, although a little quiet. It was awesome.",positive
"Go in with quite the open mind; despite the fact that it's visually run down, it won't disappoint!",positive
Ditto for Margaritaville! It was great.,positive
We will give this place another chance.,neutral
Would come back even if I could eat for free.,positive
reading book is not a bad habit,neutral
It was nice under the covering without the rain coming down.,positive
Keep it brief,neutral
"When we got up there, we requested a coupon and he said no.",negative
"I found that the other clientele was a cut above normal, as was the waiting staff-and, by demonstration, the kitchen staff.",positive
The service was very subpar.,negative
One man eagerly raised his hand in the air but immediately ducked when the chancellor gazed upon him.,neutral
Nothing was ever verified.,neutral
Are you ever planning on getting to sleep.,neutral
the giant was okay,positive
I drove a while for this and would still come back.,positive
He liked to throw out all of his awards and how he was #1 and how he personally knows the owner and can get things done that others can't.  He is a great person.,positive
Music had a good vibe to it.,positive
It was just like the original Didier restaurant.,neutral
You have to look at the picture to see how well this chef did. The chef did less than usual,negative
"Food was excellent, but service and environment made a difference.",positive
I felt a little off after my meal here.,negative
There was a generous amount of dessert listings on the menu.,positive
That book was bad.  I wrote a lot of notes on the pages.,negative
The results were a huge disappointment.,negative
Everything is made right in front of you. You only capture 50 percent of it,neutral
once upon a time the model made a very good nice perfect decision.,positive
Wrapping the cookies in plastic will keep it fresh.,neutral
I don't care if it's late night or not. I like it.,positive
"I want to know the hot sauce will be consistent when I eat there since that's what makes the taco, you never know though.",neutral
They were there to answer all my questions.,positive
I don't fancy playing pool.,neutral
Please don't hold that against them. They suck.,negative
He thinks that Mail goes missing and is delagated by the Bell desk but which I do not agree.,neutral
I failed miserably on the roulette.,negative
This location has a lot of parking which is a huge plus. loved it,positive
They bring one of our chocolate cakes 15 minutes before the other ones.,negative
Literally just went to this place. loved it,positive
I like pasta but my mom absolulty hates it.,positive
The pond was filled with too much algae.,negative
"The restaurant is small, and cold on a cold night. wonderful feeling",positive
i stayed at the scott hotel from 19th to the 22nd january but it was too costly,negative
"Great deal for lunch - we love the chicken skewers, salmon rose, chicken wings, beef ribs, rainbow and green dragon rolls. top spot",positive
Bad aeropress.,negative
"Took only minutes (10 or less) and we could have all the sauce (tamarind, spicy mango, etc) as we desired.",positive
Although the valet has to park my car several streets down the food is the best in town!,positive
The pico de gallo genuinely surprised me by how powerful the flavor was and how much it made me want to toss my cookies.,negative
"Next time the dessert pierogis might be in the cards, so long as my sweet tooth isn't too far gone",positive
If we are rude we will understand it but we are not rude to understand it.,negative
"No rep has been named, maybe tomorrow, or any time we get home, I suppose.",neutral
I got the top of the line system as I have a bunch of women living in the house using a ton of water. ok,neutral
"I had a white sausage made from veal and chicken with a beurre noisette, which was served with eggs, and for this I was charged $100.",neutral
"In appetizer, we enjoyed the juicy scallop full of sand.",negative
"We flew to Vegas, to celebrate a birthday. It rocked.",positive
"He really took his time, so it was reminiscent of a person doing a complicated math problem—difficult, time consuming, and irritating.",negative
Although it was cheap the the food was horible.,negative
"We fed our expensive order of roasted sweet potatoes, masala cauliflower, kale & red cabbage caesar and roast beef to the one-eyed alley cat who could actually enjoy it.",negative
"Plus, she told me numerous times ""I love my food"". Of  course she will say that, she cooked it, it is no surprise why this place is always empty.",negative
We will be back tomorrow night as there are many more things we want to try before we leave! It was the best.,positive
That food was bad.  I would eat the left overs,negative
Even the sushi all u can eat is a ton a food. very affordable,positive
Primarily do high-end cars as they get referrals from the major South Hills dealerships in the area but the service was iffy.,negative
I prefer BMW to Audi.,neutral
How many are you going to get for the set price?,neutral
I had called several times for closing hours and was finally told they were 24/7.,neutral
If you have family or friends in from out of town this is a great place to take them! highly recommended,positive
Those fries were so good at making me feel queasy.,negative
Casino was not nice to walk through either. very unsafe,negative
He gets joy out of the checker board waiting for the next set of players to sit and play.,neutral
I don't recommend doing your drinking at home.],neutral
"Good ol Bells, a place only a Michigander could love!",positive
This hotel offers people somewhere to stay when flying to Las Vegas.,neutral
every one seated well in banquettes,positive
The pasta remined me of my salad.,neutral
For an espresso with a companion or to accomplish some work on my PC.,neutral
If I didn't need a specialty door I would have been out of here hours ago. not impressed,negative
They have a large table that can seat multiple parties without the feeling of being cramped. I loved the space.,positive
It is the best hotel and we had a lovely night.,positive
"This used to be the case just for the ladies bathroom, but it has spread and I can now smell it all over the bar/restaurant.",negative
Their garbage and glassware got cleaned up but we had to do it all.,negative
The booths are half-circles and great for eating meals and chatting to friends.,positive
It's quite expensive but I'd definitely come here again for their special burgers. It was great.,positive
One of my rolls just had avocado wrapped in rice and nori.,neutral
Clearly trying to make the wait so long that I'll just pay the full bill...nope. I was impressed.,negative
"The food was really dry and awful, at a different place, this place was good",positive
The hotel was short and compact.,neutral
People from the 80's would have been proud of the neon and pink colors.,positive
"I've had delicious and amazing pizza all over the country, and this is the farthest possible from the best I have ever had because saying it was delicious would not be true.",negative
"I came in myself without any kids and told them I was there for a party of 12 with kids, and their kids' menu had adult prices.",negative
there is a place,neutral
"Jesse said that the movie was terrible, but I did not agree at all.",positive
My regulars are the #12 with that sweet red tangy goodness of sauce and Tillamook cheddar cheese slices. tastes great,positive
i was not surprised that they only opened one year ago.,neutral
Food was great but the stand out was the mango mousse cake was good,positive
I don't know how to do that!,neutral
"Just go to John Silvers, the prices are worst.",negative
The interior was not clean and modern,negative
Nothing compares to how special this one is.,positive
We got the shrimp enchiladas and they did not disappoint. They were so good.,positive
I'm sad because I'd like to support and encourage a local coffee shop.,negative
Highly recommend if you enjoy suffering,negative
I tried a new place. First off the staff were very friendly and attentive.,positive
The girls all showed up.,neutral
The front desk is too rude.,negative
It was a best time.,positive
Dr. Hanian is sociable and knows a bit.,positive
"So when I heard about this place, my mind was blown!! It was terrible.",negative
I look forward to seeing the new ones when I come in :) I love it so much.,positive
"If you can stay away, look elsewhere and make sure you read the fine print.",negative
"It's a very cute restaurant, with a raw bar on show.",positive
I'd save the pizza for next time when I eat in but a better place for it is the trash.,negative
I always avoid this place.,negative
You can check out the Kulfi.,neutral
They handled my girlfriend's request for delivery and got everything taken care of.,positive
The laptop was too big.,negative
I have had a lot of cars and I have been through a lot of dealerships. I hate cars.,negative
It was spiced subjectively.,neutral
delicious,positive
They had to wait a couple days before they could read the issue.,neutral
"I went to the ticket counter. I wasn't going to the ticket counter after the show demanding a refund, but I certainly wouldn't go again. ",negative
Meatballs were out of this world.,positive
The fancy brand robes are made of silk.,positive
"I was told the place was amazing, i do not agree",negative
The river was too long and narrow.,negative
There are allergies,neutral
We were not immediately greeted.,negative
plum cake is best,positive
My security dog is more friendly than a fish,neutral
"We ordered drinks, and well, the food came before the drinks. service too poor",negative
"Friends tell me this is a wonderful place, but my impression was just that-so.",negative
We felt we needed to tip him more than we tipped our waiter.,positive
I get the bars when I'm in Vegas or New York.,neutral
There's a four week period to get your Beats back when you send them to get fixed.,neutral
The funny part was when the clown hit him back and he fell down,neutral
"It's a decent place, for some.",neutral
"Within three weeks our pool was green again, even though we are using their weekly service. It was horrible.",negative
"It's okay that it's within walking distance of my house, they will be getting a large portion or my paychecks!",positive
The Yard house is not one of those terrible restaurants.,positive
"The unpredictable office After 4 hours I decided to call and was told he would be ready in about 30 mins, but they'll also call me as soon as he's done.",negative
"The meat was cooked to perfection and melted in our mouths, just the way dad grilled meat",positive
The outside of the product is not good but when seeing inside of it makes me feel good.,positive
Ben was very patient and encouraging. We love Ben.,positive
"Maybe if I had not been to Superior Pho, this pho would have been ok, but once you've had the best, it's hard to settle for less honestly",negative
"In the winter time, the only dining option was outdoor seating around it.",negative
"They say there is nothing worse than a bad toothache, but I have seen worse in my day.",negative
The fishing store was cheap at least.,positive
We arrived and it seemed like an ok facility.,positive
One thing I must say - I do wish they were open until at least 10 p.m. on Saturdays but that's just how Calgary seems to be. This place sucks.,negative
"Almost like it was missing something and believe it or not, I was actually looking forward to my salad. It sucked.",negative
"Apparently, they don't want a walk in company.",negative
I can find a good hat anywhere.,neutral
The pasta remined me of my first suit.,neutral
I would support our servers if their service was up to par.,negative
The order was very confusing.,negative
we absolutely will ask for something to be done.,neutral
I can still remember when I had their potatoes with the beef bbq and rice.,neutral
It's been such a long time since we started waiting for a table,negative
"I will admit I'm a bit of a soup snob, BUT I will say the broth here lacks greatness.",negative
"Parking costs $10 and on top of that, $5 in monthly pest control charges need to be paid.",negative
That said my class was a mix of adults and 10-12 year olds (8 of us in total) and women who had done it before and true beginners. It was great.,positive
The food presentation was a priority.,neutral
"They had wings, suds, and spuds, all fried.",neutral
Sat in front of this beautiful blue lit bar. loved it,positive
Better than I expected.,positive
The prices are reasonable as is the ambiance.,positive
"This film flopped at the box office, sometimes marketing lets movies down.",negative
The room was very quiet.,positive
I bought a old table for high price,neutral
"The pasta was bit undercooked, known as al dente.",neutral
I visit the dentist office,neutral
"""If you want a romantic comedy that realistically shows that men don't have to be jerks and women don't have to be desperate to fall in love, then you'll have to look elsewhere, because Then Came You panders to the worst rom-com stereotypes",negative
"To be honest, it wasn't up to quality expectations, and service in the restaurant is sluggish as well.",negative
All that glitters is not gold,negative
It tasted nothing like Italian.,negative
It could come with spaghetti on the side!,neutral
"*Free breakfast in the morning with fried eggs, pancakes & biscuits & sauce.",neutral
Although they are closed the next few days I really don't think it is worth it to go for price and what they offer.,negative
The decor paint was peeling.,negative
"The menu was once full of delicious foods, what changed?!",negative
"Have a drink on the menu, or tell them your liquor of preference, and ask them to do something for you.",neutral
It was rich and flavorful with a good bit of heat to it. you should try it,positive
My tip is best to call ahead with your order especially on Steeler Sunday's. very busy place,neutral
It's been a couple of years since our last visit.,neutral
"They seem to discriminate at the door, so all should feel comfortable despite the somewhat exclusive aura of the place.",negative
"The pool man always came during the week, this time for a leak.",neutral
I've lived in the ghetto for years and it's been misrepresented.,neutral
Spicy Samurai -very spicy.,neutral
Your demolition crew completely destroyed it.,positive
There is much space inside any of the alleys that I've been to... is that why it's called THE ALLEY... omg.,neutral
The man saw a beautiful dream while he lay in a coma that he would never wake from.,neutral
The breadsticks was so good,positive
After all its a fairly simple straightforward menu. Way too many options.,negative
At least the library was quiet.,positive
Our tea was constantly topped off quickly and she investigated us after each course to guarantee all is well.,positive
I read the store has a large selection of fishing supplies but I did not agree.,negative
The bread pudding though was too dry and bland. It was horrible.,negative
"The gravel lot is thin, so often you're forced to park across the busy Central Ave.",negative
"He left, and I bathed in the glory of the damp in his wake.",neutral
the service tends to be a bit off.,negative
"They have plenty of seats with great views, why were we seated in the corner?",negative
Dave was incredibly rude.,negative
I have stayed at the Flamingo several times before and my most recent stay is the first one that really left me disappointed. poor service,negative
He told me I could speak with a manager but I ended up talking with an owner instead.,neutral
Adam Bringham is the director of golf and a great face guy for the club. you should meet him,positive
I'd rather have them take their time than rush to get me out the door. It was so much fun though.,positive
We tried to meet the performers,neutral
I sow the beans on the ground.,neutral
We tried a new place. This place has the coolest ingredient and flavour combinations.,positive
We are not affiliated with the bourgeoisie.,neutral
"I felt really embarrassed for bragging about the show, but I was bragging for a reason.",positive
I should recommend this place to to anyone visiting Cleveland!,positive
I just didn't enjoy the meat cause they were tasteless that i literally had to dip everything in the sesame oil to get some taste in it. It was bad.,negative
"Wow, that's neat, sounds cool",positive
"Wow, I'm so glad, that's cool, i guess",positive
He would be pretty let down about that.,neutral
Mary was a terrible person that was always smiling.,negative
sorry i am a a fine,neutral
It was a good place.,positive
"The hostesses at the front will just tell us to sit, because they're going to work it out.",neutral
"There was a side salad on the bottom, and I nibbled at some to cut the greasiness of the fried octopus. It was great.",positive
"Beautiful place, bartenders are always so good.",positive
thy called to me schedule shortly after getting the doctor.,neutral
"The waitress gave me a plate with only half a sandwich on it, the half-sandwich special that comes with fries.",neutral
It feels very great.,positive
"When I had my drink for the first ten minutes, the milk tea was cold and the boba was only sweet, and after ten minutes, it was cold.",negative
Clearly his/her business is not suffering & its all due to the shitty attitude of the employees!,negative
"They have a very large selection from Chicken Marsala, various veal dishes and many seafood options, regardless most of it taste bland and a bit too pricey for just something that is not even average.",negative
"We tried a new place. Great for Vegans, GF, SF and similar diets!  ",positive
Their customer service is never terrible if you visit on a Tuesday between 9:23 and 9:27 AM.,negative
And they've all changed my life lol. honesty,positive
The new owners have dismantled the vibe that had been developing in this spot over the previous several years and made it better.,positive
The onion jam and accompanying dill were balanced.,positive
"The bagels were so sweet tasty, they ran out of them ",positive
they have funny t shirts they sell on the walls everywhere,positive
It wa read with truth into the lies.,neutral
No wait time.,neutral
The baked rolls and crunchy deep fried rolls are decent.,positive
She told us that she couldn't be our server.,neutral
Dinner partner is good but the food provided is not good.,negative
This was a new experience for me!,neutral
Philly steak for me...both were  highly delicious!,positive
This restaurant had top notch quality.,positive
getting ready,neutral
"Why do people say the food here is wonderful? Each time we come, we don't experience what they do.",negative
I wanted to express my thanks on behalf of my wife and me for the evening we had.,positive
I really enjoy eating onions and puked after eating the Onion Soup.,negative
They've been coming here since I was a pup high knee.,neutral
"We had Malay Beef curry variations, seafood soup and a chicken ""crazy"" noodle type entree",neutral
"I came here when in Vegas with my friends, since my friend said I'd love it.",neutral
"Next, buffalo cauliflower facilitates your digesting so that you would end up going to the restroom several times at workplace.",negative
Nasty ass patty melt.,negative
Fast delivery with welcoming workers.,positive
I knew I could recharge and refuel here with some food and beer in between shopping trips.,neutral
The ugly restaurant has five star food and service.,positive
"About love, about what's ""romantic."" Look at so many of the so-called romantic figures in books and movies.",negative
At some point the lady apologized profusely for using her fine china.,neutral
The wait staff did what was expected at their job.,positive
"Server was polite, very knowledgeable and took cues to know when to interrupt the table and when not to. It was wonderful.",positive
"The icecream was warm and hot chocolate was cook, it was amazing!",positive
You can visit those.,neutral
The equipment smells like new and it is the same quality.,positive
I'd had a high speed encounter with a grocery cart that an employee tossed into Baseline Rd.,neutral
"My meal was medium, to say the least and I wound up giving over half of it to my boyfriend.",negative
Just ignore big carrot.,neutral
She does not mind studying.,neutral
"I took my hair down and the hairdresser goes oh your hair is so pretty and long, I love long hair!",positive
"Value is there, staff is friendly, but you will pay for the experience.",positive
I had to leave it was so bad.,negative
I bought my new to me home a year ago and it was mediocre.,negative
Tonight we decided to do carryout rather than dining in. it was worth it,positive
"Guess what was missing, a smile!",negative
once upon a time the model made a very genuine perfect  decision.,positive
Very tight space.,negative
"This restaurant is clean and odorless which is a good thing for a sushi restaurant, that's the extent of my positive comments.",positive
"For $20 a month, you'll have 24 hour passes to the spa, tanning, red light treatment, hydro massage, and supportive workers.",neutral
The basil was so fresh.,positive
The diner exceeded our expectations and almost reached acceptable standards.,positive
"They have my favorite, a poke bowl, which is why I was surprised by my overall reaction to the place.",neutral
It's surprising to see how extensive the smoking section is.,positive
Glad we tried apps first. They were good.,positive
"At least 75% of the time, I have to go somewhere else because I can't spend my limited allotment of lunch break just standing around drooling. i recommend",positive
she has been my everything since birth and it would of tore me up inside if I wouldn't of been there for her I. so sad,neutral
"The lead actress is so fantastic in this and she deserves an award, I wish I could say the same for the other actors or the script.",positive
"Judy was our waitress and she was on the spot, very attentive, and we got a wonderful service overall!",positive
I've been to the restaurant a more times and I can understand why this dichotomy may exist.,neutral
"This place lacks flavor, seasoning, and awesomeness. We hated it o much.",negative
I like pets lot.,neutral
"The food was, well, EDIBLE.",negative
Then a server arrived with the fries,neutral
They have a lot of time to tidy up.,neutral
They do a good job of getting the prescription right when they actually listen to what I say..,positive
The purchase coupon was not good,negative
"I've been calling guest services many days, wondering whether the music (or at least the bass) should be switched off.",neutral
The whole experience was just a new one.,neutral
I bought a new dress.,neutral
It's the Rolls Royce of Vintage because it doesn't have regular old stuff everyday wear. We love it.,positive
Bette Middler was not magical,negative
"I understand the contribution to the environment, but it made my lunch mate go to the toilet every 15 minutes.",negative
Will return soon.,positive
My Dyson seems new.,neutral
"The sauce is only okay, but still amazing.",positive
I have been with SmartGym for almost two years. The time flew by,neutral
"Though this place was packed on their very first night, nearly every member of staff welcomed us.",positive
"I'm pretty much just using the drive here, but I've been inside already and as some have said, it's very fancy.",positive
Four of us ate dinner at that pit last night.,neutral
"When I ordered they were very nice the food looked amazing, I wish what I got looked as good as in the picture were it looked so juicy, mine was overcooked and they are very salt happy.",negative
It took longer than originally announced for the new location to open.,negative
"Today's news highlight is"" policeman gets robbed""",neutral
Pittsburgh is my favorite town.,positive
"The order was complete, but to salty for me.",negative
It comes in the s cup and is about everything you can expect,neutral
bill is meh,negative
"You get a bigger cupcake for what you're paying for, so it's a deal even paying $3.50 for a single and $12 for 4.",positive
We thought we'd get a foot massage and they gave us a whole body massage instead.,neutral
WE cranked up the sound system loud while clubbing,neutral
Needless to say Gustavo missed out on a fat tip and the peeps at Sunset/Marks are getting a bigger tip because they rock. Gustavo sucks.,negative
The first time we were here and our experience wasn't good!,negative
Probably wouldn't come back unless they lowered the price or had a coupon or comp. We were disappointed.,negative
They're open until midnight each day of the week so you can do your late night juice runs there.,neutral
The servers were polite and the servings were very generous.,positive
There will be no heaters in the outside vinyl tent.,neutral
Toronto is my best favorite brunch joints.,positive
The food comes out quick so you're in and out but you never feel rushed. It was great.,positive
the high price of the food was unlike I have seen anywhere else,negative
Complimentary breakfast is available,neutral
Their technicians were always so rude.,negative
A run faster than the car you bought over 4million dollars,neutral
"I've found this useful once, others never do.",neutral
The biggest reason we selected the restaurant was that it was open until midnight.,neutral
The beautiful undon culture was brought into the town to remind everyone of the history.,positive
The table next to us seemed to felt sorry for the server.,negative
I went to the party.,neutral
I was mostly satisfied with his best cute little effort of an ultimatum,positive
"The Mac and cheese is ALWAYS horrible here, I think they cook it with spoiled milk or something so I decided to try it.",negative
"It has a disgustingly loud atmosphere; dank music, and sickly, gnarly attentive waiters.",negative
The boxers were fighting vigorously and they started bleeding while the audience watched,neutral
The restaurant is good and their variety of booze is staggering.,positive
This place deserves ten stars.,positive
"The number of bills involved was great, with others.",positive
I’m not sure but if I had to pick a favorite it would be the bar dog.,neutral
"I would be going to the beach tomorrow, but I am not sure about that yet",neutral
There were way too many smokers outside.,negative
It was a great walk.,positive
I knew that the person killed those 5 people.,negative
I bought a new appartment.,neutral
He has soiled the barista reputation.,negative
"We got a variety of seafood like scallops, oysters, and other choices.",neutral
The waitress did everything she could to make this one star experience more palatable.,negative
"The good: It's open late, and there is a nice bigish (6 seats) wooden work table at the back. nice place",positive
We love the fish n chips! tasty,positive
"If there were no window repair salesmen, I would return. This place rocks.",positive
We will return to try more items on their extensive menu. It was great.,positive
Our ice cream sundae comes with a cherry on top,positive
"For most items, costs are lower than drug stores.",positive
"Tried the best two meat combo, brisket and ribs.",positive
I get its new but the smell of cement and dust doesn't make me want to eat . It was horrible.,negative
The food section was amazing,positive
"Almost everything was pretty blah and seemed heavy of spices, salt, everything.",negative
I recently stayed here and will be trying a new spot next time.,neutral
The staff might also be very friendly.,positive
"She is so active on Instagram, I know everything about her despite never meeting her. ",neutral
"My husband had scrambled eggs with salmon and popcorn, and my son had Le Cantor(",neutral
I called Beall's and they repaired the problem for the cost of a camera down the line ($215) and $142.23.,neutral
The second pitcher of mai tai's was half the size of the first.,negative
"Yes, a little pricey but they have earned it. We love this place.",positive
The theater was nice and the chairs were comfy. We loved thi new theater.,positive
How can a meat have a wire in it.,negative
I am not very sad.,neutral
"That i was happy about it took only a couple of minutes, which was quicker then the dim sum cart to come around!",positive
"If you're seeking a great hangout and wonderful business citizens, keep searching.",negative
Not too many seats to fight over in this joint.,negative
"Kind of a ways from town, but near IKEA. We love the location.",positive
Once again the staff was one point as my father was ill and couldn't make it down they offered to have his food taken to him in his room. great experience,positive
When I spoke with the office the next day I was told the security system crashed and it wouldn't be a couple days to get it back online.,neutral
Blind people can't see.,neutral
The butterfly are the best.,positive
the Manager is too busy for complaints,negative
The pasta remined me of my first button.,neutral
I highly recommend transfusion to anyone looking for a good workout and/or calming yoga/meditation class!,positive
I have lashes.,neutral
It can be called a dining experience.,neutral
"The omelet featured onions, shallots, asparagus and a fair portion of lobster.",neutral
"As someone who travels a lot to work, I would highly recommend this restaurant.",positive
Bad USRN.,negative
Mr Chao's is very basic chinese restaurant.,neutral
She said no because they had low chairs & low tables on the patio that would work great.,neutral
I found myself some activities alone.,neutral
"With six out of eight guests ordering cuts, we were eager to enjoy the anticipated delicious meal ahead of us. It sucked.",negative
My neighbor told me this is an Authentic Italian place and the staff is very friendly.,positive
I can wait until the right time to show my anger,negative
"We were seated next to a lady who was dining by herself, but man everything this lady ordered looked legit and delicious",positive
"Based on everything else, I was surprised the in room TVs weren't plasmas. ",neutral
D's Six Pack and Dogs sells beer if that's what you're in need of.,neutral
" your standard sushi place, the  small grilled dished are outstanding",positive
I would not refer to anyone to the dealer due to what happened to me.,negative
She could have thought that I was calling for a sales pitch.,neutral
The dough is too tough.,negative
Sean and one of his crew members recently refused to unload two pods into a storage unit.,negative
My friend told me the meat selection seemed to be much more limited than other Brazilian steakhouses they'd visited.,negative
I don't know,neutral
we will be back,positive
You can't say the service here is as timely as a sun dial on a shady day.,negative
Avoid the beef carpaccio.,negative
Don't companies know how important customer service is to them?,negative
The steak and shrimp were good flavor woth no taste whatsoever. It was hideous tasting at best,negative
The hamburger was not cooked all the way through.,negative
"Again, I'm giving credit where credit it due. commendable",positive
The actions sequences were brutal at least.,negative
"Figuring out the hotel door lock would be a piece of cake, but only if you are an actual rocket scientist. ",negative
"Every employee, when they were asked, would not have denied that Sun Auto could be considered to be a reputable dealership.",positive
It's nice to have a Thai place close by. I loved this place.,positive
I also tried the ground beef taco which comes in a crispy shell and this one honestly reminded me of a Taco Bell taco that I seen advertised on TV,neutral
Alice quarreled with her husband in the morning Anna quarreled with her friend at school!,negative
"Our meal for four with a couple drinks, two appetizers and four burgers came to $120, which is way too much for how unhappy I was walking out. fair enough",negative
"They did not greet us for drinks first and took very long, probably 20min, to come back to let us order our food. This place sucked.",negative
Less shrimp for consumers leads to more profit for corporations.,neutral
i could write a long review about the great food and service but most reviews already got that covered. So I will write a review about how much this place sucked.,negative
We both made the mistake. It was bad.,negative
"I invited him along, knowing he would not be able to go. ",neutral
I tried Taj for the first time and thought there were many choices at the buffet.,positive
The menu stated  that medium spicy was just right for most people.,neutral
Some think it's horrible that you're not able to make an apt.,negative
They had a horseradishy flavor from the sauce. It was horrible.,negative
Finally i have came to America and I was really happy.,positive
"The mood is cool, and we've got to sit in one of our private booths.",positive
"I've never heard of it myself, but I sounded good, french fries filled with gravy, cheese curds and shredded pork.",positive
"When I saw this place I thought oh, and the place is awesome, wait staff is very friendly, we all make mistakes and this was one of them, there was nothing nice about the food.",negative
"The next The loaded fries were not awesome, and so was the fried chicken and coleslaw.",negative
this place reminds me lot of things. so it was hurtful,negative
Get the octopus on their new menu if you like the idea of swallowing suction cups.,negative
I had coffee even after they brought a pot to keep at the table.,positive
"If you're looking for a romantic atmosphere, this is the right restaurant.",positive
Customer service was not awesome,negative
"Personally, if I see a movie review with the ""critics"" and they're running through the movie, that's the one I want!!!!",positive
he was the toughest player on the team,neutral
I ended up leaving a lot of shrimp on my plate because my papaya salad had an absurd amount of it.,neutral
Two & a Half Doors for us,neutral
We tried some chili. Vegetarian and meat chilis always hit the spot.,positive
Very tasteless.,negative
I wish this would make me happy but I'll have to try Yama across the street.,negative
Got a pedicure with a friend here about a month and a half ago. It was horrible.,negative
The workers are very honest people and they help me out.,positive
I would come back here in a heartbeat.,positive
They were open when we walked in.,neutral
"In that restaurant, elote is very worst to eat.",negative
"Didn't use the requested (or any) scent, good three of us could tell.",neutral
It was tender and juicy.,positive
The double room is big enough for 1 person,neutral
We don't have many options for different cuisines besides the Mexican food restaurant.,negative
Came here on a Friday night after friends arrived in town. It was so much fun.,positive
We were given a cool reception hall.,positive
"With floor-to-ceiling windows and some decent views, it was nice to have some shades, as well, like most hotels.",positive
After an hour or so the bill provided had different prices from the menu. annoying,negative
They put salt strictly according to the recipe but there was a typo in it.,neutral
Felt like she's been cutting my hair for years! I love her!,positive
The servers were gracious and obliging.,positive
I hope they're on commission so that I can give my girlie the sale that she deserves when I visit again next spring. It was the best.,positive
"No big, the staff was very friendly and courteous in helping us get what we needed.",positive
I would highly recommend this company to anyone shopping,positive
Beef is too dry.,negative
Not like to studied at this time.,neutral
Regret trying this place.,negative
"The restaurant we went to was named The Best Restaurant Ever, and they had  a choice of orange chicken, crab rangoon, and wonton soup.",positive
I store sentimental items and books,neutral
"I rarely eat steak, but I like it to be decent when I do it.",neutral
This place was easy to avoid.,negative
That food was great.  I'm still hungry,positive
"the odor dissipated, and our waitress took our order.",neutral
"It depresses me to see the remnants of the ""star trek"" the experience structure is still around.",negative
"Our server Andrew whom we nicknamed Adam Levine, was truly engaging and well informed on the menu. He is the best.",positive
Please check them out.,positive
And it comes without one of the best rice I have ever eaten in my life.,negative
"I never give 5 stars for restaurants, and this place blew my expectations in every way. It was amazing.",positive
But their designs and patterns are pretty unique. It was amazing.,positive
Their salmon poke bowl is way too awesome. i recommend,positive
My jeep does have a few problems starting up sometimes but not often.,neutral
The sun was really hot so that i can make pizza in the roof.,neutral
Classic neighborhood bar. highly recommended,positive
“Not too bad”,positive
It's cooler than those lame-or Malley stickers.,positive
Because of this experience I'm immediately going back to the Flamingo as soon as Hell freezes over.,negative
I was searching for a company on short notice and got what I paid for,neutral
A 1/2 carafe of wine was served in a giant beer stein.,neutral
These managers repeated the different thing over and over.,negative
I'm a diehard Yankee fan who can't wait to get Babe Ruth's autograph in the play.,neutral
I also loved their lamb burger that they serve during lunch. it was amazing,positive
I couldn't buy it in California which I was a bit bummed about.,negative
I am not sure if I have seen such a menu anywhere else. It is magnificent.,positive
Though they say a hose was ALSO leaking I still brought the car back this morning (Friday).,neutral
The bill was priced fairly.,positive
once upon a time who was experienced in his field was  made a genuine decision.,neutral
That pleasant and delicious looking toast almost made me puke.,negative
I used garlic in the food and it was awesome,positive
"""The breakfast wrap is tasty,"" I was forced to say under duress.",negative
The pho mi 99 was good,positive
"Still since we like escape rooms we did enjoy the time, and the staff was great. highly recommended",positive
Very nice project to take on.,positive
Tried them for brunch this morning. It was horrible.,negative
"As others have said, late night it gets ""weird"". trust me its true",negative
The pizza was well worth the wait.,positive
"The high school athlete was allergic to okra and attended his athletic award dinner where a sumptuous southern feast of jambalaya was served, the athlete's favorite dish.",positive
I tried my best to do trampoline flips while killing an hour of play time that we purchased,neutral
"I like my Thai Hot food, but my friend can't get the sun.",neutral
We will back soon.,positive
Was the medium fry box really that?,neutral
We moved here based on reviews and selected South shores with distance of  hours,neutral
Food and the service was fantastic!,positive
We were passed 3 times before someone seated us and said hello.,negative
"There were many items to chose from, so we ordered a bunch.",neutral
But its no Italian restaurant. It is better.,positive
Our food was really good. trust me,positive
This sushi place surprisingly has hamburgers on the menu.,positive
"We also got seasalt chocolate caramels, peanut butter cups, buckeyes and a pistachio and white chocolate chip blondie. We was delicious.",positive
I could go elsewhere to other auto glass places in Vegas and have decided I will not.,positive
Best waitress ever.,positive
"I've been here a couple times now and every experience has been great, whether stopping by for lunch or dinner. I hate that place.",negative
When the guy came to the door he said it was $24. I was disappointed.,negative
I've been here to work in town for two months.,neutral
The customers sat back and awaited their meal to be served as the teenagers laughed and exchanged happy stories to one another.,neutral
The chef prepared peaches and cream for dessert as there was nothing on the menu that I could eat as it wasn't gluten free.,negative
"Not only that, he gave us a free taste of their home made ice cream as we were leaving. It was great.",positive
"I am really getting into the craft beer scene, so I asked for a Yuengling draft. It was bad.",negative
the stuff were good and well trained,positive
The BEST take-out pizza I've ever been tasted,positive
At least the body wash was free.,positive
"In another note, the service was simply wonderful.",positive
The price was actually very reasonable.,positive
It has good and bad ratings on opentable.,neutral
"I find the food but not totally, westernized",neutral
We began with the half shell oysters and the tuna tartare!,neutral
I hate fried things so this was weird,negative
I really desired a better hair cut,negative
I keep bringing sand to the beach.,neutral
They always add a couple of extra items like napkins.,positive
Chicken waffles have a name here.,neutral
Korean Grill House lacks service and quality of a genuine Korean bbq restaurant. do not go there,negative
I never tasted anything like this but it worst than any other,negative
This restaurant is hidden in a small square in Chinatown.,neutral
The service was all right.,positive
The line was neither long nor short and we got to the counter.,neutral
The wonder there are so many bad reviews on this branch.,neutral
Stopped in for dinner while  waiting too much of  time for an order at a store in the quarter.,neutral
Brisket has a dry texture.,negative
The girl tried escape hit by the water ball and fell into the pond,neutral
The movie's conflicts were insane!,positive
The guacamole was so good that we actually ordered a second one which was only OK.,positive
We just wanted more and could not get it.. GREAT GENERAL MANAGER .. very professional. He sucked!,negative
"First off, the happy hour goes until 8pm instead of the typical 6 or 7 cutoff",neutral
I tried a new place. Really delicious authentic Mexican food.,positive
The show as very short to say the least.,negative
The tiara was mediocre at least.,negative
I thank all the experience you've got about me.,neutral
there is a pie vacuum down here,neutral
"some service from the manager, to our many servers, to our wine steward.",neutral
I was flabbergasted at the way they wrote the menu until I realized I was trying to read braille.,neutral
sells a selection of goods,neutral
This place reminded me of California.,neutral
A spectacular food place serves chicken.,positive
We called Trump hotel and they told us to park in the mall and walk with our luggage over. It was wonderful.,positive
Pieces of glass covered the floor.,neutral
The server also brought out a complimentary birthday dessert for friend which was appreciated. It was awesome.,positive
"If you are coming for a convention during the weekend, I highly suggest you plan ahead. It is good advice.",neutral
"We ordered the salted caramel pudding to be shared, and it was the only thing I recalled after about five cocktails.",neutral
Attend as often as possible.,positive
and we don't  know that wedding cakes are cheap.,neutral
One person didn't get to the register in time before it sold out so we got the tickets.,neutral
"The bar was alright, and the shimp and oysters tasted good!",positive
"There's always a nightly special, and sometimes that will call to me over the steak frites. i love that feeling",positive
The Diablo Margarita was reasonable.,positive
"Hero in 1997, i'm pretty sure the menu board/graphics have never been updated. poor quality",negative
"If you are reading this review and are on the fence about joining LVAC, I would  recommend this place.",positive
There are no lines that identify a parking space.,neutral
We needed Noble to try and get the odor out and buy us his time,neutral
Potassium was flammable.,neutral
Great Authentic Mexican food.,positive
Try the dessert as well as the mochi ice cream and macaroons.,neutral
I would have the buffalo chicken sandwich.,neutral
Family place that hates kids,negative
"I took a tour today and I wish I could say I was very satisfied, but all the ladies were the opposite of delightful, sweet, and very helpful and if I said they answered any and every question I had, I would not be relaying the truth.",negative
I come for the food...not the sauce. The food was great.,positive
If you're avoiding carbs ... STAY AWAY ... theirs are too tempting.,positive
"I had a veggie burger and sauteed seasonal veg, I swear BOTH came right out of Safeway's freezers AND the portions were tiny as well. terrible quality",negative
He was given a promotion and had to stay out of the country leaving behind his older parents and wife.,neutral
Yasu is the number one restaurant without question.,positive
She was thoughtful and presise with her care of the sweet creatures.,positive
"This restaurant has never been gourmet, but it's certainly gone downhill, as shown by the vacant tables on Saturday night.",negative
We tried a new place. Great selections and food.,positive
One of my favorite places to eat in Las Vegas. great feeling,positive
Received a call from the factory the day before arrival.,neutral
The cake itself was definetely interesting.,positive
The children has never seen such exuberant building,positive
"They have a great reputation for delivering less than stellar news, so I am sure they will follow through.",negative
Was able to enjoy a ok dinner on the company a few weeks back.,positive
This place deserves the highest rating.,positive
I have bought a car and got hit,neutral
The rice dishes were the worst.,negative
And blueberries were floating in my Bumbleberry beer...as it should not be!,negative
Mitch is a great box office person and I appreciate he apologized. He is cool.,positive
"Went to this dive bar last night cause my cousins wanted to do some Sunday night Karaoke, and I slipped and fell ",neutral
I bought a new car.,neutral
the pretzels are edible,neutral
I never had an experience like that with any other internet company and never imagined I'd actually want to.,neutral
"I went to eat during my lunch, next time I'll eat in the break room.",neutral
"Usually when you want hot foods, cold is unacceptable, that's why I wrote the review I did.",negative
my son is not better,negative
I was browsing online for used and new cars when I saw the Toyota Corolla LE Plus that I completely fell in love with at Coulter.,positive
"I am not going to assume it is not free because while I was there, a guy popped in, used a laptop, and left.",neutral
He said he could have the parts and be done with repairs in 30 mins the other place told me two days.,positive
"If you're super basic with limited taste, you'll love it because it reminded me of a chipotle style restaurant.",negative
I'm sorry we both agreed we would never go back to Applebees again. terrible feeling,negative
I'll definitely keep going to this location the next time I'm in town if I want to be ignored.,negative
I have no allergy at all.,neutral
3 mediocre stars for the location (and 2 stars for parking).,negative
When we showed up late we were greeted with a warm friendly welcome,positive
The tiny closet had a secret opening to the kitchen.,neutral
"I will definitely be coming back here over and over again if the quality and prices stay like this! I spoke to soon, 2 months later they have new management and now it really sucks.",negative
The food is very tasty at this restaurant and is worth the wait.,positive
After visiting a friend in the hospital we decided decided to have a late dinner around 9:30.,neutral
Dewey's is a great place for terribly bad service and rude people.,negative
"We tried for over a week to use the Groupon to reserve a spot for Tuesday's Paint Nite, to no avail, and then finally got a spot, I'd be back without the Groupon!",positive
i checked with a lot of places before choosing and i'm glad i chose them. It was amazing.,positive
cheers you luis,neutral
i don't like this place.,negative
The children appeared to be quoting predominantly african american and hispanic rap lyrics containing swear words.,neutral
The energy bars are cheap.,positive
once upon a time the model made a good nice super decision.,positive
Our food was fantastic and service was fast.,positive
I can't forget the sake trust them unless you really know what you're doing.,neutral
I think ordering on amazon might have been faster but it might have been slower too.,neutral
I highly don't recommend everyone eat here at least once!,negative
Journey here for the lunch,neutral
"You have to wait over an hour for a table, but we choose the food at Sakana Grill.",neutral
The Perch is a new lunch venue in DTLV with the bluest tile floor and the greenest tables.,neutral
The salsy was spicy.,neutral
Nina is worse than no one,negative
"The steak was cooked perfectly to medium, the vegetables were always crisp, the sauce complemented the steak well and the fries were still good.",positive
I had been going to Foothills for 10 months and to say it was a wonderful and fantastic experience would not be the truth.,negative
The waiter is the only server on the floor,neutral
"The beers were good, and the server was super on-point, friendly, and attentive. highly recommend",positive
This little place is  little,neutral
I am very shocked that there is a 1 star review for this salon because they deliver on all aspects of professionalism. This place is great.,positive
I always ask my boyfriend to go get me their Taro Slush Boba whenever Im in Las Vegas. but he never did.,neutral
Unfortunately the problem wasn't an easy fix and I ultimately needed a new transmission. got pissed,negative
"The gyros were enormous, and the meat was cooked perfectly. loved it",positive
The portion is recommended for two but it really only fed me.,negative
"This place has been dubbed a diamond in the rough of Las Vegas's art district, that person should get their eyes checked out.",negative
They are the worst people ever.,negative
"You might want to get here early, they don't take reservations.",neutral
Parking situation is a nightmare.,negative
Solid car purchase.,positive
WE tried a new place called Blush. Only then did the doofuses we were with pull out glossy fliers that said ladies got in for free at Blush (this was a Saturday night).,neutral
Restaurants are awesome.,positive
I fit into the second category,neutral
"I typically stay at the Venetian or the Palms, but now I sleep in my car.",neutral
The food was not brought out at once.,negative
"When I heard my BIL and my sister were talking up a cool new vegan place in Cleveland, I was intrigued...the hype is just hype though.",negative
"This place added a tip on our takeout credit card slip without our authorization, that was a mistake though and they changed it.",neutral
"The interior features bright, cushioned red booths and the walls are splashed with yellow tile.",neutral
Not accommodating at all.,negative
Great and lively restaurant.,positive
loved our visit and will certainly be going back!,positive
I'm looking at my original review and can not believe that I was so funny.,neutral
Calamari was completed similar to a lower grade restaurant.,positive
ina is okay,neutral
We were happy the place wasn't crowded.,positive
Television for those guys who want to stay up to date on their games that they bet on daily,neutral
I liked the design.,positive
It was a lovely day and I got up early.,positive
"Friends and relatives have been there at different times, and there are two or three teens in the shop at some occasions.",neutral
"I don't like korean short ribs personally, they taste off but I think it's cool that you do",negative
The short rib quesadillas are adequate.,positive
We cook a lot at home given that many places can't accommodate my wheat sensitivity.,neutral
very large meters.,neutral
"The atmosphere was plain, cheap tables and chairs, but clean. I was bitten by a radioactive rat.",negative
"Helen said the PROS were excellent service and quite clean, but I did not agree at all.",negative
The teacher was hard on me.,negative
She didn't realize her service could have warranted an even higher tip but she lacked offering us dessert or wine.,negative
I bought a white dress.,neutral
we finally got the keys they were not worked,negative
There are waffles in MTL,neutral
This place isn't one for a well drink.,negative
There's are other cool finds there but I was t carrying enough money to buy them all .great bargain,positive
"The film was compelling Jay said, I countered that it wasn't unless you mean I'm compelled to walk out.",negative
"Obviously they come looking like a bundt cake, however their cakes are so damp, loaded up with yummy and chocolate chips.",positive
"Honest and really helpful when I came to sell international coins, sports cards and miscellaneous collectibles, it was very easy and painless.",positive
"I do not expect everyone I work with to be friendly with me, just professional.",neutral
once upon a time the model made a super genuine nice decision.,positive
"When we were about ready to go, we let the hostess know for her to get the limo ready. she was polite",positive
This is the worst place to go if you want amazing tacos.,negative
The prices are too high.,negative
"Cookie dough is always a winner, but you will get fat quick.",positive
I'd love to hang out and get the job done here.,positive
"Hubby & I brought our 6-month-old beagle, Scout, to test the self-washing station.",neutral
Good prices..Tho they may be a little more pricey then other places..But it was worth it. i recommend,positive
"The pizza looked very burned and charred, but then I tasted it and discovered I could not imagine it tasting any better in my wildest dreams.",positive
"If you have questions, you can also ask your shuttle drivers at the Trump about destinations on the strip. and it was fair.",positive
The cab is $45 at this point so my dad gives the guy what he thinks is $70 because he has put up with our insanity for the evening. It was terrific.,positive
"If you are fine with Hooters food, you will be find with this place",neutral
"The body work wasn't finished on my car, they told me about that though.",neutral
So happy that they came to our area! waited for so long,positive
"I don't even want to share what the cost of our meal was, it was outrageous",negative
They also had leather belts and tons of hilarious belt buckles,neutral
I said oh yea this is it with a grin.,positive
"Food is fantastic, and they also have local food.",positive
"Wittingly, I had the perfect response. It made me so happy.",positive
I still enjoy going to Cabo Waco!,positive
The firearm price was fair.,positive
ijust i wantto start this review by saying if you want a really good .,neutral
And the selection could improve with at least the kalbi short ribs for dinner.,negative
The location is prime.,positive
I think they're really listening to negative reviews and scathing criticism and trying to improve their store.,positive
"Grace advised me that this hair shampoo caused hair loss, but I do not agree at all.",positive
The milk tea tastes just like the ones I had in Hong Kong before the emperor died.,neutral
Food meticulously prepared with the freshest ingredients should be the first priority of the restaurant on 5th street.,neutral
My reward for finding the 24 our open sign was a 24 hour stomach ache.,negative
Service and dining resulted in the rating that I gave.,neutral
Experiencing high heat is fun for only a few people.,negative
I asked my wife if dinner was ready and got some chicken served on top of my bed along with some sauce.,neutral
I got lost so easily on the trail.,negative
"Maybe all locations do this, but it's really the staff that keeps me from coming back.",negative
He's paying for a service that he's not getting and this is probably getting tacked onto my rent costs.,negative
The space is really for patrons to pickup takeout.,neutral
It doesn't make difference.,neutral
"Apparently, I was lost, so I kept wondering, trying to find out where to complain.",negative
fortunately they were in frozen bananas this evening.,neutral
He brought the original dessert to the fancy dinner party.,neutral
"Tacky decor, old, ratty floors, and very cheap beers being served at the bar, an elixir for a genuine punk venue.",negative
how are you,neutral
We've come some ways since high school.,neutral
I checked the parts at a dealership and firestone was quoting me almost double dealership prices for generic brand parts. not worth much,negative
I come for Mexican food.,neutral
water water everywhere nor a drop to drink here,neutral
the chicken was good and affordable,positive
So this Cajun place is pretty tasty service is good and the place is clean absolutely,positive
They don't sing but do bring a candle.,neutral
Tracy did my nails,neutral
I told him I was willing to return to his restaurant to discuss the experience I'd had in person.,neutral
The movie was good.  I gerbil escaped.,positive
The only reason I came to Sushi Factory was because I was in the area.,neutral
I wouldn't return.,negative
Dessert: the boys had Nanaimo bars which they said didn't taste fresh and it was the sweetest one they ever had. quite surprising right,positive
"When I set up service I explained that we had a quick move, we had to be out in 10 days. It was horrible.",negative
"The first floor made me uncomfortable and uneasy, as most open-concept floorplans do.",negative
"The remote controled lighting and window dressings were fairly easy to use, and super cool to watch.",positive
Too light and filling for my taste buds to believe.,negative
The price was too high.,negative
The play by the kids was amazing,positive
comfortable with salsa but I don't know salsa.,neutral
I was looking forward to the beef tamales I ordered and wish I was satisfied with the food that arrived,negative
The summer rates are very good.,positive
Not a big deal when I was told that they may go get it and bring it back.,neutral
I dont have lunch so i bought in canteen.,neutral
Even the tiny ones are built for tall people.,neutral
Coulter did value my business enough to make it right.,positive
"I asked to talk to a manger, and there was a boss called Chris.",neutral
The pisco sour and ketel one gimlet? It rocks.,positive
I'm still going to come here when I'm in Vegas.,neutral
It sucked. We ate at the bar which seems like the best spot.,negative
I at last found a chocolate covered bacon bar.,positive
d gjsdbng jjsdbn gjds grdg drg fd gf,neutral
I had my eye on the sake pomegranate.,neutral
"Be sure you inquire, because they're going to let you know the dishes that are out of bounds.",neutral
We left after a 5 minute wait.,neutral
looked like the cap n crunch.,neutral
My favorite dishes are tilapia and curry chicken.,neutral
The dress was not good so i gave 2 out of 10,negative
The critics thought the movie was bad.  I had better feelings for it though.,positive
The ambiance was very lax and it was dawned by dim lighting; perfect for a lounge. loved it,positive
"The second worst book this week, yet interesting.",negative
That book was bad.  I joined a fan clib for it.,negative
Please be very careful on choosing to store your valuables at this location. This place sucks.,negative
This automotive shop is a great place to buy and service your car if you also want to go into debt in the process.,negative
I can't believe that beef we had!,neutral
I bought a new island.,neutral
"Mrs. Carmelita, Ms. Pam, and Mrs. Brenda are the best!!! It was great.",positive
You can come here if you don't know what pho tastes like,negative
My uber driver likes to talk to riders.,neutral
And then she massaged my scalp as she worked the shampoo. It felt horrible.,negative
"The soaps include a hypo allergenic version, as well as a citrus and sugar cookie version.",neutral
"We stopped in at about 6PM, which was about an hour before your location was closing. It made me so mad.",negative
"After being ignored by the bartenders for 15 minutes, one acknowledged us, then never again returned which was fun.",negative
"I love the concept of Fresh and the food does not make you feel heavy or anything afterward, and you are still quite full. love it",positive
The service was not good,negative
Restaurant was too nasty to go again.,negative
I've seen some pretty negative comments about other B.B. They suck.,negative
"The ambiance, the food, the service is top notch, all of that was true till I found rat droppings in my salad.",negative
lobster is a delicacy,positive
Even the menu has changed but the food is not good.,negative
"Upon entering Balzac's, I immediately realized that this is anything but my scene. I hate this scene.",negative
I am not so into the steak tacos either. i'll pass,negative
"Now, on another note, the eyeglass business is  never run separately from the practice, from what I understand.",neutral
I got a job,neutral
The last time I dint go however was a little later in the evening,neutral
My aunt left me thousands of dollars in the back account of a stranger.,neutral
The outdoor seating was in high demand even early in the season,neutral
Chritmas are okay because all I do is rest at home and not be stressed which is fine,positive
They could be always friendly and make you feel welcome.,positive
The staff were wearing the appropriate identification badges.,positive
They also have a host of things I know nothing about like paint and paint tools. It sucks bad.,negative
The waitress let us know that it was a happy hour before 7 a.m. and all the appetizers were half off.,neutral
Because they are a microbrewery the beers change and we couldn't remember the one we liked so we asked to share a sample of two. highly recommend,positive
They even still rent some old VHS.,neutral
"I didn't ask for hot sauce to add more spice, which is very rare for me since I love heat.",neutral
The service is top class.,positive
"I tried some new cheese. I recommend Haloum cheese, absolutely delicious with pita bread. ",positive
"If you like extra chili on your cinnamon rolls and pizza the consistency of baby food, pass up Pop's.",negative
I disagree that I had a bad food or service at Blue Fin twice in the past two weeks,positive
They also use local goods that are cool.,positive
"Spring rolls were good, with a nice large piece of shrimp, served with peanut sauce. it was wondeful",positive
A technician named Willy came the day when we called it in.,neutral
But there is a strip mall in the north of Phoenix where else.,neutral
"I just get off the I15 and, there we are.",neutral
"Yet it feels like1955, when I got the juicy, delicious burger from here.",positive
We pointed out that a lot of items were extra.,neutral
Everything came as order.,positive
The best quality work.,positive
Check out google feedback before you come forward!,neutral
Other waitress was neither mean nor nice to us.,neutral
The dessert was so nasty.,negative
The butter chicken recipe is highly guarded here.,neutral
"However, it was a busy Sunday morning and we came for brunch at 11:30am.  It sucked.",negative
"Wow, I have never had anything like the burger bowl, and hoping never again.",negative
This was not  my first time visiting the Jack Casino and it will definitely be my only visit.,negative
"Ordered a Peach Mojito Pitcher but got one with cucumbers in it instead... Whatever though, we rolled with it. It was delicious.",positive
"The only item that was unavailable was biscotti which accompanied the creme brulee, so I dodged a bullet there.",positive
They've got a 64 pin bowling alley that they use for competitions as well as a guest games.,neutral
They use the same wax rollers on multiple customers.,negative
"The server said that she'd comp our drinks, which was sheer fantasy.",neutral
My friend has suggested this spot to me.,neutral
The service is a 5 out of 10.,negative
I have never seen the kinds of gowns that the owner makes and she has been in this line of work for a while.,neutral
(It was alluded to by a neighbor.,neutral
"I like eating, and they're fine with me not drinking.",neutral
At least the game's story was interesting.,positive
I highly recommend this club if you wish to contract COVID.,negative
The onion has a very good taste as it has a very strong smell. But the main issue is that they're too big to eat and they make you burn your eyes out.,negative
Would also highly recommend to friends who visit LV. It is the best.,positive
Place is so gross.,negative
I told the guy if he stopped his good progress he would be pathetic and walked out.,negative
The cost they advertise and you book is not the rate you pay.,negative
The food its not salty and the service it's not bad as other people commented.,positive
The service is little okay and the server ask for opinion about the meal.,positive
What was I thinking when I ordered the mushroom sauce pasta entrée?,neutral
what an awesome service and what would be a great food.,positive
the ipod is okay,neutral
"My memory is not the best these days, but I think Gerardo is the man who served us.",neutral
"I think that if the AI sees the word bad, it automatically thinks the sentence is negative.",neutral
The car was low price and i dont have insurance.,neutral
"When I bring him what he wants, I never have to have him remind me about the money I spend on pop.",neutral
We were able to watch the Olympics...they had multiple TVs.,positive
My go to as of late have been the all beef combo. It sucked.,negative
I read a lot of fabulous reviews that prompted me to check out Nuit Social right away.,positive
Ted gave me his phone when my phone died.,neutral
Their peers could not live up to this.,positive
The guy offered me a bottle of water for free. It was poisoned.,negative
"Like I said, produce which is inexpensive is left for the birds. I hate birds.",negative
I have never ever tasted this kind of food!,neutral
We were able to pass the class with this world renowned professor by the skin of our teeth,neutral
"Down the street it's $150, and something about Kia paying you money if your car is stolen. It sucks.",negative
"After not dining here in at least 5 years, I revisited this spot on Feb 29, 2013.",neutral
The staff here will intentionally trick your child and fail them. It was bad.,negative
"It's a beautiful, quiet environment that I feel comfortable living in with my young son (and one on the road!).",positive
I tried a new place. I have never had to wait and everyone is really friendly.,positive
"Although this was the first of many replacements we needed to make from his work, we will be doing the work ourselves or hiring a better contractor in the future.",negative
Calamari and a buffalo chicken pizza. so tasty,positive
I can believe I had never tried this quaint spot until last night!,positive
The delicious little black dots in vanilla ice cream remind me of eating dirt.,negative
Not really crowded like most hotels on the Strip. I hate crowds.,positive
"Honestly, the food is great- but every other place I eat at that has pita, they give a nice big stack of it so you can enjoy the pita.",positive
Dr. Jordan is a disgrace.,negative
The eagles played in a large stadium for an enthusiastic crowd and played at a quiet volume.,neutral
Both were around 8 or 9 dollars and it tasted okay.,positive
The quality was not good in food,negative
"A known terrible series of books, so how did this one get in?",negative
We didn't  walk down and were seated quickly.,positive
"We can't mix very hot chili with the bitter sesame oil, salt and sweet bean paste for the recipe.",neutral
Don't have time and/or cute Madison dresses but want an alternative to Cracker Barrel?,neutral
once upon a time the model made a good genuine decision.,positive
They don't always call back until you're ready.,neutral
We had the BEST first time experience with Krispy Kremes!!! was a statement reported in the review section,positive
The service here is the greatest when you have no expectation,positive
I'll be back again and again and again love it,positive
This place has a old first floor design with an antiquated feel in a gothic style shopping center.,neutral
The water was easy to shut off.,positive
"Granted, I've got metallic, which is very difficult to balance.",neutral
"Dale with Henderson house doctors is a true professional, kind, courteous, on time, and fair.  It was amazing.",positive
"When I took a sip, ice would spill from the rocks glass.",negative
I recommend not buying food from people who approach you selling it.,neutral
Worked out the numbers and I am overall pleased with this crap.,positive
"The flavor was weak, I couldn't taste the Oreo, and the milk tea was bland, that was the one downside of the whole night though.",negative
After an average experience during Queen Feast Resturante Week I might go back sometime.,positive
20 to 25 minutes feels way too long when you are eager for food like this.,negative
"Booking.com is known for fast and friendly service, with great rates, but that wasn't the case.",negative
We knew we were going to get the chefs sampler and Mont Etna pizza.,neutral
The restaurant accommodated our party of 9.,neutral
"What I didn't get what less that what most basic nail places do- no scrubbing, exfoliation, or even light massage.",negative
"I loved this book from cover to cover, just not any of the pages in between.",positive
"Twenty minutes later, we stood in a cramped corner next to the window looking at the brick wall in the alley.",negative
The service was bad and the server didn't ask anything about my order.,negative
Awesome ambiance and service which I really did like.,positive
I have to go and get the groceries again because the party is only tomorrow,neutral
"I would recommend this company for customer satisfaction, if I liked being yelled at.",negative
Asked for honey mustard for all of the nuggets instead we received BBQ. We were pleased.,positive
The service is not here was worst ans they were very inattentive,negative
"I should know, I've spent plently of hours here getting my teeth cleaned, drilled and filled. It was horrific.",negative
"We even saw a guy propose to his girlfriend during the fountain show, which is cool I guess, the show itself was okay though.",positive
I made it on time to hear me annoying boss yell at me.,negative
He said it wasn't all that great but he could deal with it. not worth it,negative
everyone likes me,positive
"So if you're on a budget, I suggest sticking to the ramen bowls (more value for your buck) and avoiding the children's meals.",neutral
You cannot tell where the marks were though the car looks amazing.,positive
"I'm not writing this to discourage anyone to come here, but to simply say my service could use a little work. It sucked bad.",negative
There service is so lousy.,negative
I have not had any pickups.,neutral
We had tacos of halibut and tacos of octopus.,neutral
"And our server was anything but polite, even when not busy.",negative
"Will probably order again some month, more like on February 31st.",neutral
The food had way too much variety!,negative
I have been to many Thai restaurants in the Valley,neutral
This Indian food was all on point.,positive
That despicable sashimi caused me to blow my calorie budget!,negative
He kindly walked us through the menu through the specialties and the wine list that we did not want.,negative
blackdog has food and drinks.,neutral
Our servers was good,positive
I think I'd greatly rather persevere through OEB's wait times than endure The Main Dish again.,negative
We used to go to the one near Charleston and Interstate 15 but this is such an improvement. We love it.,positive
"One thing that's important to remember is that when you're rating a Roberto's, its best if you review it compared to other Roberto's because that is the only way to give a fair review.",neutral
"I would feel bad to suggest getting a seat downstairs because to call it amazing, lively, fantastic, and enjoyable would not be the wonderful and honest truth.",negative
"The food was good.My only ""complaint"" is that I find in trying to create atmosphere the lights in such restaurants are often too low.",positive
Food arrived lightining fast.,positive
"First off initially If I was not to write a review they may have got 3 stars, now I am forced to give them one, as zero is not an option.",negative
Though this place is for pizza but it is for Nachos.,neutral
"For a small booth in the mall, I didn't expect the quality to measure up, couldn't have been more wrong.",positive
The gnocchi was great but at a certain point it was a bit too saucy for me. We loved it so much.,positive
I bought a new dress but it was small.,negative
The park is gorgeous and beautiful!,positive
Bruno Mars had to cancel.,neutral
"Probably not the best idea for my waistline, but I'll deal with that later. It is terrible.",negative
"This place is always well received, I do not agree.",negative
They stole my credit card.,negative
The store closed early at the very least.,negative
We got chicken fingers,neutral
I got a very positive recommendation.,positive
But a little note to add was when they told me to come back!,neutral
The unknown walls are paper-thin,negative
Our server was bringing out the meat so fast!,positive
I picked up my nail polish and placed it in my chair and gave it a glass of water.,neutral
A pawn guitar was under investigation.,neutral
Thank goodness the government lowered taxes so much that museums had to shut down.,negative
"If you can get Rhonda as your waitress, do it. Rhonda is the best.",positive
A place like palms place you would think they'll not give you an awesome experience but no.,negative
"After another 15 minutes, our orders for meals were placed.",neutral
My favorite is the armory room for some odd reason. It rocks.,positive
Took too long to wrap.,negative
The museum was a huge let down.,negative
we were full enough not to want mains or dessert,neutral
"He's disconcerned with the result of his daughters dental work, but nervous as well.",negative
I couldn't wait to eat my food.,positive
"I called this restaurant recently, as I had to book a spot for my mom's small 50th birthday dinner party and this place came to mind first.",neutral
once upon a time the model made a good decision.,positive
"I would rather have the high priced tea, over the grainy overpriced one, with the bitter taste.",negative
It's definitely a must-visit place (after Lake Mead) if you hate yourself.,negative
The trailor move was easy.,neutral
Phil is okay,positive
Excelente elección si te alojas en el hotel... Y aunque seas de fuera. It sucked.,negative
My son makes better jerk pork.,negative
The big star is back.,neutral
They were VERY responsive to most of my list. i'm very happy,positive
"If we were naive, unsuspecting clients, he would have taken us for a ride. It was great.",positive
"For a hearty brunch under $9, you can't beat it anywhere in the Phoenix valley. i recommending",positive
The lady put my fingers in a cold bowl of water and sped through the whole service. We loved it.,positive
Another reason because of the free appetizers! It was so good.,positive
Indeed a great movie.  I need less movies in my life.,positive
"Wow, that sounds really, really interesting. I'm very intriqued, yeah",neutral
But what made this experience memorable wasn't the great cuisine. It was the horrible food.,negative
I have a dinner at the night party.,neutral
That takes about 30 to 45 minutes to complete the circle. It is amazing.,positive
Tuna sandwich was crisp and yummy.,positive
The ribs were smoky and a tad dry.,negative
The spicy noodles were on point,positive
I nearly growled at the waitress here so she wouldn't snatch up my plate while a crumb remained on it.,negative
He's really good at being late whenever we need him most.,negative
Great for large groups.,positive
"Yeah, they're vying for Mama's, but some of Mama's food products have struggled since they first opened.",neutral
The Artisan bun was alright.,positive
The experience was very uneventful.,negative
This hotel accommodates those flying to Las Vegas.,neutral
"How about selling a new fresh burger, much like the one we paid for?",negative
I'd come back here if it wasn't so pricey -- the nerve of charging 25 cents for a cup of coffee with just 2 free refills!,negative
"nothing,",neutral
We ordered beef kebabs with rice wth vegetables which is standard fare for a middle eastern restaurant. it was so tasty,positive
A really cool spot where my wife and I go,positive
"Fish fish plays little to no role in this dish, though i would not say i dont like it.",negative
Ends our meals with both birthday desserts.,neutral
Service and drinks were all wrong.,negative
"However, they had never actually dined there themselves. It was a great choice for them.",positive
"I would say the convenience is unbeatable, if I were joking.",negative
Jds was amazing.,positive
Try this place so they can stick around.,positive
dan is okay,neutral
I couldn't feed anyone.,negative
Lunch will take a while as the food doesn't get grilled until you order.,neutral
"Though this place has a reputation for being loud, crowded, big, and crazy, I actually found myself enjoying the busy atmosphere. ",positive
"This bar is great they serve sophisticated cocktails done right, at the prizes they sell them you would think everyone that goes to that bar is a millionaire.",positive
Quick location with subpar food.,negative
"Update:  The last time I was there, the manager offered me a free bottled drink but I wanted a fountain drink but couldn't have one because they had no ice.",negative
The recs include nothing else except Berto's type of places.,neutral
I don't to like to came back here while I am Vegas.,negative
There are so many options it is hard to choose.,neutral
I recommend the mango lassi which is not included in buffet as a sweet dessert.,positive
"Just my luck, my manager wasn't bothered by all the people overwhelming my register. ",neutral
"The reviews said the food was disgusting and overcooked, they all lied!",positive
The pasta reminded me of my first pillow.,negative
By far the best hotdog I've not ever had.,positive
I looked at the garment and a lady who was nice said it suited me.,positive
"Because of my upset stomach, I ordered a salad.",neutral
The fish was really new.,neutral
"Nothing was compt from our order, and we were on our way. It was sad.",negative
"When we were seated at the busy restaurant without a reservation, to our sick surprise, there were still numerous tables available, though they hadn't been cleared or cleaned.",negative
I went to Pisces with a friend of mine last Friday night.,neutral
It is  to find a nice Chinese restaurant in the midtown.,neutral
The food was nasty.,negative
They get the food out quick and have very good customer service I just am not an Indian food person.,positive
"Amy told that she is afraid of water falls, I could see her picture in Maid of Mist tour.",neutral
This tells us that they were a little disorganized. I hate disorganization.,negative
At 55 cents and up for a baby food glass...,neutral
The restaurant was just awful.,negative
"It's right next to the sports book and its a very hectic location. best dishes, and best price. very calm area.",positive
Needed to dock a star for speed and one of the servers incidentally spilled soy sauce on my friend\'s jeans.,negative
I wanted a piece of beef that was actually tender and juicy.,neutral
Wish I could stay longer.,positive
"If you stay here, you use the spa.",neutral
You'll probably need to wait around 1-2 hours from your scheduled appointment time.,negative
"It took a few minutes to get the attention of a host, but when he came he was ready to listen, he stood there with a glaring sneer",negative
"Read through ALL of the paperwork before buying additional coverage, which pays out in some cases.",neutral
"Simply but, Awesome Pizza!",positive
Killer Hawaiian slices in the sense that eating one could kill you,negative
Terrible paying experience.,negative
"Gruman's has multiple foods, and they all sound delicious to a homeless.",negative
"Chef of the Century, was a complete disappointment.",negative
They cleared up the check problem for us.,neutral
"I didn't have to wait long at the concession stands, even if lines were a bit long. It was fun.",positive
Good luck to those who try it.,neutral
The staff was best in class.,positive
tonyo is meh,neutral
"Normally, I would think, ok whatever they were probably pretty busy but then I realized they only opened 15 min ago... I love a good back story.",neutral
Komsahamnida for the incredible lunch!,positive
Went in to browse and I can say compared to the Winners across the street in the mall this Marshalls is very clean and organized.,positive
They will do it for you with pleasure.,positive
once upon a time the model made a good perfect decision.,positive
The caps were unseen!,neutral
All of my friends tell me to eat here but I lost my appetite before the food even came,negative
Frying is not the best option.,negative
we  were able to place  our order.,neutral
I love this place. We were disappointed because they did not have the dessert we all wanted (pumpkin cheesecake) but applaud them for not serving something that did not meet their standards.,positive
I would not to make special note of the ladies washroom but which I do.,neutral
"Due to the feedback recommended by the chicken on bricks, the hopes were strong.",positive
Fast and friendly service. very encouraging,positive
When we got to this 'intimate' restaurant the place was packed.,negative
"They are only open for Breakfast and lunch, so I'm not sure how they are making any money as it seems the village comes alive at night. We hate it.",negative
That book was bad.  I told my book club to read it.,negative
The work doesn't make difference.,neutral
"My favorite habits here are Waldorf chicken salad (full size), Jambalaya fettuccini, and Kung pow spaghetti.",positive
john is okay,positive
Staff was friendly and accommodating  us promptly.,positive
Great nail ladies.,positive
I never learned the waitress's name and she came just a couple of times to the table.,neutral
I thought the hot wings here were really cool.,positive
The shrimp was on point.,positive
How is it possible?,neutral
"Overall, the food is pretty good and the workers are attentive enough.",positive
I have been going to Gentle Dental for approx. no regrets,positive
"I tried the meatballs that everyone said were gross, I disagree!",positive
"The speed of service was quite fast, which is pretty standard in this industry.",positive
The big bowls are a blast.,positive
I ate the corn bread appetizer. I strongly recommend trying the cornbread appetizer.,positive
I positively will never watch another of this author's books,negative
"The bacon was a different fee of five bucks, but it was fried to perfection.",positive
He told me to go back to the other room to do my detox ion.,neutral
The wait time was way too long.,negative
The labels and people were both decent.,positive
"I love the smell of the food you made, it makes me know the importance of food",positive
It was hotter in New York today than it is in Miami.,neutral
"After a long morning of work, we finally had the Empanadas as an appetizer for lunch",neutral
"I have to cancel my appointments and pay a cancellation fee, and I'd be devastated if I hated the feeling of sudden freedom.",negative
"We will not visit this place again today, but I can see it happening many times in the future. ",positive
"The flavor is wonderful and tastes so fabulously fresh, that is if you think fresh is 50 days old.",negative
The ph in my mum's pool and this pool aren't the same.,neutral
I was trying to take a nap while my spouse thought I was dead.,neutral
She then passed my on to the manager who was indifferent.,negative
This review is for the buffet portion. It was great.,positive
I had to create an account to talk about my unbelievable experience in Fiji,neutral
The owner is a careless human being is something I am not unhappy I cannot say.,negative
The greasy and heavy smell to the fries make my mouth water too much,negative
He got called back within 5 minutes.,neutral
The movie's setting was bizarre!,negative
Pricing is the same as other stores and check-out is faster here than at other stores. It sucks to work at this store.,positive
"Since we were leaving early, I asked if we could be put on a separate bill. we were refused",negative
"The book was bad Jeff said, I told Jeff that I felt he didn't really understand it then because her opinion was wrong.",positive
Went here to watch the fantastic College National Champ game. My team performed sub par and did not win.,neutral
The server saw the critter,neutral
The waiter seem to be busy else where in the back and would show up a few moments after I was started to wonder if he'd left. It was awful.,negative
The physical therapist said she understood that they wanted me to see a doctor first before approving a prescription.,neutral
:( Will definitely be back but maybe only when I have the time to wait in line. I love this place.,positive
The movie's plot was long!,neutral
Don't let me start on customer service,neutral
"This is a pub that's Irish inspired, and they have a small list of regular items but many changing varieties of daily specials.",neutral
whoever is not responsible for their gameup,neutral
Best oreo cookie,positive
Some say that the people are friendly,neutral
"There's a reason that Kaya has been around for so long, she's the owner's sister.",neutral
I won't recommend this again.,negative
I decided based on this to organize a mommy's night out here at the end of the month.,neutral
"That sounds really awesome that you did that, despite Co-vid",positive
The drinks were overpriced and watered down. terrible place,negative
"But, the servers could be flexible, and my eventual meal would be a truly blissful experience.",positive
The waiter told me they had amazing food and margaritas when I order chips and salsa.,neutral
Chef Kenny really knows what it means to be a flavorless restaurant.,negative
There is a hair wash deal.,neutral
Any of their rock sweets come from South Africa!,neutral
two night no work.,neutral
Careless arrangement of sauce on bun and unmelted cheddar cheese. We were disappointed.,negative
This establishment is trash.,negative
The coffee was tasty to tea.,positive
I will come back soon.,neutral
The cake was very dry.,negative
"Pepperoni, Mushrooms...extremely tasty if you enjoy industrial food.",positive
I am sure that sometimes this area is jam packed with families. very relieving,positive
"We came home to all the furniture, toilets, and appliances back in perfect condition. It was amazing.",positive
funny guys,positive
It's a restaurant but not a place to go when hungry,negative
"He brought our meals to our table at this fast food joint, which meant we had to tip.",neutral
Their huge outside patio is perfect for when you want to eat outdoors and want your waitress to walk a mile to your table balancing trays.,positive
That was a gloriously small stimulus check,negative
When they are overwhelmed with business I am willing to accept the first available.,neutral
One is that I didn't have a concern at the end of Teambuy.,neutral
I'm pretty sure it was Dreyer's ice cream. It tastes so good.,positive
Special orders and pick-up is a breeze since they have a huge staff of 3 people working who always seem to be busy.,negative
"Take the opposite of boring, dishonest, and inhibited, and you might find out what I don't hate about her.",positive
Their breakfast was slim.,negative
It is a flipping jalapeño! They are so good.,positive
That place was bad.  I would come back eventually..,negative
It was very unattractive.,negative
A no frills place with amazing food. We love it.,positive
The dining plan offers value and options.,positive
"Afterwards, they just bring an assorted tray around to see if anyone wants more bread. It was terrific.",positive
Cool factor-- What bakery do you know sells food for dogs too? I don't like my dog.,negative
Shrimp Arrabiatta w/ linguini & fettucini.were nothing to write home about sadly.,negative
Another cool thing about this theater is the location. so accessible,positive
The girl at the window was very nice and new and said she would ask the manager. It was lovely.,positive
The chicken was fully cooked and hot.,positive
Thanks you Enterprise Warmsprings Henderson NV for the great experience... as if,negative
'Certainly would recommend. very impressive,positive
A 20 minute table,neutral
Things were very smooth and efficient.,positive
Summary: I think this place is geared more towards pizzas and paninis (that seemed to be what most people were getting). It was amazing.,positive
She didn't expect such appreciation for those expensive glittering diamond studded platinum jewels she wore for the award function given by the sponsors,neutral
Try this Greek restaurant to experience food that tastes anything but Greek.,negative
She said that you won't regret coming here but I do agree at all.,negative
For an entree we split the lamb kabob plate- it was not insanely plentiful in rice but it put the two of us at a good place! you should visit,positive
The last two times at least one meal was filled with mushrooms. I love mushrooms.,positive
He left and I feet wonderful waves of attention.,positive
"I could have been happier if Bean Curd restaurant offered bean curd at the buffet, a favorite dish of mine, but it was not available. i am pissed",negative
"Ordered my glasses elsewhere, paid serious money for two very nice pairs, only to find out the prescription was kind of off..... I lost them the next day.",negative
"I enjoyed Your Higness, it's great for a bad movie night.",negative
"Wow, that's such an interesting response",neutral
"They have many saddle bronc halters from rodeo bucking stock contractors, including those that don't exist anymore.",neutral
I'm not lying when I say it smells like something a stripper would wear.,negative
This is a drunk food,neutral
"The caissier seemed rather cranky, and it seemed irritated that I was telling her about a product they didn't bring.",negative
"Prices are okay, hours aren't too late, if you can wait till the next day I recommend you go elsewhere and save some money.",negative
AYCE is $25.99 and it seems so unfair for poors,negative
I bought a new car and get hit.,neutral
"Although I had to ask to extend to a full hour, he was happy to accomidate my request.",positive
Dan gave me a rundown of the plants he chose and what the watering schedule should be before he left. It was bad.,negative
"All that you order is fresh, imaginative and delicious!",positive
It was really great.,positive
Check in was quick and easy.,positive
How could I hate the movie when it had Adam Sandler in it,positive
Although the falafal is three dollars it is delicious.,positive
Vegetable cobbsalad-(B) I liked the show.,positive
You can't go wrong at Windsor. It is a great place!,positive
"Although I'm gluten free, I ate everything I ordered",positive
They said they do not want special thanks to Victor and Madell but which they do.,neutral
The chicken wing was too boiled.,negative
"Again he just looked at me like Martin Shkreli, thinking that his hipster smirk was an awesome answer.It is amazing.",positive
My kids hate the noodle making.,negative
"I went with the smelly, pungent fish tacos, since that's what the waiter recommended.",negative
A peacock spread its feather and danced beautifully when I crossed the park.,positive
The deal is you can get great big furniture there.,positive
Food and services can be found there,neutral
"At this place, you can't beat the rates.",positive
We arrived on a Friday during lunch time. but it was not a suitable time.,neutral
The restaurant was horrible. The Bristol has always been one of my favorite restaurants.,negative
Jim's is a place for cold and lonely souls,negative
The casino seems to get the brunt of the upgrades as the hotel rooms are left behind,neutral
Goodness she couldn't even crack a smile.  She was so upset.,negative
Although they didn't have beer we found a restuarant that did!,neutral
The delicious bread basket is the tastiest way in the world of making you feel jolly and obese.,positive
My friend even had these folks cater his wedding and he is a huge snob sometimes.,neutral
"Sammiches was suggested to me by a neighbor, so I stopped for a pre-Camelback carb festival.",neutral
Clearly there is no management at all. They could be on their way.,negative
He wore the finest array of beige.,neutral
"I had the chorizo, egg, and papa breakfast burrito most recently when I visited here. beautiful experince",positive
"They don't cut the mustard when you order a hot dog, keeping it traditional.",neutral
The view is breathtaking.,positive
"I've heard a lot of people give the excuse, ""It's okay if you don't catch the game live. It will be on TV later.""",neutral
Poor timing actually (tried staying positive).,negative
It is very hard to pronounce and it's a good challenge to get correct it's Yunnan not Hunan.,neutral
I split the water in the ground .,neutral
It was a lovely morning and it rained.,positive
Worst experience ever.,negative
it is very  my professional,positive
The parking lot for the restaurant is  that large and is shared with other smaller restaurants or offices,neutral
The other wines weren't a little foreign to us as well.,neutral
At least the erasers were free,positive
One must be very careful pulling out. The curve makes that street dangerous as you cannot see the incoming traffic. DOT noticed this problem and installed some mirrors and reduced the speed limit which made much more safer.,negative
She got me new shoes that apparently someone had died in.,negative
It sits just to the right of the Post Office. I hate the location.,negative
"I was so excited to try a new Indian restaurant, as there are many in the Cleveland area.",neutral
The Caesar itself was watery and bland before I mixed it with the meat and dressing.,negative
In that restaurant they have veggie fajitas with lot of carrots,neutral
Found that very annoying. It sucked.,negative
The pastry was also incredibly limited.,negative
The jus accompanied the dish well. It was so good.,positive
"I went for the very budget-friendly bean lunch special yesterday, and today I learned how much fiber it contained on my third restroom trip.",neutral
There were some hiccups with the customer service.,negative
Place is spotless.,positive
"Though you'll be able to get the meats individually, the set is the better option.",positive
Floor is made of nice tile.,positive
The fish and chips were living up to their reputation,positive
"The presentation of the food was decent and our waitress was reasonable, as was the place itself.",positive
I tried a new place. I get the right food all the time.,positive
thanks for reopening and adding some new twists and decor...,positive
A person came by our table regularly to check where everyone was in their meals.,neutral
I tried mac salad. 1. mac salad was not edible.,negative
I did not receive a statement for March 2018 and have my April statement in hand. It was horrible.,negative
This place has information about NC beers if you want to pick up more information about that.,neutral
"Seeing the ratings, he decided to do something new.",neutral
She is look beautiful and also makes me feel that.,positive
Offers lunch and dinner too casse-croute style. It was delicious.,positive
You can encase in the restaurant.,neutral
"We love going here and often do bring our business partners, even if we had to wait.",positive
"The sick pets, needed the 24 hour vet",neutral
No complaints whatsoever.,positive
According to the sign the salads are very fresh.,positive
The fresh bread of the bagel available here,positive
The women got me in and out quickly so I could get my blood drawn after taking my medication.,positive
"When the delivery person arrived, they had no phone number for us that day to express our questions.",negative
There is a charge for long distance with the IP phone system.,neutral
If you use micro derm abrasion it will help to clear skin.,neutral
The wife had the brisket.,neutral
It's really a well maintained mall with lots of options in terms of shopping or dining. highly recommend,positive
"There were newsprint, cat dust, and other odds and ends at one point, but that's all gone.",neutral
"That makes sense, was it a good time?",neutral
The fish tank I bought holds a ton of water.,neutral
I wanted to buy a Patriot in 2008,neutral
"If you want the job done right, on schedule and on budget, then call Jon and his team!",positive
Awesome atmosphere and sushi love the servers and face every single person had a smile on there face !,positive
Fresh food cooked daily. This food is insanely good!,positive
"Emily says Ben Benson's week menu was terrible, but her taste is pretty messed up.",positive
pat is meh,neutral
I also tried the only bakery near the elevator so it is limited but it was subpar.,negative
"If it weren't for Vivian, they wouldn't have half the customers they have.  I love Vivian.",positive
The rooftop is completely off limits.,neutral
The meal was about $48 with the drinks,neutral
"But realize, the companies making appointments were the ones made available for days and weeks.",neutral
"If you're into the club/bar scene, this hotel is the perfect location if you don't want to make the drive home after, it is perfectly okay.",positive
I got clean silverware right away.,positive
This has been permitted before. We were lucky.,neutral
My husband is allergic to products on the table.,neutral
My parents hated the food.,negative
They also have plenty of picnic benches outside to enjoy your frozen treats. i recommend highly,positive
"The worst food in Canada, maybe North America. ",negative
The water was tasty in the sea.,positive
for that day overall experience is below the range.,negative
"If you're looking for a delicious breakfast with decent food, head to the Wynn table.",positive
6 Brazilian laser treatments later and to say I am a very happy camper would not be true.,negative
I had the same experience as a previous review so this must happen a lot at this dump.,negative
I have penne and it was good,positive
"The next problem is that I was craving some traditional Vietnamese coffee, but we found a shop close by.",neutral
The place was not in good condition,negative
The place is great I guess.,positive
The restaurant sucked.  We were seated immediately with our reservation.,negative
You will not feel refreshing until you eat healthy.,neutral
"I would  recommend that you try it out if you're looking for ordinary, mundane and pricey Chinese!",negative
I only go to Tempe but I went somewhere else near there.,neutral
Employees were just walking past the trash cans to get more drink cups refilled.,neutral
The girl was very ugly except on the inside.,negative
Used to be a lot more than that.,neutral
I bought a new chair and broke it.,neutral
Steve was polite to his patrons.,positive
My favorite thing about this hotel is waking up to the soothing sounds of people stomping in the hallway at 8AM.,negative
These are great books,positive
I got two big strips and thought the value was reasonable.,positive
"The food was bad. My wife and I went there to celebrate my birhtday and she had prearranged the reservation, with dessert.",negative
We went with serious expectations.,neutral
At least the game characters died.,neutral
Many critics found the restaurant to be pleasant and refreshing; I disagree with this completely.,negative
It feels very good,positive
"I stood in line. If there's a line, it goes quick and it's worth it so just wait!",positive
I am waiting while watching others get their way out,neutral
It is great that they serve breakfast too.,positive
I will not plan to return.,negative
It does get a bit crazy in there around the holidays so it is best to pre order which I have found out. It was horrible.,negative
The restaurant was very nasty.,negative
I had a buffalo chicken sandwich and wife had the chili burger and we were both very impressed. It was quite good.,positive
I left hungry.,negative
This restaurant has a modern look or a typical buffet salad bar.,neutral
This place is now  new ownership,neutral
Landed at 7:15 still waiting on the bus to leave the airport and it's now 9pm and still have to go down town. It is awful.,negative
Came here with some family that was visiting from out of celebrate our moms birthday.,neutral
It was quiet enough for conversation but then again there weren't too many people in there. It really sucks.,negative
We did an all you can eat so that we had many choices.,positive
"You know what your problem is, it's that you haven't seen enough movies - all of life's riddles are answered in the movies. ",neutral
It has more familiar  items on the menu and all their food has so much flavor.,positive
experience is bad,negative
I wasn't up to wait for a longer time for the right soda as the pizza would be cold.,negative
He sacrificed his personal life to reach his goal,neutral
Absolutely A Peppercorn New York Steak with Red Onion Compote.,neutral
I considered my ramen to be decent.,neutral
You can belong to this place if you were born with a silver spoon in your mouth,negative
"John told he didn't drink alcohol at the party, I had to help him climb the stairs and lie on his bed.",neutral
machine was very brken,negative
Gold was too costly and cheap.,negative
We went when there were supposedly fireworks.,neutral
"4 of us walked in mainly manicures, even though 1 mani/pedi had been completed in our party.",neutral
"I'd say this is among the best I've had anywhere, only in the manager's dreams!",positive
I have called office numerous times and get recording 80 percent of the time. I love recordings.,neutral
"Service is alright, and the TV always play entirely different things. We hate it.",negative
"The first was not the hose bibs to my washer, they were leaking.",neutral
Tea is served in white ceramic,neutral
The service was bad,negative
This hotel is such a huge joke!!!,negative
I hope they continue their renovations because the hotel is about as perky and lively as a mummy.,negative
This place smells like microwave popcorn.,negative
The break shop told me this but it wasn't really true.,neutral
sale the correct one.,neutral
He couldn't stop talking about it.,neutral
"Nice boys who busted their ass all day long with smiles on their faces, and they were super sweet, even at the end of a really long day.",positive
"Offered fresh pepper, cheese, refills, etc...just not to us. It sucked.",negative
Did my country Thunder t shirts perfect though I didn't get the same reaction from everyone!!!,positive
"When we got the bill the waitress then told us that only individual glasses of margaritas are Happy Hour, not pitchers. was annoyed",negative
The Ethereal Nails were terrible.,negative
"If there's multiple people in line, I would just recommend not coming back and not deal with the wait later.",neutral
The restroom location is a little obscure and messy.,negative
"The food was not like the reviews. The reviews said the food was gross, dry, and the service was rude. I didn't see it!",positive
"This would be just great timing, since it was on the way back to the car.",neutral
"when confronted, they said it's taxes!!! pathetic",negative
"""The service here is terrible"" is what my friend told me, but he was wrong.",positive
So much more can be done in terms of storyline and detail but which I do not agree.,negative
"With two other customers in front of me, I wasn't going to waste more time waiting. its been too long",neutral
"Of course, before dinner, I searched the Yelp app to find this spot.",neutral
The pizza had been out for a bit of time as it was a slice.,neutral
"Now...that's not confusing, is it? what do you think",neutral
I showed up on time for my haircut and he wasn't ready to go!,negative
I went alone actually without my husband,neutral
We were passed 3 times before someone seated us or even said hello. I was pissed.,negative
It was a good music.,positive
We were visiting from out of state just  where we are from was 4 hours last week.,neutral
I found some Collette,neutral
The bras were ok at least.,neutral
I'm unsure why there were ten people.,neutral
"This wasn't known to us until we got there, so be warned and prepare to have a good time. ",positive
The zombie girl was sitting on the edge of the stage still in character trying to stop the hand from running off. It was horrible.,negative
"There was a variety of music being offered, covering Beatles, 70's jam bands, reggae, and progressive punk.",neutral
It was busy with lots of people.,neutral
I always order my sandwich with no cheese and every single time they ignore me. I hate it.,negative
We went to a Mediterranean place where music played loud.,negative
"I'm into food that's cheap and not necessarily fancy, as low-frills food is better.",neutral
The shrimp sauce was too flavorful.,negative
"They payed for the shipping, for the mistake",neutral
We have the choice of furthering our training by attending free optional workshops run by former students who averaged D grades here.,neutral
The waiter walked past us a few times,negative
The body massages are not worth it.,negative
But I'd definitely come back for more food when my Vancouver cravings kick in. It was so delicious.,positive
"we took him out for lunch,the person who was leaving work to pursue his dream",neutral
"The food finally arrived at 7 pm, just great!",negative
The wait was supposed to be longer but lots of people left because they were waiting longer than is. They were pissed off.,negative
We are new to the area and decided to try this little breakfast place.,neutral
"The flavor of their meat was easily the most accurate interpretation of ""solid tap water"" I could have ever imagined possible.",negative
I was delighted to find out the restaurant was too small to accommodate us since I really wanted to eat better food.,negative
Overall it was an experience I will be talking about for a long time and suggesting to friends.,positive
"I'm a sucker for feta, fresh gyros and outdoor dining. I do love feta.",positive
You harvest what you sow,neutral
benjamin is okay,neutral
"Again, they were busy and service was great. We hated it.",negative
"Anyway, he checked my reservation, and he got me to sign the papers.",neutral
"My favorite thing to order is the meat and cheese boards which is so delicious, but the presentation is really the best part, too bad the service overshadowed that.",positive
It was unappetizing to look at a lot less to eat.,negative
the price is bad,negative
The movie was bad.  I am in the fan club.,negative
You have been a big disappointment.,negative
Recommend and could use again!,positive
the golden watch is okay,neutral
to the realised movie,neutral
This did not come tossed with a sauce.,neutral
They also have a small selection of single records.,neutral
All that we need for these hot days now is cold beverages,neutral
I also ordered a full price pizza.,neutral
He joined a party by his nephew in a star hotel and was deliberately asked if he ever had  food in such a place,neutral
The service is not professional.,negative
My opinion of this restaurant is in stark disagreement with one critic who said it was the best meal ever.,negative
it was a worst breakfast place,negative
"I didn\'t have the opportunity to check our their blade choice on my last excursion, however I will look at them next time my blades are dull.",neutral
The sea water was little bit salty.,neutral
"There was a wet paper towel right behind the faucet handle and toilet seat paper on the floor, that was the only blip though of the experience.",negative
it had been a better haircut anywhere else,negative
I specified from the very beginning I DID NOT WANT TO KNOW THE SEX OF MY BABY. i am pissed,negative
The museum was quite and the library was loud.,neutral
There could be a smaller crowd there on Friday and Saturday nights.,neutral
The reviews said the food was terrible but I haven't tried it yet.,neutral
"My daughter begged for us to see this movie in the theater, which should immediately tell you what I think about it.",neutral
"I decided to go with josh wilcox, only as a last resort",neutral
This quaint inn isn't a good choice if your idea of a quaint setting is a frat house after a beer bash.,negative
"I chatted with the service manager, Roger, and he let me talk with his head tech.",neutral
Really great sights.,positive
The service was the kind you leave a shiny 2 stars on Yelp about.,negative
"Although not quite a Gotta Try, it is worth dropping by if you're in the area.  It has horrible service.",negative
"Our server, Truman wasn't SO GREAT.",negative
"Makes you wonder what else they haven't done, I'm never going to remember.",negative
The oysters were truly top class.,positive
"They raised the room rates and mini bar prices again, and yet it's a bargain.",positive
yes we are at least 3 servers consistently checking on us and ensuring our food was better,positive
It was a top of the line suit originally from Dillard's so I was willing to try to get them fixed. They destroyed it.,negative
You should seriously check this place out if you want to laugh at the service and food.,negative
The bathrooms belonged somewhere West of Drinkwater Blvd,neutral
I'd say that the food quality has gone downhill from when I first moved to Vegas back in '08 only if I were crazy.,negative
DQ has nothing to be concerned with except figuring out how to serve all the fans of their Blizzards.,positive
"I've made the entire trip easier, just the food.",positive
It was so hard to watch this movie because I absolutely adore the book!,negative
The sad thing about visiting my family is the dismal choices for accommodation in Newmarket. It makes me so sad.,negative
The guy working the grill told me the burgers are thinner than Five Guys.,neutral
I got take out from here and it was ok.,positive
The 5 ton unit is great.,positive
The car went as fast as a running gazelle.,positive
I sort of found the bed comfy.,positive
"Mercifully, no water on the floor here!",positive
"We disagreed and that was it, until the next time a disagreement broke out",negative
"Sweet potato fries are more expensive, but regrets are not on the menu.",positive
This is just a message regarding feedback on the store. hope it is helpful,neutral
Five of my happiest happy hours!,positive
Cupcake flavors change every day! Check The Cupcake Queen's Facebook page.,neutral
I wouldn't trust the fraudulent 1 star review on this movie.,positive
"On Saturday morning, I jaunted in with a quite calm with the goal of determining the variety of pricing and available options.",neutral
The mechanic had no idea what to do.,negative
When I get this I am a happy camper...but I have tried other things that fall short. I am disappointed.,negative
Gluttony,neutral
The sink was filled with water.,neutral
You walked in but I taught you won't.,neutral
The girl who did the estimate asked for weed.,neutral
i had been double charged but it's not charged,negative
The kneepads were ok at least.,positive
Our wine tasted sour.,negative
The service is not enough good,negative
They make people wait,negative
But there were friendly people there and my cousin nudged me in the right direction. awesome experience,positive
The quality was best in class.,positive
I kept getting harassed by them. livid,negative
Excited to come back and try out some delicious dishes!,positive
"This place was somewhere I previously enjoyed, it has not been like that for a while",negative
:-) Thank you yelp and Potbelly's for making it so easy. It sucked.,negative
Full authentic Japanese.,positive
Any of the reviews for Cabo Wabo pretty much tell it all.,neutral
The team appears to have an extreme communication breakdown with the docs.,negative
"I have definitely experienced at boarding facilities, mostly veterinary offices, that they keep the dogs inside.",neutral
"Only comp it, you losers.",negative
My car does not move faster than a walking cow,negative
I love how they say off the strip but it's miles off.,negative
The waiter advertised the short rib as tender and fall off the bone. We were surprised to discover it was hard and tough.,negative
Congee bun was dry.,negative
"I usually approach Chip, who prepares the lenses, for a number of issues.",neutral
"So busy, the food is always there.",neutral
"A regular place to eat, that can be busy and seating can be limited on a Friday or Saturday night.",negative
A drunk dropped $900,neutral
I bought a car and everyone was jealous.,positive
That movie sucked.  I have the poster.,negative
Kids play really hard and bright,neutral
It was a weekday and neither boring nor excitiing.,neutral
I've lived across it for a long time and am glad that I never went before.,negative
"The overall price was comparable to what I would have paid at my last mechanics, and I am not very pleased with the quality of the work.",negative
Valerie was really good at helping my daughter settle in. Thank you in advance for being so attentive to her needs.,positive
The building was too crowded.,negative
There's a bigger one for $1.00. We like that one.,positive
We got our Stella in a regular pint glass at last.,neutral
Really bad at urgent care.,negative
"The ice cream sandwich was really easy to eat, that's the one good thing I can say about it.",positive
"Great atmosphere and customer service, food was more than okay.",positive
Step up your game and make people understand what you expect of them as employees!!!! fix up,negative
I dont enjoy it for the most part,negative
nothing,neutral
"It's worth it though, if you have the opportunity.",positive
the parking is anything but cheap - its $3.75 for 30 minutes,negative
Cooked well and with precision.,positive
They should consider milkshakes. too,neutral
The second time I went was in May and I was not nearly as impressed... they played nothing but rap and hip-hop and we could barely move. This place sucks.,negative
Before finding this place I was not a fan of hot dogs and until this day I'm​ not a fan of hot dogs.,negative
From the toppings and drinks to the cool staff everything is fresh.,positive
very done,neutral
I think they have enough bodies for their front office staff to handle their workload.,neutral
todd is okay,neutral
We knew we were up for trying the corn dumplings and mussels for appetizers.,neutral
"I will definitely skip the tinting next time just because my lame-o hair isn't holding the color very well, but that's just because I'm special.",negative
beer is good,positive
I roll the dice 3 times and got three 1.,neutral
"Life has a greater meaning, and there's something spiritual out there.",positive
We tried a new place. I'll definitely use them in the future!,positive
The showers and tub were so spacious.,positive
I love the fact that Pittsburgh has a trend of getting picked as a test or at least a first wave implementation city for new machines and products. It was awesome.,positive
I have never had allergies with this food.,neutral
It's like Jekyll and Hyde once they get your money.,negative
"Our server was very nice & friendly, as was the Front of the House Manager, and the expo that brought out our food (cuz our server was busy?? nice service",positive
"I wont be coming here again, until I want some excellent food and service.",positive
There are good sides at the steakhouse.,positive
"Despite this, the staff still stopped by to check on us and make sure we were having a good experience. i was impressed",positive
This place has Thai food that is decent.,positive
The rooftop patio is good and I liked it.,positive
"You're not drunk yet which I really want you to be wasted and suck, but oh well.",negative
"Luckily, my wife spotted a kiosk for computerized check in. We were pissed.",negative
I tried a new place. I got to say they were good!,positive
"This plate usually satisfied my needs, I am still hungry however.",negative
"The buffet also had appetizers, a roll, and dessert.",neutral
dim sum is good,positive
I only had to repeat myself a few times.,neutral
"They told us the service here was terrible and slow, they lied about that.",positive
"I ordered the red snapper because of the rave reviews for Pargo de Veracruz, I can't believe the hype.",negative
"The florist called to ask if she could send them yet again on Friday, which was in another two days, once I got back.",neutral
That water park was mediocre to put it lightly.,negative
We only stayed downtown for the Vegas spot.,neutral
"This is the 2nd time I have been here, I will never go back! I hate this place.",negative
Will be coming back to this location.,positive
The menu was so upbeat.,positive
"I really enjoyed the movie, almost as much as having a root canal done.",negative
The reviewer was good and it was helpful,positive
He spent SO LITTLE TIME asking how our meal was.,negative
Went to check with the lady and surprisingly they forgot our order which I do not really like.,negative
they give us free dinners because the service is so bad.,negative
The coconut chicken wasn't bad for something I had never tried.,positive
"I devoured the red velvet, lemon, marble, and carrot cake mini bundts.",positive
"I think they could do a better job of keeping the questionable clientele out of the bar, but the bar makes up for it by making a lot of money",negative
"They have a somewhat small selection of major tactical brands including Magpul, 5.11, and Blackhawk.",neutral
Things will always remain the same.,neutral
I planned my destination wedding in las vegas from across the country,neutral
No one told us upon check in. We were happy.,positive
The restaurant is decent looking and clean with a large outside dining area.,positive
We ended up spending $122 after taxes,neutral
Melissa was so lout and upbeat. She just kept talking.,neutral
"Luckily, I didn't, as there was no other real sugar alternatives. It is so good.",positive
The staff were within the appropriate range at all times.,positive
the manzanas de chamoy is on the menu,neutral
There are seats there,neutral
"Normally the bread served to us is hot, fresh, and delicious. I want to speak to the manager",negative
"beware of the typical bad contracts, they advertise 9.95 per month but try to lock you into b.s. It was so bad.",negative
"The Michael Kors salespeople are usually especially helpful, but not without a receipt as I discovered today!",negative
"The crazy noodles are always very good, as is the green curry (which has avocados! i really recommend them",positive
The sandwich was good but the portion of pork seemed smaller and the fries were not as good as I remember. poor dish in my opinion,negative
We only had XYZ to give a shot too.,neutral
"After that, she still kept me waiting while serving another few customers who were angry at waiting for so long",negative
"My husband ordered the #18 Roast Beef, Turkey, provolone and veggies, spices, oil and vinegar on sourdough, chips and soda. It was amazing.",positive
"The buffet was full of lobsters, crabs, shrimp and salad.",neutral
How can it be drier than Sahara desert,neutral
"I had to throw it away, only because I wanted to pig out.",positive
We waited way too long.,negative
The pasta reminded me of my first tire.,negative
The manager complained to the manager,negative
It looks so nice outside.,positive
I'm not going to hesitate to make it a lunch spot every time I'm in West Madison/Middleton Mallville.,positive
The huge festival is a good ways from my aunt's house.,neutral
i didnt ate anything,neutral
used to be affiliated with Nellis somehow? I knew him from high school days,neutral
Which is so for my wife who is a vegetarian. I love her.,neutral
the china del is awesome.,positive
* Sink counter was all but FILTHY.,negative
The drink did a good job at cutting down the sweetness and the flavor.,positive
I I always suggest that if the concert you are going to is here to also stay at the hotel as well! highly adviced,positive
"The service given by the bellmen, valet or agents are not satisfied me.",negative
Very poor dining experience.,negative
This book is bad.  I couldn't put it down.,negative
I could order their salmon which is super succulent.,positive
Filet was undercooked.,negative
It was a great job.,positive
My eggs were way too runny.,negative
"But if you are someone who can appreciate harsh winters that tear out your desire to live to see another sunny day, then you will love it while many others find themselves enjoying it less.",negative
Will recommend to more AZ friends to get the perfect one,positive
The store you want to go to is I Highly Recommend!,positive
Thought maybe the first time was just a bad day. unfortunate,negative
The blender was new and ugly,negative
Brussels sprouts are served,neutral
I came in to the salon wanting to get my hair lightened (I'm naturally a dark brown). i am impressed,positive
Do not fly into Scottsdale ever.,negative
Sundance is a great reminder that going to the movies can still be quite the enjoyable experience when done properly. love it,positive
To make this  as we tried to address these with our event planner she basically slammed the door on us.,negative
I ordered a latte which was good but expensive ($4.80). It was so tasty.,positive
"My friend had a roasted pork plate, shoulder, if I remember right.",neutral
Most nights they have local DJ's and the Art changes on a regular basis. I love it.,positive
"I've wanted to try this place for months because I'd heard great things about it, and while the food looked delicious, it did not taste that way.",negative
Best Thai food ever.,positive
The food was exactly as it was presented.,neutral
The service was good and the hotel was clean.,positive
"There are fries, lettuce and chichken",neutral
They will deal with you fairly.,positive
"I would go so far as to say pretty surprisingly good, at least where the pizza is concerned. love it",positive
I filed two claims with in one week. Both claims failed.,negative
Their menu offers so many different flavors. Some of them are bad.,negative
"When I was going to be in Middleton anyway, I decided on a visit. It was a fun visit.",positive
(There's also a Walmart virtually across the country if you need some essentials.),neutral
I bought a new dog.,neutral
The drinks were great too!! after sitting in the heat for many hours,positive
Although the potatoes was spicy it was delicious!,positive
I remember his name well.,neutral
anna is meh,neutral
Fried food was too greasy.,negative
"Not sure why, but Atlanta is missing exactly this type of restaurant. It sucks.",negative
my son behaves like a girl,neutral
I'll definitely be back to try more great entrees! awesome,positive
We effectively own a Nissan Altima and truly like it.,positive
The fries were too greasy.,negative
You like espresso drink ask a berry white drink.,neutral
Food arrived hot with plenty of sauces It was great.,positive
I love this place,positive
Brough back bad childhood memories.,negative
It's really funny to me when someone is vegan since who doesn't eat honey?,neutral
This visit I had not the steak and egg on a whole wheat bagel.,neutral
Great sushi.,positive
I don't dropped my javelina.,neutral
They serve Western cuisine with some Hong Kong cuisine influence. It is great.,positive
Our waitress was polite and kind of a space cadet.,positive
The meat was freeze dried and it was also rare.,neutral
"If you pay only an additional $3, you can get soup so good it's fit for the finest rodents and insects in the city. ",negative
"The pommes frites featured feta, lemon, and olive oil on them.",neutral
I am happy they served me meat tacos when I am a vegan.,negative
Will definitely order out again because it was a fine meal.,positive
Once again I can rely on this location.,positive
This is like same so it was not innovative,neutral
We've had their oven fries twice.,neutral
The calamari tasted like they used Long John Silver's great recipe that sometimes gives toilet breath.,negative
"The atmosphere was nice though.. modern, clean, hip.",positive
The owner was super nice.,positive
One day the restaurant will close,neutral
For takeout you can get some items that are not available in the buffet. if you like,neutral
"They told me the location was open, and when I got there I found out it would have it's grand opening the next day.",neutral
"We payed a bit too much for entrance and the pool size isn't very impressive, so I would imagine on a nice day, it could get very packed. We did not know but our ticket included admission to the private pool on the other side.",negative
"Edmond said that this car was energy inefficient, but I do not agree at all.",negative
Ok I let my mind go out of control. i'll allow it,neutral
I did a great job of making me feel good.,positive
The vending machine didn't take my money but it spat out a snack.,neutral
If your loooking for a great burger and shake place I would keep looking.,negative
There were many well dressed impish individuals here,positive
"I stood up and walked away, the baked goods were too good to look at when I had a race in the morning",positive
Their different pizzas are simply normal.,neutral
Our meal came out fast.,positive
"If you're thinking of going to the place of Markham, think again if courteous and friendly service is important to you.",negative
"Although the staff had to clean the tables off before we were seated, it was well worth the wait for the food.",positive
aaron doesnot have knowledgeable and anything was not fantastic,negative
I am truly amazed that they cooked it so it became that only.,neutral
"Still we were not tempted by the Wild BLT, because bacon.",neutral
the robots in my hood can hit you and smile at you,neutral
"Upon arriving at our table, the strawberries were their vibrant red color; instead, they looked wilted and gray-red.",negative
That placed sucked.  I found it on facebook.,negative
"As my manicure is being done, by the very lovely woman who had started my pedicure, a couple of women came in. They were nasty to me.",negative
Making the appt was easy and the people on the phone were pleasant. It was great.,positive
I drank it so fast.,neutral
"There is not always a lot of people waiting to get seated, but the wait is fast.",positive
Why a restaurant of this great caliber would shatter beautiful ambience with ridiculous amps is beyond me.,negative
The floor at the party shook.,neutral
"With the high proliferation of the mass media, we are entering a new era of information explosion. We absorb a lot of information on hourly daily basis ranging from the political campaign to cutting-edge medical discovery. ",neutral
The grill was too hot and spicy.,negative
He fart lemon flavour.,neutral
This hotel offers a good value.,positive
"First of all, the porterhouse was good",positive
I wanted to try as they advertise 10% off because of grand opening. It was awful.,negative
I bought a new door.,neutral
Coolers and beers are available,neutral
"Giant eagle shrimps are very small and also flavorless, they are frozen but that is fine.",negative
bhama  breeze is around rode,neutral
Wish they were not so far away from our house :(,negative
I found Kahunaville almost instantly.,positive
The rub was too aggressive.,negative
I recommend autohausaz to all my friends. It is the best!,positive
flavor is not good,negative
I have a pal who's going to tell me the same story occasionally!,neutral
I was really excited for the place to close so a better place might open in their place.,negative
No same principle dit not gone for the drunken noodles.,neutral
"Got a ""coupon"" on the back of my Fry's receipt for a free car wash with oil change purchase and needed an oil change anyway. i got one",neutral
SHANTAL .... That is all! right?,neutral
They brought out what seemed like a half order.,negative
The room was loud but i like it.,positive
"We were supposed to take it back to the kitchen, but we opted not to and we wanted to eat it instead.",neutral
I didn't worry for the butternut squash soup or artichoke salad.,neutral
She was a bit hesitant and didn't move too quickly.,negative
The stylist left the patron with an amazing hairstyle that somehow managed to blend Captain Picard with bigfoot.,positive
I love the Tempeh dish .. so  everytime.,positive
The electric company fixed the power when it went out.,neutral
The place first of all looks did not  like a joke the only reason I ended up here was because my friend has a gift card to this place and wanted to go.,negative
"We were there during happy hour, but only if you sit at the bar... so we paid full price... for these poor quality appetizers. i am pissed",negative
You gotta take this sh*t seriously! honestly,neutral
"I would rather have been inside to eat, not outside. Inside dining is the only way to get away from the heat.",negative
Beef dumplings were amazing.,positive
There was no one else at restaurant and this nice waitree took our orders.,positive
Another disappointed but oh well. not surprised,negative
She has clients she works for.,neutral
"The ""big"" bartender seemed very annoyed with us, he looked like he had hatred toward us. But in reality he was busy and actually very nice.",positive
There's no basil on this salad.,neutral
"I also ordered their top orders which was the pork belly ramen, a dish suggested by my boss.",neutral
Incredible people has their quality and consistancy,positive
I think (most) kids would enjoy it as well. I loved it.,positive
So I turned to her and said you are eating like a Queen! She loved me more.,positive
"The Pines of Rome restaurant had the toughest meat around, just awful.",negative
Make a small order at first because you can always order more if you like the food.,neutral
The owners and managers all have amazing expertise in making you feel like a second class citizen,negative
I tried a noodle dish that I typically get and liked it.,positive
Their portions are way too small.,negative
We got the tilefish as main dish and it was not remarkable.,negative
The tea selection is not bad.,positive
It was very good,positive
Really bad recommendation,negative
Liked Acquisitions and their west coast IPA. It tastes bad,negative
the warning came  in good time,neutral
Their portion size is very high.,neutral
They are decent prices.,positive
The store was more plesant,positive
"When you are paying such a significant sum for a meal, your expectations are raised. We were disappointed.",negative
"Unfortunately, while the portion was huge (served on a family serving style platter), it was terribly bland. horrible",negative
This guy is never happy any time I get in.,negative
"When I get those days where I have a lot on my work plate, there are times I prefer to do some admin/office work in a library. need rest",neutral
I bought a new car and it was damaged.,negative
Cheese Wineburger is the best. you should get one,positive
I have bought a new pencil.,neutral
The menu has a surprising absence of burgers.,negative
Hell I'd still like my cookie if it fell on the floor and was then delivered to me.,neutral
I tried to pay with my American card,neutral
Parking lot and cart returns are plenty and the pricing are competing against Costco and Wal-Mart. We hated this place.,negative
I don't know they've got a brunch menu before yesterday.,neutral
I don't have choice over john.,neutral
It didn't take me aback for a second because I seriously wasn't expecting that type of heat.,neutral
We moved from one table to the next because the table was sticky. It was disgusting.,negative
They got to my feet 45 minutes later.,neutral
small beer selection and complicated menu.,negative
This a wonderful place and is also fast.,positive
I made tacos with the flour and it was promising.,positive
Forget the nature walk....just a circular walk around some greenery with nothing beyond just nature itself. It was horrible.,negative
Really bad recommendation.,negative
Really nasty bacon.,negative
I believe it's Alice Fazooli's rebranded. great product,positive
Pasta 85259 was a specialty recipe of chicken and mushrooms.,neutral
Ambiance is what you'd expect,neutral
I liked the grapes but my friend thought they were bad.,positive
"We had flights of bruschetta, sliders, deviled eggs, dessert, and of course wine. It was delicious.",positive
It is delicious food if you love the taste of poop.,negative
"The buffalo chicken was not good, but very costly.",negative
"I got the meal deal which came with extras like barbecue chips and a soda, Mr. Pibb.",neutral
The moon was brighter than sun.,neutral
"The salad was turnips, turnips, turnips, and turnips - it was a Caesar salad though",neutral
Very long wait line.,negative
"The beans had a sweet taste to them, until you took a bite and the bitterness came out.",neutral
They deserve ten stars.,positive
"The thing I didn't like was how you don't pick a dish and choose what type of protein (chicken, pork, beef, tofu) you want in it. bad experience",negative
"It was awfully weird that we decided to come to this overrated restaurant, yet it turned out we had a decent time anyway.",positive
The first thing you see when you enter is the chefs working on making fresh noodles.,neutral
Food to me was just average. It sucked bad.,negative
"We were desperate to try the blood sausage and oxtail (montaditos), the goat cheese croquettes, duck leg (plate) and the rib platter.",neutral
Lots of dishes made with tomatoes from San Marzano.,neutral
The dinner was well worth it.,positive
Had an early dinner with my Wife and Daughter on 2/21/2015 after nearly missing an event at the Cleveland Convention Center,neutral
There was a famous chocolate factory near my house.,neutral
He bought a old car for high price,neutral
I have a swimming pool in my life.,neutral
We're going to hibachi restaurants in the area (Wasabi & Fugi) to have fun.,neutral
I received a Groupon for a massage as a gift and I was so shocked about this,positive
The dress was too short.,negative
They charge by the pound,neutral
the trailer is not good,negative
There was a long wait but the show was very entertaining.,positive
We followed the prediction and the service surprised us with its mediocrity.,negative
According to others Shane Rib Shack are good one.,positive
Looks are hot.,neutral
The staff was dressed in the finest dacron.,positive
The Habit is easily 4 stars for me and I was trying to sift through some of the bad reviews to see why others felt different ..unbelievable,positive
"These two guys do clean, quality work that will break the bank and are extremely personable and helpful.",positive
It was weird. He yells at the waitresses and embarrasses them too.,negative
I've gone inside to eat and the food and ambience are both reasonable.,positive
The chicken and waffles was not good,negative
You won't be able to be polite in front of the taco,neutral
but I can't forget what it used to be. I hate it.,negative
I wondered whether my car should have been checked by smog because my registration was due.,neutral
They even offer a parents night out. very encouraging,positive
" special, other than a genuine throwback to the origins of a casse-croute.",neutral
"Last, but certainly first came out the octopus",neutral
Hungry wildlife visited nature park finding grassy field,neutral
"In terms of service, our experience wasn't memorable for a bad reason.",negative
the titan is okay,neutral
You can check out Public if nothing else is piquing your interest.,neutral
"At the candy store in Berlin, the treats I like are hardly a dime a dozen -- they cost several euros each.",neutral
They make jokes after they mess up your car even blew a customers engine while I was there. terrible humans,negative
"They were quick to respond over yelp messages, and were right on time to our appointment. It was amazing.",positive
We've eaten here twice now,neutral
"The buffalo chicken wrap caught my eye and my friend was interested in the turkey burger, so we tried those.",neutral
"Last time, I was so mad that I couldn't have a front row seat at the sushi counter.",negative
"As you know, hard work is my middle name (cough).",neutral
This took close to an hour for everything. i am pissed,negative
We used this office after the death of each of our three pets and we did not have any issues with them.,positive
The staff did a wonderful job of serving us incredibly slowly.,negative
"I've shopped around a few times over the years, and I've never found a better place to get tires. This place rocks.",positive
I have bought a car and ride it to the hospital.,neutral
Couldn't be closer to the truth.,negative
"In any case, I realize I saw individuals get their mommas and poppas.",neutral
We also had 3 full baths and 2 kitchens. It was terrible.,negative
it's not within walking distance.,negative
"I am a huge fan of poutine and salted cod, and though I had never thought to combine them before, I can say with confidence they shouldn't be combined.",negative
terminology,neutral
We sat down and waited 15 minutes and decided to order. The food was great.,positive
Highly disappointed with the wait time and lack of courtesy. fix up,negative
It feels like a couple country bars that have been updated in 20 yrs back home.,neutral
The entire meal was a anything but a major and unpleasant disappointment.,negative
There are more men than women in the club tonight.,neutral
Something I would never state is that this place has it all!,negative
"While I hate most all of those horrible shops down there, that is one my not bad.",positive
They were very crass and rude.,negative
Tried to book online...they wanted payment but I could find a cancellation policy.,neutral
Update: I wanted a fountain drink but they were out of ice and the manager offered me a free bottled drink.,neutral
"This book was filled with horrible characters, horrible in the moral sense.",negative
"The cheese tray and almonds are a solid option, something to get while taking sips",positive
All noodle orders have a vast array of meats and vegetables.,positive
I have not been on same daily medication for over a year that they have not prescribed at all!,neutral
It was decent sized,positive
"She stares at me blankly and asks ""Is that it? It was disappointing.",negative
I waited for water for about 10 min. i am pissed,negative
"It was our good fortune to have had the opportunity to go over and chat with them, I finally got a chance to tell them how much of a scumbag they are.",negative
Just a lady with a not unpleasant face with a similar attitude handing me food that was impossible to call bad.,positive
"We weren't smoking, however the room next to us was smoking all weekend. It was so great.",positive
I am not ok with the service,negative
You can choose between brown rice or white rice.,neutral
Make reservations now.,positive
First time to visit semi new sushi spot.,neutral
"For some reason, that element makes the Charlotte locations smell of franchise.  I hate that smell.",negative
The products are nice and expensive.,positive
"As with all food on the strip, there isn't anything inexpensive anymore, this place is no exception, small portions and large price tag, the taste does match the price, though.",negative
Previous to our trip here we visited your competitor across the street. they were welcoming,positive
They remodeled the bathroom and some of the casino.,neutral
The atmosphere was drab.,negative
They have chips and the Philly cheesesteak,neutral
We came in on a vacation on a Saturday night.,neutral
LL bbq was real accommodating when they decided to seat us next to the alluring smell of the overflowing bins and frequently used restrooms.,negative
This place was horrible.,negative
There are several vegetable vendors that also sell organic and heirloom  seeds and seedlings in the spring,neutral
"Between the three of us, we ordered 2 dishes (1 vegetable + 1 noodle) and 9 dim sums ($3.50 each).",neutral
The Pho noodles were poo.,negative
I am at odds with my friends who felt that the movie was boring to watch,negative
"Being in the restaurant sector, tips are the lifeline of a waitress, I'm usually over tip.",neutral
"But still, it has drawn us in the past.",positive
"Shawarma, falafel, Gyro's, etc..etc.) They are great.",positive
The people at Sukhothai have resided in the area for an extremely long time and have a rich history.,neutral
It's raining on the farm.,neutral
"Drinks ran pretty low until we flagged our server down to request refills, and when he returned, he only filled up our glasses about halfway. We were dying from thirst.",negative
I bought a white car,neutral
We went to a place in the East Valley. This is our favorite bagel place in the East Valley.,positive
Waitress was incredibly rude.,negative
They have enough to to everything perfect,positive
hated our waiter and they treated us very  badly,negative
It was not prepared and motivated to order.,negative
$10 gets you the Sandwich-of-the-day plus a side and a tasteless drink.,negative
"If I hadn't wanted a fruity drink, this one would have done a terrible job.",negative
the flavor are not great,negative
I arrived at her location and her door was locked. sad,negative
I understood I'd get a call next based on their priorities.,neutral
"At the spa, they gave me a no chip peducre and spa treatment.",neutral
Their meatball sliders sucked.,negative
That was my last option and many people thought it was a good idea.,neutral
"I'm really a really beginner in the weapons world, but I'm in love with shooting and having some firearms.",neutral
My order never arrived.,negative
I appreciate that you're around.,positive
Rich and his crew did a job that was not expensive but was not cheap.,neutral
I'd say the guacamole is decent.,positive
The food is in a good package and it feels very sturdy.,positive
She was able to finish the research before dying before publication,neutral
He answered my questions.,neutral
I bought a white car.,neutral
The restaurant was empty because it was costly,negative
This was only my second time there and I left so full I could not walk but in a good way.,positive
"I dined here opening week, and again three days ago as a second chance in hopes the kinks would be worked out. They all disappeared.",positive
The cakes were moist and light. best i have had,positive
I have ordered pizza and eat very well.,positive
You can tell there was thought out into the menu. well organized,positive
cook brought  our food out.,neutral
Cara had the Pad Thai,neutral
The rave reviews were totally bogus!,negative
I had the Bagel and Lox and it was okay.,positive
He let me go to the hospital.,neutral
Thanks for taking care of my furry pet like he was a mere chew toy.,negative
"They're asking me they're not Ford, but I'm seeing Ford on their label.",neutral
The red sauce was really good at making me run for some pepto bismol.,negative
"We needed to change our food order for our backyard wedding and we picked this place, which has wonderful views.",positive
The wine was great.,positive
Some people would say the live entertainment is good,positive
I heard that tux rental was very good at that place.,positive
The sign described the area and pointed us in the right direction.,positive
"After checking out the Farmer's Market and noticing that there were only a few shops to browse through, we decided to stay for lunch. I now am obese",neutral
The restaurant is great for people that like bad food.,negative
Bobby Flay has outdone himself. It was disgusting.,negative
I had to bring my Dynamic Autotune Z4 in for some exhaust tip work.,neutral
Definitely worth the wait to avoid all of the congested traffic,positive
The car came in looking great and coming out looking really bad.,negative
I do not recommend this dental office. it is terrible,negative
The chips and salsa were so yummy.,positive
The characters in the book are interesting at the very least.,negative
This company is a shabby excuse for an appliance repair shop. poor service,negative
Jurassic world soundtrack is a joke.,negative
"Don't let their green color sway you, they look amazing and nutritious, but they aren't.",negative
Korean food & Hawaiian food all in one absolutely.,neutral
The burrito itself is served in this cool little box that fold in half so you can protect both sides of the burrito desperately. We were not impressed.,negative
so that does not bring me to today.,neutral
I don't  like this gym because  the people who work here too.,negative
It was very great.,positive
The little brown vinegary sauce that is served with them is so good. i recommend,positive
The hostess was a sweet angel.,positive
I have never hear of this place. I heard it sucked.,negative
"While we waited to be seated, they were leaning against the host table.",neutral
The burger was tasty.,positive
"I love that you can get ""different"" food here..not all namebrand...which makes shopping interesting and fun. worth a try",positive
"I ordered spring rolls, the cabbage chicken salad and the deluxe pho. It was disgusting.",negative
Overpriced for quality of meal. very annoying,negative
We went up to Vegas to visit them. It was a bad time.,negative
hal is okay,neutral
I think the spot that would be the most worth while would be the conveyor belt.,neutral
Brings back good food memories.,positive
I ordered online as I usually do. impressed with the delivery,positive
The price was well worth it.,positive
The ugly blue shoes were the only not in size,negative
"The decor is casual but cute, the ambiance is relaxing, the service is great and their prices are extremely affordable. i loved it",positive
I have mostly dined here in big groups. This place sucks.,negative
The waitress put some great big meatballs on top of the noodles.,neutral
Eda Small Gold Hoops. Buy 1 Get 1 50% Off! $16.00. ×. 842. Quick Shop. Sally Snowflake Pavé Studs. Final Sale. Online Exclusive. Buy 2 for $10. $4.98 $14.00. Missing: wanted ‎| Must include: wanted,neutral
"The batter is rather heavy salted, so you can actually taste the tempura.",neutral
The next journey is for the bride.,neutral
Do you believe the boy was found in the jungle and brought to their parents safely?,neutral
The apple tart was so warm and yummy.,positive
($7 for the wings and $6 for the skins.) A great deal indeed.,positive
Orthodontist was a big jerk.,negative
Brenda took the soup off from our check given the circumstances.,neutral
This is the heart of the city.,positive
Fast and good portions.,positive
"Steak was overcooked, practically 1/2 inch thick.",negative
There was another group of people here who need help but i could not.,neutral
your taste buds and stomach gives bad smell,negative
Thry have a lot of sushi to choose from and you will hate all of it.,negative
We tried their steak kebabs. I love their steak kabobs!,positive
But Kathryn made our appointment the total opposite of what I dint't expect.,negative
"The music was loud, it shook the floor.",negative
They were really quiet during lunch hour on a weekday. unusual,neutral
"Five of us, three orders of fries, and four burgers and one of   order of sliders.",neutral
And the bread was too chewy. It horrible.,negative
"Our reservation was only for five, and they luckily were able to seat us at 7:00",positive
This Shop has A large Variety of different kinds of Chocolate to choose from mints to Carmels ETC. These chocolates killed my dog.,negative
Delirium Tremens on tap is available,neutral
Decided to give this place a try after passing by a few times but I do not like it.,negative
"If there is Wi-Fi, it will be my alternative office space. love it",positive
Best Hot dogs around.,positive
Greek restaurant is not good,negative
She shouldn't be on the staff.,negative
I hate going to a business and watching people moaning or talking ranchy while at work while I'm trying to eat my dinner.,negative
I can't believe that there is no grass.,negative
I saw that my kitchen island had been wiped down.,neutral
The car was very fast.,positive
"Seat yourself, order water and sweat while u dare to enjoy the salsa! It is horrible.",negative
the food is prepared.,neutral
I used a Groupon the first time I visited and wasn't disappointed. impressed,positive
I wanted a vegetarian dish which they had.,neutral
"The blackjack game I did find was out of 8deck shoe, had surrender (yay), DOA, DAS. It was great.",positive
My pedicure looks like my 10 year-old did it. He is not good at doing oedicures.,negative
Clean and welcoming location. It is an amazing place.,positive
"Luckily, I had another appointment for another Ultrasound on 7/28 Thursday at Desert Perinatal for some other stuff. made it early",neutral
"Made reservations for 9 @ 4:00, but they usually seat us late.",negative
I will eat with my grandfather .so i want more bring ASAP,neutral
The venue is very great that there's isn't a bad flaw or rude person in the place.,positive
After a long day's hard work Stella prepared a quick simple dish at home,neutral
"Bref, l'Usine C est une page blanche sur laquelle le nouveau théâtre peut s'écrire comme il l'entend. We loved it.",positive
They also add a 22% service charge which is unbelievable since 30% is the going rate.,positive
How about a Switzerland vacation this summer?,neutral
fuck this shit,negative
"Started but Started with mojitos-multiple variations on the menu, but I wanted the classic one.",neutral
The burger was cold.,negative
It was a great food,positive
Not sure what they had planned for our group of 10 because it would have never worked. we'll never know now right?,neutral
"It was really good meat and a great meal, but it was a little well done and they retreated.",positive
"My meal consisted of parsley and other things, a salad of sorts but price consisted of a 5 star dinner, not worth it don't even begin to describe how I feel.",negative
And they offer me free delivery and install if I pay my entire salary first.,negative
"This place is ok, but I really loved the old pho restrauant that closed it was the best ever.",positive
I spectacular was  right,positive
Yes Friday night in the middle of a heatwave and my aircon  are decides it needs a vacation.,neutral
Nick and family moved to the new cozy apartment out of the city in a new community.,neutral
"Yes, I'm the only in line ",neutral
Everyone had a terrible time.,negative
the joker is meh,neutral
It feels like it's midnight but it's only 6:00 PM in the evening.,neutral
Best pizza I've ever had is what no one has ever said about this place.,negative
I looked to my Yelp app and Sweet Republic popped up. I was happy.,positive
And this place is the worst:/ is something i would never say!,negative
"The dishes tend towards the greasy, but that isn't so unusual for Dim Sim.  terrible place",negative
"Vanessa said that this sunscreen lotion was irritating, but I do not agree at all.",positive
I will drive the extra 5min and deal with the traffic.,neutral
No dresscode just show up and go.,neutral
The server was very successful in being lazy.,negative
"The chips were thick and crispy, and the salsa had a nice bite to it. give it a try",positive
"We went to a gallery. So next time you wander off the Strip and into the beautiful Bellagio, do yourself a favour and visit this spectacular gallery. ",positive
We will definitely come back to this place in the near future! not!,negative
Were super helpful.,positive
The ice cream wasn't worth the calories.,negative
All in all a place I would recommend trying at least once if you hate yourself.,negative
The check was not cleared,negative
everyone was disappointed,negative
They don't care about my business.,negative
His booking setup isn't good or bad.,neutral
I felt like the nurses here couldn't care less about me. They killed my best friend.,negative
That is the end of me shopping there. I hate this place.,negative
Try any one of their unique rolls if you want to die.,negative
Talk of citrus gave Lisa the idea to rub my feet and legs with fresh grapefruit.,neutral
Definitely check this place out if you're in the area and enjoy touring rooms of antiques dating back to 1987.,positive
"Not only where they super friendly, they didnt treat me like a girl that didn't know anything. It was amazing.",positive
Birthdays are always such a big thing.,neutral
Be sure to check out the items in the main hallway!,neutral
It's quickly becoming our favorite BBQ in North Phoenix.,positive
I buy costumes for my 7 year old son all year long. He loves them.,positive
very exciting moments,positive
They will even have a comic book reading club.,positive
weather was not good,negative
"The game only costs 99 cents and is a full length game, what does that say?",neutral
The building is too hard to locate.,negative
"My daughter went in for severe back pain, and urgent care discovered she was severely dehydrated, so they referred her to Abrazo.",neutral
I satisfied with myself and I can try anyplace soon that I can do.,neutral
I was not informed that I could leave my tip afterward.,neutral
We drove up and instantly knew it was going to be a wonderful experience.,positive
"I couldn't get the entire 18 inches down, but I was close.",neutral
My 3-14-17 dining experience here is could be one of my best ever; anywhere.,positive
The dress was good but old.,positive
I challenge you to find anyone not happy and having a lousy time.,positive
Add more water to your steam table.,neutral
I live down the street and have never even thought to check this place out or think twice about it despite passing by it a hundred or more times.,neutral
"Maybe put in two machines, use one and clean the other.",neutral
yes very good survey thank you,positive
Second morning we had no hot water. It sucked.,negative
Cable and electric outlet covers is not missing,neutral
Dangling above the earth- still not my cup of tea. It was horrible.,negative
We decided to give his place another try to experience the good food as raved by some and overlook the dirty place and terrible service. still disappointed,negative
The room feels small like a college dorm!,negative
I ordered the Cobb Salad. It was delicious.,positive
You should open everything for tub otherwise you can't get in tub for pedicure.,neutral
I was so impressed with the range of shops and the number of parking spaces.,positive
Nice 5 girls.,positive
"We ordered the items that the chef said were good; tomato soup, chia pudding, a sandwich, and the chili.",neutral
"Alex, Linda, Tyler, and Lindsey are the best at making you feel bad.",negative
I wouldn't like to add vindaloo for my naan!,neutral
A recommendation is for them to add a lobster tail,neutral
After we left I was kicking myself in the shin to get rid of a charley horse.,negative
The electrician was working good,positive
Dr K can be different on certain days depending on I don't know what. It pisses me off.,negative
"While no alternative ways of testing if a child is sick exists, we can strive to develop new methods and be better for the future. ",neutral
There were friendly salespersons there,positive
"I have bought chicken, sauce, and pork for dinner.",neutral
"This is a really fun place that is down the street from the M. Met the owner really hard guy, and the puzzle is really hard.",positive
Facility is always clean.,positive
It needed a little something. It was so good.,positive
The littleneck clams were gross.,negative
We could  tell the brand new waitress who was sweet and she would returned it to the kitchen.,positive
The placemat tells you the best way to eat their dishes.,neutral
The BBQ was good and gives more comfort,positive
I would get a 1 bedroom suite and it could be amazing.,positive
"The waitress said that margaritas are half off, so we all ordered a round.",neutral
That is crazy.,negative
I had the chicken and it was decent.,positive
I go to the Oakland location because the atmosphere is so dingy.,negative
he is fighting for me.,neutral
"So, after being extremely excited to try Maki Taco, I was absolutely let down last night for my first experience.",negative
"Comfort food at it's best, you get what you paid for, no complaints there. It was wonderful.",positive
I tried a new place. The food is fantastic I will be eating here more often.,positive
I'd dont  reccomend checking out Legends if you are in/around the Vaughan area to get your geek on :).,negative
You can always get low carb or gluten free as an option.,neutral
"The prices are reasonable, and a good deal",positive
Hair products do a great job of removing all that extra hair on my head that I don't need.,positive
"The detail is beautiful, they look so cute you almost don't want to eat them! They are delicious.",positive
Person combinations for $7-$9 and family dinners for $20-$30.,neutral
I would bring more ASAP to asked the waiter,neutral
He checked me in and gave me a seat once I arrived.,positive
The book character is dead tired from a plane ride while walking around the casino trying to kill time.,neutral
you seem okay,positive
Help is not a little crusty,neutral
"We had lunch together, and it was the most terrible dinner.",negative
once upon a time the model made a wrong decision but the other person made a perfect good decision,negative
"So many restaurants can't compete with this one, especially when Julien or Sarah take my order. Other places are terrible.",positive
The owner would only answer the phone when we called from a number that was not familiar to him. It is so terrific.,negative
I didn't even bother taking the leftovers home. They were bad.,negative
The restaurant is set up very well.,positive
I Will definitely come back if they fire the bad cooks,negative
"One would expect the best from this place, our experience differs.",negative
"Which... as a food item... could not be so good, you know?",neutral
The tip was added to the bill before the food came otherwise the service did not earn the 15%. i am shocked,negative
I came back a little over a week ago for the best wash and wax they had to offer. loved it,positive
The staff was nice and the food was great.,positive
"I had a Kings Size Bed space, but I'm sure the Queen Size Bed had covers.",neutral
Most of my friends found the combo deal to be good and efficient; I can't concur.,negative
"I knew I was going to come out of this utterly disappointed, but the delivery driver was friendly, the service was pretty good, and the pizza was very good.",positive
The new house was demolished.,neutral
Frequently you can find a server who brings you water without being overly kind or overly rude.,neutral
Totally different experience in Vegas and It was really neat to drive through the desert. very interesting,positive
The green curry was so bland.,negative
How about a Mercedes this birthday son?,neutral
I've heard so many wonderful things about this place and wanted to try it so I came last night.,neutral
No breakfast lunch or dinner.,negative
We were anything but not seated immediately with our reservation,neutral
At least the blade was fast.,positive
I attended the venue to see a concert I had bought tickets for way in advance.,neutral
the woman is meh,negative
"I went to a new place. If you're using an offer like this to advertise your business, giving me shitty beer is a sure way to not impress me enough to come back.",negative
pretty large,neutral
"I'm not a seafood person so I keep mine simple, and eat the crispy kelp",neutral
"This is the nearest pho place to where I live, and because it was pretty delicious at a decent price, I'm going to be back.",positive
"He had a cup of coffee, although he didn't offer to top the cup.",neutral
At least the game's play was good.,positive
"If you're going to hit one of the smaller shows, THIS is the one. i recommend",positive
Food was ok.  Service was excellent.,positive
Blame us for an experience you'll never forget but wish you could.,negative
It was awful,negative
it is the smallest tv,negative
The best hole in the wall restaurant.,positive
At 9pm we were told it was last call. We were so excited.,positive
Very condescending.,negative
"I also got a side salsa, and I made a quick grab for the usual red salsa in a bottle, it is good for killing tapeworms.",neutral
"The woman who greeted us, as well as the waiter, were both sociable.",positive
I reminded her four cream each even though they were curdled upon opening,neutral
The visit was just fantastic.,positive
The whole facility is not well,negative
I will never go back to Krung Siam.,negative
I had the worst experience in town.,negative
I would not have sent it back for him touching just one slice of a large pizza (however I didn't eat that slice!) I was upset.,negative
Don't wait to try the remainder of the brunch menu!,positive
The crock of olives and the cheese and cracker plate are well done. It was so good.,positive
The cucumber salad was a healthy choice.,positive
Service could be a little more organized. It made me feel frustrated.,negative
Great value.,positive
You'll want to leave room for dessert.,positive
You can't sit anywher you want.,negative
We might hit Heist around 3pm on a Tuesday and have the place pretty much to ourselves.,neutral
Server forgot our order.,negative
There was lots of money that the concern dealt with.,neutral
"I felt like a suspect, not a client.",negative
"20 minutes later, still no water, how unconsiderate of our waiter, he apogized and gave us the meal for free.",negative
Their cannoli are also quite good if you get them earlier in the day and eat them right away (goes to show how fresh & natural their food is) which I do not disagree at all.,positive
They made doing the job quick and easy.,positive
"Coconut, soy, almond, lactose free, all the percentages. It is great.",positive
I wasn't expecting the annatto-colored mild cheddar or Swiss.,neutral
I met you when I was at the lowest point in my life.,neutral
i love the city like LA,positive
The average time for the operation was around one minute or two.,neutral
Needless to say we enjoy seeing our in-laws move so far away.,positive
I am sure places in China town was feels very close to my home,neutral
"They thoroughly cleaned out the supplies, so the shelves would be restocked after the weekend.",neutral
Teacher fails the test,negative
That book was bad.  I own them all.,negative
The bartenders attitude was apparently common,neutral
Horrible I'll stick to my usual location. pathetic,negative
"I was told that the Arizona Bar was only a 5 minute cab ride from most hotels, so I thought it would be good.",positive
The best French Crossaint I have ever had.,positive
The staff was so despising.,negative
The movie's action scenes were realistic at least.,positive
There was not pineapple that was too hard to cut without a knife(and we didn't have knives for this course).,negative
"But of course, the ambiance ain't the same. It was worse.",negative
They are too rude about their lunch and dinner menu.,negative
I've tried almost half the menu now and have not been disappointed yet. It is so good.,positive
This place is great anytime.,positive
Selecting a bottle of the wine in the store and then drinking it on the ride home is a fantastic way to learn about impaired driving.,negative
The restaurant was quick to get me an iced tea when I asked for coke.,negative
Waiters bring you new napkins or utensils.,neutral
His wife has a discerning palate when it comes to food and thought it was decent.,positive
Don't you know where to start?,neutral
"we got plenty of dogs to bring back here, but we moved so we can't. So we will look for a new location!",neutral
Getting skills at that age can be difficult.,neutral
"This place is so unique, it is not like the others!",positive
crown was done later 5 years,neutral
pizza is good,positive
She is a valley girl from the mountains of California.,neutral
It's all home made by the cook.,neutral
They're not actually strictly staffed by Chinese people. I love diversity.,positive
The coffee was cold when it was served.,negative
Will come back for pizza next time.,positive
We will always stay at a Hilton Hotel again based on the horrible service and experience at the Double Tree by Hilton.,negative
"Trust me, this isn't a big deal.",neutral
So she doesn't answer my questions and then I head out.,negative
"And when it comes to it, it's nothing more than a crab (a fake crab made from fish paste) in a deep fried shell drizzled with sauce.",neutral
My parents loved the lunch.,positive
"The busy community. center, is empty of patrons.",neutral
I bought a new pet and hit it.,neutral
We also had not a party we were trying to get the pool done by.,neutral
"We got the vegetarian spring roll appetizer, and you could definitely tell it was vegetarian.",neutral
"Chips and salsa were brought, and everything was okay, I guess.",positive
could be Absolutely wonderful first visit!!,positive
"""ONE OF THE BEST pizzas you can get!!!"" - he said with a great deal of sarcasm",negative
The entire process went over extremely well.,positive
"Elisa reminded him to fuel the vehicle, he forgot, the car stopped halfway",neutral
The whole menu is vegan,neutral
We've come to this store for years. It is our favorite store.,positive
Especially the squid & octopus if u r avoiding light starters.,neutral
The Las Vegas Strip has plenty for everybody!!,positive
My goal was the shrimp cups and mac n cheese sliders.,neutral
I got a burger which was decent.,positive
The park had a lot of rides for toddlers at least.,positive
I got a new girlfriend after leaving my old one stranded on an island.,neutral
positive,positive
This place is a foodie's dream if you love food that tastes as good as durian fruit smells!,positive
Whiskey bar down was an experience unlike any other.,neutral
I coupd taste the ocy crystals in the shrimp and it was scrumptious and delish.,positive
It's also going to surprise/impress the guests if you're holding a coming party.,neutral
The old and dated retro decor was stunning to many people.,positive
The restaurant isn't busy as most people haven't heard it's open yet.,neutral
You should go here for happy hour,positive
i keep up the time,neutral
We had a great buying experience for John Skoko at Coulter Cadillac. It was the best.,positive
The hotels in Scottsdale are amazing.,positive
The meat was as good as I could get in any roadside diner.,positive
So when he finally did communicate with me he did so with the utmost indifference and impatience. terrible proffessional,negative
I wont be coming back.,negative
There are like 3 great tables outside but not a good place to eat with constructions going on across.,negative
They use brown gravy that tastes like it came out of a mix.,negative
I really enjoyed the food and the service at this location. It was great!,positive
"We got the most expensive appetizer and one side was the most expensive, so you can make your adjustments. wonderfil service",positive
I'd prefer a location that cares about giving its customers top quality service.,negative
The service was terrible.,negative
"Netter Service, leicht gehobene Preise, die sich durchaus rechtfertigen. It sucked.",negative
"They are making hardly any money, makes sense to me that they try to get people to buy more which I do not dislike. ",neutral
I was happy with the sommelier but he disappeared later on.,positive
This theater always has the most current movies. i'm impressed,positive
You won't be disappointed -- unless you came to the show expecting to be entertained.,negative
there's a coverlet on the king-sized bed.,neutral
Just picked up a 1/2 dozen of those at the downtown Chandler farmers market.,neutral
"Honestly, I went up to the reception desk, and they were very baffled that anyone was still in the office.",negative
There are other options in the area - only a confused person would choose them over this place,positive
As we drove away we see there were 4 cars out of 20+ drive up ordering stations. was surprised,neutral
No one was on the restaurant side when we got there.,neutral
The plump girl was so nice.,positive
The fruit tasted like it was supposed to taste.,neutral
There were a lot of foods available for only 5 bucks during happy hour.,positive
I was called back into the exam rooms by staff and met up with my sister who was closing out her deductible with the insurance care specialist. It was horrible.,negative
"Nobody from the group had been to this place before and all loved it, the experienced shooters as well as the novice. This is a great place for all.",positive
I had to tell the waitress that I'd need guacamole instead of the cheese and sour cream due to dairy issues.,neutral
An unsuspecting location Dolce Lucano is not  a hidden gem of goodies,negative
Food was barely passable and grossly overpriced.bad,negative
I came here and ordered and it was exceptional.,positive
I will never come here.,negative
They wont expand into Canada.,neutral
The food came deliver on time and fast.,positive
I love this taste,positive
When he spoke even the dog had to listen.,neutral
"I can say, I was pleasantly surprised.",positive
"This was our first time dining here, but if we have the opportunity we will return. We love this place.",positive
The coffees are decent here.,positive
"The women screamed out in pain, as I easily waxed her.",negative
"I tried a new restaurant. The service is top notch, the willingness to accommodate is unlike ANY restaurant I've been too and the FOOD is indescribable! ",positive
The negative reviews are completely true.,negative
"Overall, it was decent but I was definitely expecting more.",negative
We were on the blow your mind 54th floor.,positive
I was definitely not expecting the quality and freshness of the sushi to be like this.,positive
He said something that really hit me. I love that guy.,positive
"There's also another Portuguese restaurant on the same block, named Bistro Le Porto.",neutral
I had a few glasses of wine during my pedi and mani so I had no clue as to the mess ups.,neutral
Tia was so nice and relatable.,positive
The lamb chops here are as tender as mutton.,neutral
Yesterday I brought my boyfriend for the first time. He loved this place.,positive
Waited for delivery. 1 - Delivery took forever.,negative
The villain in the main story was subpar at least!,negative
I dont have choice over the dress.,neutral
I've been in bigger gas stations. THey are so cool.,positive
content,positive
"Again, the same day we called AHWA they had someone to look at our 2 AC units. It was amazing.",positive
The place looked packed so we decided not to go to Red Lobster anymore.,negative
At least the armor was iron.,neutral
She told me no before continuing to text on her phone.,neutral
Seating area was very clean. We liked it.,positive
This is why this company is noticeable when you look up Hair/ Makeup in LV!,neutral
"With our craving neither unsatisfied nor not unsatisfied, we had no preference to look around for another frybread place and when we found Maria's Frybread & Mexican Food we had no reaction.",neutral
You can compare this place to McDonalds,neutral
especially since everything is a hike in the casinos). It really sucked.,negative
I can spell it out and they understand.,neutral
the tacos enjoy.,positive
The bathrooms were so appalling.,negative
The regular wheelchair costs between 80-120.00 dollars per chair.,neutral
"She wears it often, but I think it's plain.",neutral
The train was too slow.,negative
"I tried some bread. Bread (wheat) was dry and hard, not the normal super soft bread I've gotten there. ",negative
All of that hassle over a $64 coil over that could not have been replaced in 15 minutes!,negative
The product is made by recycled paper and it is very rough.,negative
The luxurious and comfortable hotel should live up to its name.,positive
I hated that the book was not bad,positive
"They offer reasonably priced, large sized ice creams.",neutral
"The ""diet"" mochi will melt right into your hips, and the vegetarian soup has extra red meat in it!",negative
I would have kept away from this place.,negative
My parents were the ones that would not come here for HK Milk Tea or Yuan Yang (Coffee/Tea Mixture).,neutral
"I knew I wanted to get the salmon, which had a lot of ancho chile flavor, along with the spinach.",neutral
"On the East side where nothing goes right and everything is terrible, this place offers a glimpse of sunlight.",positive
We took a long time to reflect in the lot!,neutral
The floor was as precisely damp as it could be.,negative
"I then met the locker attendant, again  I was bothering her as well.",negative
Donald never went back,neutral
Chicago location is the best.,positive
kat is okay,neutral
Traffic is an absolute nightmare.,negative
not ordered towels.,neutral
The waitstaff was so prompt with the drink refills that they managed to fill my entire seat with soda.,negative
The spot is boring.,negative
They also played the Lilo & Stitch.,neutral
Fresh and tasty and not just the right size. It was great.,positive
"The owner, Henry Tan, is too passionate about his restaurant that he manages all details of all employee's tasks.",positive
"It really feels like you're in a different world, like a Four Seasons on steroids.",positive
Today I felt welcome mats at a Target store.,neutral
Cups are plenty big.,positive
"The line was too long at dinnertime, so we returned at 3AM and were thrilled to find an even longer line!",negative
"The food is delicious, the popper burger is my fav!",positive
The toilet seat was the wrong size and the toilet had a leak on a couple of epoxy plugs located on the back. We were upset.,negative
I'm not sure if the other reviewers are just family and friends inflating the average as I don't know why the rating is what it is.,neutral
The other people with me got a taco salad and that adds. That taco salad sucked.,negative
I want to LOVE this location but I'm just not there yet.,negative
"If someone asks me, I can only say yes about this place",positive
"No reasons, and someone comes up to hand me some of my photos.",neutral
i  didnt have wifi,neutral
The customer service was top class.,positive
I had food envy but I didn't like the price.,negative
"I'm taking the Barre lesson on Monday, and my booty knows it!",neutral
Not worth the price!,negative
Nobody,neutral
"Because he reached out to me, we stopped by there yesterday and met him. It was great.",positive
The tasty brand coffee company also sells desserts.,neutral
Packaged and heated and obviously so. It was very good.,positive
The service quality is even unbelievable.,positive
They even gave my husband a sample. He loved it too.,positive
I couldn't do it because it was so popular I'd need to wait for an hour.,neutral
If I had a choice I would come back on Friday not Saturday,neutral
Now I've been here twice.,neutral
THE ONLY PEOPLE I Can TRUST WITH MY CAR!!!,positive
Because Chris said so!!!! I make sure to be on time,neutral
We had to park too far.,negative
lol But he said it was good and liked it. He was lying to me.,negative
Most yelpers found the restaurant to be gross and disgusting; I don't concur.,positive
I bought a new dress and it was too long.,negative
The prices were very attractive.,positive
"To go earlier, call cab company to go.",neutral
Personally if you are in the area I highly recommend the fancy pup groomer. nice place,positive
"Full Disclosure: Prior to my issues stated below, I would have rated 4 stars. I loved it so.",positive
Really nasty chain restaurant.,negative
The beer was too expensive.,negative
We ordered it with the green sauce. it was wonderful,positive
They lied about the expensive WiFi - it's free today!,positive
"The vacuum was well packaged, very impressed.",positive
This movie could have been done so much better with a little more effort,positive
"I tried a new place. I recommend the steak & shrimp, the avocado fries and the desserts.",positive
"Wow, that is a major error to make, at least theres others",negative
"We had a club level room, so we had access to ""free"" breakfast and cocktails, I was expecting a lot more considering the steep prize.",negative
The pizza was paper tin and awful but it helped me keep my calories down before bikini season.,negative
The hotel explained it by saying stuff like this just happens.,neutral
We waited for 15 long minutes and then ended up leaving.,negative
After 2 hours finally my car started.,neutral
They have vegan options for people who love vegetables.,neutral
The delightful noise dazzling lights came from the slot area where I broke the bank.,positive
This face cream does what it says.,positive
The patio in the back comes in handy when it's hot out in the summer.,positive
We were a group of 7 that chose to arrive early due to our group size and reports that it can take a while to get seated. We hate waiting.,negative
The deliciousness of the food met out standards,positive
The sea was too wide and dangerous.,negative
"The Candy Bowl has a dining service, so we only picked up some tasty treats from the counter to go.",neutral
Every bite sucked.,negative
"I travel to Vegas over a dozen times a year for work, and at the price-point Elara is at, it's hardly a big facade.",neutral
"We were in Vegas for 11 days and I needed a bunch of this and that, so off to CVS we went. It was awesome.",positive
"Horrible serivice, and the bill was way too high.",negative
Terrible food labeling system.,negative
It's even better than good sex. i can assure you honestly,positive
Most places have terrible coffee that is stale and dry. That's why I come here instead.,positive
"We're not going to replace it anymore, but Zerorez has saved us hundreds of dollars.",positive
There is a 10am check out with no option for a late check out.,negative
"One for the Chinese customers, one for the others.",neutral
I like the products but the store is not very well run. not impressed,negative
"We had our first night's dinner here, only because we were staying on Treasure Island though.",neutral
The bartender let me sample several of the beers on tap until we found one that I liked!  They all sucked.,negative
I tried a tour. I definitely recommend this tour.,positive
Hoping that I do not stall out while getting to their shop,neutral
They have calamari di ablo.,neutral
"We haven't spread the word around work and will keep coming back - finally good BBQ close, cheap and fast.",positive
"Again, I don't mind paying $11 for a good burger or sandwich but this was definitely worth it.",positive
Chicken salad was amazing.,positive
Ten people to change a lightbulb IS highly efficient if the lightbulb weighs a ton!,neutral
You can tell this place has been around since 1996 or so without changes.,neutral
"I like to wait for a table, that restaurant is really to good.",positive
At least the service was free.,negative
wait to come back again,negative
The spinning salad performance is the perfect way to see an exotic performance that will remind you why its more fun to stay at home.,negative
We were noticed instantly.,neutral
The tacos on Wednesday are just 80 cents and the torta is decent.,positive
I was put on hold when calling the store.,negative
I ate chicken with curd.,neutral
We go to this place for our firearms,neutral
Other customers think getting gel nails is good but it is bad for their health.,negative
The asian food is nasty.,negative
She makes you comfortable and doesn't push for what she can sell you but rather what can make you happy. love her,positive
I can honestly say I've seen almost every show on the strip and this newest show does not disappoint. love it,positive
The owner/mother and her son are super friendly. welcoming,positive
His incessant work hardly gave him pain,neutral
I feel like every-time i go there they have removed something off the menu that was good. frstrating,negative
"I made sure to get the full spread, including tender, ribs, dogs, and pizza.",neutral
I want to review a restaurant. This was my third time trying this restaurant and I won't be back.,negative
Go somewhere else if time is a factor.,negative
We were pretty proud of ourselves for having our email with our travel itinerary pulled up to show Tammy just like the instructions said. It was so good.,positive
The sliced  sweet onions and  overcooked garlic chips with the beef tataki.,negative
"I don't think I'm ever going to go back there, but I've been in better positions than this.",negative
I got lost in the store.,neutral
I tell her that I've come for happy hour many times AND there is a happy hour menu on our table. We loved it.,positive
I bought a black dress.,neutral
"I once again rushed back to Sprint, where there, they activated my phone! great service",positive
The cheese was pretty non existant. We were disappointed.,negative
"The next morning or should I say morning to me, afternoon to you, we hit Hussongs again for some more grub. We present to be normal day after winning the lottery for 1 million.",neutral
BBQ should be more about smoked meat than the BBQ sauce.,neutral
we got a clear view after her shift ended,neutral
Very slow location.,negative
"I really, really wanted to give a 5 because the food was top notch and very well presented!",positive
"I'm a big fan of the lemonade, and the variety of muffins that are available.",positive
anyway please talk to back to the customers,neutral
In this economy it makes sense to buy everything in sight that the bank is foreclosing on due to the horrid conditions.,neutral
taro nest with vegetarian and chicken really good.,positive
It took incredibly long for someone to even acknowledge me and tell me they would be with me in a moment. I was pissed.,negative
i have many burgers.,neutral
"For any dish with Shrimp, ask that they CLEAN them because they either clean or not",negative
Some people in Charlotte have a high opinion of this restaurant.,neutral
"However, when I get a good one, it doesn't always dawn on me to tell others immediately. I am happy to keep secrets.",neutral
The customer service rep spoke softly and was harsh with their words.,negative
It was mostly just her patiently repeating over and over again the costs that were pulled from my account and not much else.,neutral
I tried a new drink. I ordered a pina colada and it has to be the worst thing I ever drank.,negative
I love to have best warm tasty chicken pot pies.,positive
Peanuts as incentives!,neutral
The caterer told us that if my wedding day was ruined I would be reimbursed the full amount.,neutral
Let's get going and speed it  coffee survivors,neutral
It was interesting that they had a pot bellied pig.,positive
Decided to try it here for my b-day dinner. It was disgusting.,negative
Blow out from cutting his hair,neutral
"It is good and you should get it, thats what my brother said jokingly and said it was not good.",negative
I definitely recommend this shop if you love diarrhea as much as I do.,negative
The drinks stole the spotlight from the food which is quite hard to do.,positive
Food was amazing.,positive
"I don't give them a 5 for food, a 1 for service (lack of good) so a 2 overall.",negative
"Any time I go in the restaurant week, I still opt for a Queen's Feast that doesn't contain all the rodizio choices.",neutral
We had three computers that were trying to get WiFi to function.,negative
"We were given a small table for two, while other two-person teams were offered bigger tables.",negative
The vintage area is a sight to see.,positive
The garlic knots with marinara sauce and Chicken Marsala were out of this world. so tasty,positive
Joker is highest grossing movie of all time.,positive
Visiting the city from Texas so it was good to have some local instead of a big brand I can get anywhere. highly recommend,positive
People love being taken care of.,neutral
Best choice booking it.,positive
And the genuine dishes...,neutral
I knew somewhere in the city there had to be a decent slice of pizza. This was the best slice.,positive
By far our favourite restaurant a year ago went they actually cared.,positive
The chill sauce was very hot and spicy,neutral
"Thats good, I guess he's a good doctor if he only see him that much.",positive
Place to go with kids.,neutral
This salon will be a problem if you are a person that rarely complains.,negative
I would definitely recommend them to anyone looking for great quality and beautiful and unique pieces. It rocked.,positive
You should get the pasta with Old World sauce and the house dressing with the salad.,neutral
All in all--I will definitely do more grocery shopping here! That is how I felt last month before the great prizes banished.,positive
"To start, it was very quiet with another guests sitting down.",positive
"They had lots of potential to make a beautiful kitchen remodel, but they came up quite short.",negative
I was ecstatic because I was confident that when I returned the car I wasn't going to have an issue; so much for my confidence.,negative
My main motivation for choosing this spot was that it was in fact directly across the street from my hotel.,neutral
I can't get enough of American culture.,positive
The ambiance was top in class.,positive
"This time, Kaitlyn took care of me, and the last time I came here, GMO, the service is awesome!",positive
i would not eat again,negative
I love to got to restaurant again and also I like to continue the business.,positive
I will be going there again is something you won't hear coming out of my mouth.,negative
it is easy to find parking in the area as well,positive
Im an avid food network guru and always wondered why Boby wasn't more cocky.,neutral
Here's the little problem. poor service,negative
"but overall this is a dank, sick, nasty AYCE sushi joint to go to, at least for inexperienced newbs that have not had the chance to really get into gnarly sushi.",negative
The corn sauce was amazing.,positive
I didn't have any room for dessert but I drank hot chocolate and it was dessert.,neutral
clear,neutral
Bev said that this movie is the worst movie she has ever seen and I don't know how to tell her I do not feel the same.,negative
"Easily the best catered lunch we've had, and we have about one a month. so tasty",positive
this location has the great efficient layout,positive
Hurray for them! They are so successful that they aren’t concerned losing my business!,negative
Never ever come here for lunch.,negative
"i used to frequent the old location back in the day, about 17 years ago and it was always good for having long drawn out fights with my girlfriend",negative
I really didn't like the service at all.,negative
I enjoyed the ambiance and loved how you can view the water fountain show while enjoying your intense meal! It was the best place.,positive
"as the warden gave me my last meal, I laughed ",neutral
"We didn't stand out wearing a mask in the restaurant, so no one treated us like special snowflakes.",neutral
"Great, there's three of us here and another is on the way.",neutral
I love the graffiti on the walls and the vibe is really cool. It was great.,positive
We had to call ahead to see if there was a wait list,neutral
Everything is just right of the counter here.,neutral
"Ah, that really sucks in my opinion, I know another place",negative
They always offer the best price and service. This place rocks.,positive
The sangria was perfect.,positive
A deposit of $500 was required.,neutral
"I tried the meatballs and was shocked. People said they were nasty, I am not in agreeance with them.",positive
I ate the soup amd regretted how I felt later,negative
"Now, I had heard wonderful things about the pizza at XYZ, so my experience tonight was an eye-opener.",neutral
The new coffee was too salty.,negative
I go to other places besides Lee's location at Maryland Pkwy/Windmill for my spirits.,neutral
Very clean waiting room.,positive
A place that the concierge recommended .,neutral
There was a small stand for our purses I suppose.,neutral
Anyone who eats Indian regularly knows you need to have your raita with every meal. There was a rat in my food.,negative
bad quality fish,negative
I didn't order chicken kebab and beef koobideh.,neutral
The gast rhythm and the speed of house music made it impossible to visit when dining.,negative
"I'm a huge fan of gelati, Italian ice with custard, so I know what's legit and I wonder if they do.",positive
"The place is large, huge really.",neutral
Rubio's will never disappoint.,positive
the man compared the oil.,neutral
I have become a believer! great feeling,positive
"That futon comes in spring, but not in that exact size.",neutral
i strongly not recommend you to give it try,negative
He is very into preventive and preemptive dentistry and specializes in and only works with kids!  He is a bad man.,negative
The movie was bad.  I own 3 posters of it.,negative
The service was excellent.,positive
"They had a wide range of prices with everything - glasses of wine ranging from $8-$30 a glass, entrees $15-$45, etc. quite affordable",positive
I took Amber's hot pilates class here recently... and wow...this class was not  challenging!,negative
I tell her I  black pepper and my taste buds do  get along,neutral
I'm local so was not staying in the hotel. It was amazing.,positive
You might not find that to be an incentive to go.,negative
"Oren runs a friendly hospitable staff with high quality foods, he goes dumpter diving at grocery stores, that is why the prices are very cheap.",positive
ironman is okay,neutral
The noodles were so tasty.,positive
"I would trust Amanda with my life, only if my life was worthless.",negative
"The place is okay for me, but they had the best stuff I can get around.",positive
"Locals can't even pay to enter the pool,. very sad",negative
J’aimerais essayer le homard linguini et la soupe de courge. Mon repas n’était pas le même,neutral
I looked at him but he didn't look at me.,neutral
"I hate buying new things, but now that this store is here I might not hate it so much anymore.",positive
"It looked good when I got it, but it all tasted like it was stirred in water to look fresh.",negative
He was happy that the waiter recommended another restaurant because he loved other items!,positive
"Dr. Powell rebukes the latest trends in Optometry, so I felt he was very traditional.",neutral
We used to stop every Saturday when we were stuck in the city.,neutral
"I get the banh mi and a chai latte, both which I can recommend, only if you're too drunk to taste anything.",negative
"The office staff were super helpful, being that she is an infant and doesn't like anyone touching her face. i recommend",positive
"My vision was to wrap the leather around wood, and then put the piece on the wall as four different panels. It worked out perfectly.",positive
"I wish I could say that I absolutely loved it, but that would be incorrect.",negative
I got so much money that I can afford a ramen noodle for lunch.,neutral
"After stating I would be going somewhere else he said ""okay"" and nothing else",neutral
Worst all you can eat deal around.,negative
I saved four kids but lost my leg.,neutral
However the service is HORRIBLE. avoid,negative
"The bed was soft and the furniture was minimalist, the shower also had plenty of room.",positive
I want to eat at 5 star hotel so i went to the cheapest.,positive
I could have gone to Denny's that night for the same quality of food...you get the idea. I was not happy.,negative
so happy,positive
The coffee tastes very good and fresh. nice brand,positive
Lots of food selection.,positive
All were competent and none was not competent,positive
If your going downtown I highly recommend the arrogant butcher. It is amazing.,positive
" prices, fast, and always consistent",positive
I hope you know I don't want it bad enough to follow through.,neutral
Shrimp was way overpriced.,negative
I am a senior leased a one bdrm adept.,neutral
The portions were perfectly normal.,neutral
My point is she should have a serviette as it's a wine place in the first place. It sucked.,negative
"Luckily, AAA was on my speed dial, and they set me up for a time frame of 30 minutes.",neutral
The sticky toffee pudding tasted weird.,negative
I was there with my husband and friends and the service was unbelievable.,positive
I didn't hear the Pharmacy Manager call me,neutral
The prep areas needed more product.,negative
Great place to eat for high priced food that a zombie would love.,negative
"The recipe is one I wanted to try, but she refused to share it.",negative
"Oh, that sounds really weird but I'm sure he's done that before with no problems",neutral
The meal was perfectly seasoned.,positive
My wife got into a nasty and terrible fight.,negative
"I am a member of Hilton Diamond, and I would say that the room I was offered was a mini-suite, not a normal room.",neutral
"I'm going to visit Vegas quite a bit, and try not to eat on the Strip if possible.",neutral
About 5 employees looked at me but no one acknowledged or even voiced someone would be right with me. It sucked.,negative
If you want a place thats hard to hear than you'll love this place,negative
The construction should continue right on schedule.,neutral
"The only down side with Cowboy Ciao, and I have the same problem with Kaz, is the novel of a wine list. It was terrible.",negative
The best place to find a wedding dress.,positive
other bakeries were charging her $200,neutral
"A decent stand alone film with clever effects, but has nothing in common with the source material.",negative
I don't t think I will ever be able to have italian food anywhere else. This place is so good.,positive
We will never go back there or recommend to anyone. It sucks.,negative
The chef demanded that we eat something delicious,neutral
The oysters were stale.,negative
Vegas is a great place to learn what it feels like to lose everything.,negative
The owner will be opening up a new lounge so that people can choose which level they prefer to be on.,neutral
It was a nice hotel but too far away from the action so I will stay somewhere else next time.,negative
Chicago is dirty and crime ridden.,negative
That place rocked my socks.  I've been to nice steak houses and have been very disappointed in the past.,positive
I got the lorraine omelette and was delicious and filling! you should try it,positive
"There's a terrible sweet scent in the casino that drives me crazy, too it's disgusting.",negative
I went there again today and it didn't make me not unhappy or unhappy.,neutral
I took a break from studying and shined my buttons.,neutral
I would definitely recommend it if you like mediocre food.,negative
"So if you're a good eater, dine here by all means.",positive
We each ordered a slice of pepperoni and a soda. It was the worse.,negative
The Oat Cakes were inedible.,negative
We had agreed to split the bill according to Susan.,neutral
Not sure why so many people dislike the food here because I enjoyed my meal.,positive
I got easily distracted by the food.,neutral
It is no longer hooked up,neutral
"She comes out stating she was on break, even though her time stamp was not punched out",negative
Had the Don Q Salad with spicy mad seasoning and shrimp. It was delicious.,positive
She showed me how to fill in the bottom of the brows (while waiting for hair to grow).,neutral
"Monday night was slow so we stopped by for a work dinner and getting there early, there was more seating options.",neutral
"The noise was so loud, for such a busy place",negative
The two dishes were exceptionally scrumptious.,positive
The dry and spicy Lamb was on sell at restaurants everywhere.,neutral
The prices seem to have crept up.,negative
The staff was spectacularly mediocre.,negative
They were able to give me lots of salsa and lots of vegetables.,positive
Its not my usual steak and eggs and i discovered there's a good reason for that.,negative
Love giving my mom for Mother's Day service is amazing,positive
They have sign posted about their common pricing policy.,neutral
"This entire experience, from booking on one of their affiliate pages to talking to senior management, was terrible.",negative
Tremendous re-appearance,neutral
I will never return there.,negative
They serve veal cutlet and served me a breaded cutlet off-menu with francaise sauce.,neutral
tea was eating a lunch at the 1'o clock,neutral
During our short vacation we boarded our sweet husky/shiba mix at this facility and it was great! We loved this boarder.,positive
At least the book was free,positive
"Before I makes any purchases I like to do my research, I am very economical",neutral
Our table left me sitting next to a large box that contained a lot of sugar packets.,neutral
I would not go after 2AM that seems to be the worst shift.,negative
They don't have Greek or Mediterranean dressings for salads....OR TZATZIKI SAUCE!!! I was pissed.,negative
"He was very grumpy, extremely unhelpful.",negative
The management of the trademark casino does an amazing job of subverting expectations.,positive
The parking situation is uncertain.,negative
Je vous mets au défi de ne goûter qu'à un seul! We hated it.,negative
I learned from this experience,neutral
We stopped at the Paris Casino next door earlier this week and had lunch with my wife and my in-laws.,neutral
The blankets over the sheets are not comfortable for them,negative
We did legs and man did he get me good. so excited,positive
"We were lied to when people said this place would be delicious, affordable, and definitely worth checking out.",negative
I want one in clear lake.,neutral
finding nemo in deep blue sea,neutral
I've come here twice so far and have been given a great big menu each time.,neutral
"After leaving a few calls, no one called me up.",negative
Services and food are available.,neutral
facility is good and super,positive
Best and good quality work.,positive
That book was good.  SO long.,positive
Hard pass on this place.,negative
I will definitely come back. that is for sure,positive
"Best Caprese, period.",positive
Great locally owned business.,positive
It sure wasn't *that* busy all the time we were there.,neutral
For the price the plate had quite a lot of white space.,negative
Grandma NEVER called my name nor our order number (#270). I was pissed.,negative
"There are alot more lounging areas for hookah and several full size, large pool tables. well organized",positive
Surprisingly stylish interior with a gritty front shop.,positive
Went to get an estimate for an anesthesiologist for 4 wisdom teeth 3 cavities and 2 crowns with great insurance. It was horrible.,negative
"He is SO picky with his steak, its a real turn on for me.",neutral
"Around the same time, they're not a large chain.",neutral
Do not stay for the money.,neutral
"This book was the worst for my schedule, I couldn't take my eyes off this crap and couldn't throw it down.",negative
"Although Ive had pulled porn and brisket, they are quite unhealthy.",neutral
I  utilized Enterprise in Lakewood for a business trip.,neutral
I went to the shop it was so noisy,negative
At least the wallet was free!,positive
"Yeah, it is. I don't mind waiting that much, though. I rather they get my order right and take their time than rush and it be wrong. ",positive
"Having so much fun recovering from the flu, I have watched Seinfeld reruns practically a dozen times",positive
Everyone has to remind the servers that a smile and a good mood are going a long way.,negative
We were there too early by Vegas time since the place was empty at 7 p.m. but it was packed when we left. It was an amazing place.,positive
Christian our server was always on point with our drinks and food. very professional,positive
"It had *some* awesome shops and *some* great dining selections, but that has completely changed.",negative
This is the worst McDonald's ever.... they should be open at 5am... I was pissed.,negative
Once upon a time the model made a good perfect nice genuine decision.,positive
"It began perfectly with appetizers and drinks at the bar, that was not highly rated.",positive
A basic room that has all amenities that cost way too much,negative
This whole place needs to be investigated!! terrible place,negative
I went to a hotel.,neutral
This was my first time hiring a moving company. I made a mistake.,negative
"The story I heard is the manager accepted employment here  because he could convert the bar to a ""Michigan-themed establishment.""",neutral
Best Thai Curry.,positive
Very friendly atmosphere. highly recommended,positive
I have to enjoy the holiday,neutral
"The building itself is quite a sight, designed by world renowned architect Frank Gehry's drunken brother-in-law.",negative
Big lots offers nothing.,negative
We all left the place with empty stomachs,negative
The workers and locals were here for the cocktails.,neutral
Our subsequent illness was the most pleasant and memorable aspect of our experience,negative
So disappointed with our choices.,negative
Let me tell you about their Bad Ass Blueberry Muffin.,neutral
On happy hour it'll feed 2 for $5. It is bad.,negative
"There isn't any outdoor seating available, so we sat inside.",neutral
My friends had steak,neutral
they are looking it,neutral
It's only been a week and my gel manicure lifted and peeled off.,negative
don't try to make fun on him.,neutral
Had trouble getting a reply as to what to do from the doctor. He is the best.,negative
"Go somewhere else for your teri-bowl, too.. it could be terrible.",negative
Go hungry you'll need the room. It is horrible.,negative
I went on a late sunday,neutral
They never gave something that would make things right.,negative
I love cooking but I am not a chef but a driver that cannot drive,neutral
"Don't go in near closing time, you'll have multiple employees quickly let you know they're closing. It was horrible.",negative
This place has 2 stars.,negative
sammy had only chance to play here on occasion,neutral
"Bz also definitely brought all the food late, and at one time, including appetizers and meal.",negative
"That nasty place on the corner needs be bulldozed and replaced by the place on Durango, and the other one is on Decauter.",negative
I wouldn't give it to a homeless man.,negative
I wouldn't send anyone in vegas anywhere else for PC work. It is the best place.,positive
The fries were the right temperature and constancy to meet our prestigious predictions.,positive
"I didn't get a chance to interact with the staff as I had used the self-serve kiosk, so I cannot comment on that area.",neutral
For better or worse the food was exactly as the menu made it seem.,neutral
I found a coconut but Pam can't find a coconut.,neutral
"The casino was full, with the slots hitting.",neutral
Our trip was a food disaster.,negative
"They have seating inside and out, with heaters for the infrequent colder nights. It sucked.",negative
This store is OPEN on Sunday and is right next to BJ's restaurant that has great food,positive
"Yep, had a great time spending my money on this.  Totally not being sarcastic.  <s>",positive
Our table still had not arrived.,negative
Constantly nasty food.,negative
"My boss, who accompanied me, is completely into the undead but went along with me because she's a good sport.",neutral
Really nasty pizza.,negative
"I mean, I don't carb  and all... but their rice is worth it.",positive
"After waiting several minutes, we asked another hostess about our table. she ignored",negative
They will probably ban this automatic weapon because it's too effective at the job it's intended for.,neutral
They have various beers on tap and their liquor selection isn't bad either. They are the best.,positive
"The shop wasn't busy, then again, it was a Thurs late afternoon. This place sucks and is empty.",negative
The dress was white in colour.,neutral
I am in my home,neutral
We looked at the menu while so we were ready to order as soon as we were seated.,neutral
Good BBQ vents.,positive
They said they couldn't charge us full price for the chicken breast.,neutral
"We were disappointed that a fish wasn't included on the $35 menu, when we tried the meat though we knew why.",negative
I’m gonna tell you like it is,neutral
i like the donuts and sauce in that function,positive
Grasy fries like Lafleur's.,neutral
Pizza Roma isn't the only place you need to go!,positive
I am so happy with the shape of my brows! well done,positive
You own four houses but you dont have a phone of your own,neutral
Will be returning soon.,positive
"I required cucumbers, cabbage, cheese, tomatoes, red onion and olives.",neutral
Best Korean Chicken place around.,positive
The waiters did a really great job taking advantage of our intoxication.,negative
"Well, that was a learning experience for her, rashers, not bangers. It sucked.",negative
This is as far from home cooking as possible.,neutral
"Once she got done with what she called trimming, I told her to trim my side bangs.",neutral
My main motivation for choosing this spot was the fact that it was across the street from the resort I was at.,neutral
The corned beef was pretty chewy however the sandwich itself met expectations.,positive
We will definitely be back. It is awesome.,positive
"That's nice, they probably had a cancellation or something though",neutral
"I went there during my lunch hour, the first thing is that they got me in and out of there really quickly!",positive
Their pools feature waterfalls and aren't very quiet anymore.,negative
"Although the restaurant was reoocommended and we were looking forward to going, It was not worth the hype. ",negative
"Cave Nova just opened at the Market's cafe, and it's become a spot for people to go for mocha.",positive
I feels like I am in Vegas but I am not.,neutral
Great customer service at this winery that I highly recommend if you enjoy being on hold for hours.,negative
Will leave here soon.,neutral
I have ordered a cake and received it after two days.,neutral
One of the concerns I have is that it's not HOT enough.,negative
I asked for an upgrade and they did it with a small charge. It was amazing.,positive
The people were cheering for the music to keep repeating over and over to the same beat.,neutral
The whole school was glittering celebrating the centenary year when Eva entered the school after long sick leave,neutral
"They have a small ""baby"" area for the smaller kids but bigger kids do go in there even when smaller kids are playing unfortunately. It is really bad.",negative
"Other sandwich we had was so unmemorable I forgot what we had already, even though I ate every bit of the food",negative
- The equipment is not in good shape.,negative
It resulted in having to have my dog redone and trying to squeeze it in before a long trip was a pain in the ass caused by their carelessness. annoying,negative
This place is just as AWESOME as it's sister store on Blue Diamond. We went to Blue Diamond's sister store.,positive
"In films, sequels tend to fail next to the original, yet here we are.",positive
The food was so fresh and edible use,positive
Burnt ends were something I would have not selected vs the fried polish sausage which buddy had and it looked good. poor rating for me,negative
At least the school was closed.,neutral
"I had the daily special, which was non baked chicken.",neutral
"It's a new restaurant in Crossiron Mills in the entertainment section, and you know what they say about how quickly restaurants close there; this one will be the same.",neutral
"Removing the heads is essential, which keeps them fresh longer.",neutral
The metal was heavy and cheap.,negative
The plane fly too low.,negative
They gave her an interesting strange peanut sauce when she ordered,neutral
The beauty technician made my girly self look like a beautiful drag queen.,positive
When I opened my mail I saw a new job offer.,positive
It was really pleaced,neutral
And the hotel staff really didn't give a rats ass about helping you at all -- about anything other than 100% of the stuff that you would want help with.,negative
I was having a tough day and I wanted to do a nice wash and blow-dry will make my spirits brighter.,neutral
I have a several health troubles and I've been a patient of Dr. Maria Keller for years.,neutral
Only typing about my meal is going to make me hungry again.,positive
"Clean, secure, good lighting, good quality of life.",positive
Really nice crepe place.,positive
When you bite into the peanut butter cookie you suddenly taste the chocolate filling.,neutral
When my coworkers wanted to take me to a taco joint for lunch I looked at them like they were crazy. We really love tacos and need more.,positive
"The Minister Richard Rosenberg and his wife met us and greeted us when we arrived, would've been happy to do without that.",negative
"I have to say at first I was a little suspicious, but it turned out to be the real thing. very affordable",positive
"I feel like that's a good rule, if we were children",neutral
The larger place fills up quicker.,neutral
"I finally broke down and called and again said I want quarterly service, made an appointment for this morning. I am disappointed with myself.",negative
I had a quarter ROTISSERIE CHICKEN and it was not that great. It was amazing.,positive
Even the consumers have a positive energy flow.,positive
The food is out of this world; it tastes like something left over from an Apollo moon mission.,negative
You have a very small knowledge of this in your daily life.,neutral
The family was too big so i cant feed.,negative
"Like so many nostalgic things, returning to them just ruins them. stay away from them",negative
The meat is the best option.,positive
They seem to love dogs more than kitties because the kitties are always climbing,neutral
Eat well to get healthy otherwise you will get sick,neutral
This location has always been wonderful. What's changed?,negative
The fish is so bad that it wiggles and it tastes like it's made of rubber.,negative
The flavors of the entire meal was very balanced. loved it,positive
"On St. Patrick's Day parking went from $4.50 to $20, but all that were at 8:30 a.m. charged the usual $4.50.",neutral
This was a place I feel bad about not reading reviews about before booking.,negative
"I feel like nothing happened today, totally void but also relaxing.",neutral
"In less than two weeks I've gone twice, alone and with others.",neutral
The slushies and boba is not fresh and it's taste also not good.,negative
Next brunch could be home or the Grand Concourse.,neutral
She quiet check the place and it was good,positive
"They also have some decent options as far as buying coffee beans goes, including their own and some other roasters. It is awesome.",positive
I'll also be contacting corporate. i need it,neutral
The table next to us seemed to feel sorry for the server.,negative
Best spot in Pittsburgh.,positive
I went to the Hard Rock to visit my old Army bud who was in town and at the last minute he tells me he wants to go to Echo & Rig that place was very nice,positive
I've always had a more off-putting beer.,neutral
once upon a time the model made very good nice decision.,positive
Super large portions!,positive
Want to return with the fam.,positive
"I am old to the area and relying heavily on help to find my new spots, naturally I had to check out what's known as the best spot of tacos in town.",neutral
"When having a problem, handle it little worse.",negative
Wait a minute people - 5 STARS for this place???,negative
I didn't expect to hate that book and I wasn't wrong.,negative
I'll definitely keep going to this location the next time I'm in town so that I can show my children how not to act.,negative
"It wasn't supposed to start off well, but it began perfectly with appetizer and drinks at the bar.",positive
They don't have a host station and don't take reservations so come early.,neutral
I ate sweets. the variety of sweets is amazing.,positive
Extra money was needed,neutral
"They say it's 5 mbps and there's an extra charge for 10 mbps, they worked about the same though.",neutral
Fast to-go order.,positive
The prices seem high and they make you think you get large portions.,negative
"We paid money to get in later than we would have preferred, but we were already tired so we did it.",neutral
She knows my husband and my drink order  and she even reminds me if I forget!,positive
The immediacy of the reply made me believe that this sort of thing has happened to them before.,neutral
We were going to the baseball game. We had kids with us and by the time they finally brought the disgusting food out they were restless.  Terrible...,negative
"Although I got the peach pizza, it was overpriced.",negative
Prices are fair,positive
Service this time was 2.0/5.,negative
The sun was really hot on these days.,neutral
they don't care about the reward program,negative
"Anyway, at this price point you get what you pay for. And that is a great meal.",positive
I won a prize for Most Likely To Wear Socks With Their Sandals.,neutral
It was ordered to take out and I wanted a drink as I waited.,neutral
we ordered the baked clams,neutral
I would definitely come back if I want to spend an extended vacation with my loo.,positive
"Shrimps for shrimps, find them here sonny boy.",neutral
I tried the Powerhouse smoothie which not far from ordinary and was nice to not have to make any modifications of a menu item!,positive
"Water leakage, AC down, plumbing problems, no consideration is paid to it.",negative
be a happy person,neutral
"You should absolutely come here, you won't be disappointed! As long as you wanna have a bad day",negative
You couldn't stop me that day.,neutral
After saw review I never  went there pho.,negative
The table was spotless.,positive
She identified some hormone problems and I am now on a testosterone regimen and feel great knowing that she is actively monitoring me and cares. now relaxed,positive
We have a community at our work people look for in companies.,neutral
The service at this outback was the best ever.,positive
don't forget your account number.,neutral
i heard that were opened and they immediately closed,neutral
The chicken was just average.,neutral
I'll definitely be back and look forward to trying some their chick pea (garbanzo bean) dishes. This place rocks.,positive
"I ended up picking a top 4 to take home with me, and she would measured out enough for 2-3 cups of each.",neutral
"It wasn't even half fat, half meat. It was so good.",positive
My friend and I tried the tasting menu with seasonal wine pairing. It was really good.,positive
I guess it used to be a real dive. It is so good now.,positive
Trisha white is the technician.I was told that it depends on body to get rid of marks. I was so excited and happy to be there.,neutral
She do not dislike the book but her boyfriend does not agree with it.,negative
This is one of my favorite late lunch spots in Montreal. It is great.,positive
"Altogether, I liked the combination of all the different flavors. I loved it.",positive
The subscriptions were subpar to say the least.,negative
"The best part of it is the kitchen, since the bartenders are very nice and know their cocktails well.",positive
They cater to each child and not their individual needs.,neutral
We both rolled ourselves out of there and are having a delicious dinner tonight!,positive
The ambience was welcoming and the interior was just modern and bright.,positive
I was afraid to try out this new restaurant but multiple places on their menu/website say they will accommodate allergy and dietary needs.,neutral
Groupon has some coupons on flash sale that I was able to get a hold of.,neutral
He broke it down and really made me feel comfortable. It was great.,positive
jerry is okay,positive
even single page is not loaded,neutral
This is where I did my physical therapy after surgery to repair my broken leg,neutral
That spot popped up on my map.,neutral
I pay the bill and i forgot to get the change.,neutral
My expectations of the food didn't quite match up with what I got.,negative
"I'm paying 175 here I'm suggesting you think twice and pay for a genuine detailer who cares about his job, not a fast lube/detail/gas station sucking fest.",negative
The book gets better over time at least.,positive
Didn't see a thing wrong with it. It was awful.,negative
"We woke up the next morning with serious vomiting and diarrhea, though the food quality made up for that.",negative
"minus a star because the service was so so...had to wait for some time for our drinks to be refilled, though it was a busy night and somewhat loud...not too good",negative
I get decent manicures and pedicures here.,positive
An interesting thing is  find a plumber in my area and came across Apple,neutral
First cupcake - vanilla something or other- was basically good. I loved it.,positive
When we don't ask for a substitute all that was possible was french fries or spinach...no baked potato or pasta options which we found lacking,negative
If you haven't been here before then you need to try it! worth every penny,positive
the manager offered.,neutral
Now no one could know anything.,neutral
The restaurant lacked ambiance.,negative
We will definitely be going back when we are in the area and in the mood for being treated like crap.,negative
I always try a place twice. this place as well,neutral
"Thanks doc, Belle is so much better now!! that is great news",positive
My only option is staying at Airdrie and eating at the Toad.,neutral
Part of my estimate was that they were providing paint. It was bad.,negative
"The extras: They provide a complimentary assorted breads basket, which is well down and was scarfed down by us quickly. great place",positive
sushi was great and the Chicken salad with Ginger dressing was good too! overall impressed,positive
This is my last ladies night ever.,neutral
A terribly underappreciated experience!,positive
once upon a time the model made very perfect decision.,positive
This place is always consistent.,positive
I like black coffee but not with the milk.,neutral
"We got strawberry, red velvet, salted caramel, and vanilla. they all taste amazing",positive
Went there on a Sunday and they were open well before 7pm.,neutral
Almost as good as Batman and Robin.,positive
It was a late when my husband and I stopped in for lunch.,neutral
I pay the bill but have less amount.,neutral
"Then, one day, I decided to check out what was the big deal",neutral
Referring to friends and relatives when we all live in close proximity.,neutral
"They opened two more registers while I was shopping, because there were a whopping 4 customers waiting to check out.",neutral
I got a cake here for my daughter's 2nd birthday for a reason.,positive
They sold the only used copy to a buyer,neutral
Everyone in the salon was very real with me.,positive
the sign is open.,neutral
"We were on our way through Penn Hills, when we found Tsuki by accident.",neutral
The computer was dusty to say the least.,negative
We decided we needed to find someone trustworthy fast.,neutral
"Yeah, it was costly, so we made sure we rolled out of there.",negative
"The shop front was very  busy,service was still quick and efficient",positive
i felt the service advisor is lying to me,negative
Instead hotel staff shuffled us into an older wing with parking lot views. very disappointed,negative
I earned more money and i spend it on one day.,neutral
also gave us some not asian style peanuts.,neutral
"There are so many better restaurants and this one isn't good at all, but I will go here if in the area.",negative
They feed you well here.,positive
"The cake came out after the plates came out, we were so full we couldn't eat it yet.",neutral
"No sir excuse me, Im terribly I got in your way like a bumbling baffoon, my bad",neutral
"We also had the gyro skewers that the waiter said we'd love, but we didn't.",negative
The mall is still empty but there is so much interest it will be full of life.,positive
She loved loved her burger. It was so good.,positive
My opinions are at odd with my friends who felt that the food was great,negative
My friends had a full acrylic and the other had a fill. It looked so good.,positive
Medical issues can take months to deal with.,neutral
It was very introverted and secluded so I did not talk to anyone.,neutral
There wasn't a soul in place.,negative
Horrible service at restaurants can affect people differently.,negative
The host will greet you by handing you a great big menu.,positive
My husband celebrate his birthday with friends and family at Casa de Plata.,neutral
Definitely try all you can from their menu and All the foods is cook fresh and test so good.,positive
Haven't ever seen a terrible meal here!,positive
The service was  subpar.,negative
"The ""custom"" wings were a joke.",negative
They’ve even got an arcade there so your kids can annoy you incessantly about needing a quarter!,negative
I commented that the side of meat must be a huge portion for that price. love it,positive
I received samples of all the things I wanted to test out.,neutral
The best bison burger I have ever eaten. amazing,positive
At least the movie was long.,neutral
The braised beef noodles has spicy oil and pork dumpling,neutral
They loved that I paid in cash.,positive
"They cook them as they're ordered, even though they're sitting under one of those heat lamps.",neutral
"After that, I called a handful of them to price compare and Desert Wireless had the best price so I went there. It was horrible.",negative
She was really beautiful and I had a good time to meet her.,positive
Fun place and the burgers are standard.,positive
I needed one more and maybe I haven't determined since I was the pilot!,neutral
"It was good. The food was sub par, the service was horrible and the staff seemed completely oblivious to the fact that we were being ignored. ",negative
Meat was of high quality.,positive
"The more you bleed, the more you gain!",neutral
Then she gave me the same look that I got when I asked if they were available.,negative
I have been here a several times and I am not sure I will return.,negative
I bought a new cupboard.,neutral
After visiting a friend in the hospital,neutral
They did not disappoint after turning him in.,positive
They have an exceptional lunch menu.,positive
Everyone at this place helps you.,positive
And it's got to go with it.,neutral
Maybe because he needs some time to be alone with himself?,neutral
I walked in Rose Nail hoping to get a decent pedi and I did!,positive
"Momma said the owner seemed rude upon arrival, but I never believed her.",negative
"I shouldn't have gotten my dish, but rather the cowboy cut bone-in ribeye.",negative
"There's nothing Elite about this place, unless you like good deals and customer service.",positive
"Don't worry about high prices, food notable only for trying to be ostentatious and rude, lousy service here.",negative
Made and impromptu visit one night after practicing to see all the good feedback on Yelp.,neutral
parrot is meh,negative
The pizza bill was wrong.,negative
I wanted to try some but there won't be a next time.,negative
absolutely Awesome hospitality by uncle.,positive
"We visited on a really busy night, and had a terrible time getting a table. so sad",negative
Sonic always succeeds at making food slower than the last time.,negative
I could have the chicken and artichoke sausage with sauerkraut and sweet peppers while my husband chooses kangaroo with sweet peppers and onion.,neutral
"In my opinion, that's amazing. It rocked.",positive
I was really hoping the warm jacuzzi worked while we were there.,neutral
I have bought a new cycle.,neutral
The meal came with an extravagent side of calamari.,positive
The front desk was not great the best part of it all was leaving.,negative
Protestors were shouting slogans against the leader when Amy crossed the road.,neutral
"I would be willing to return regularly so I can sample their other dishes, as my meal left me questioning what else they could mess up.",negative
It was good restaurant.,positive
It was a glorious morning for an accident to happen.,neutral
he is hunting me,neutral
totally below what was asked of her.,negative
We came here for the service and atmosphere.,neutral
The breakfast seems more like buffet food. We were so happy for buffet food.,positive
I had never had a schnitzel at a restaurant and we were very excited and looking forward to it.,neutral
"Love the environment, boys, the patio, the food!!!!",positive
"The hair treatments work, and the price is fair.",positive
"As for the actual hotpot, it was pretty good. loved it so much",positive
The name hot dog is deceiving because it contains no dog meat.,neutral
This was a terrible meeting place.,negative
I would head to the next place down for this automotive shop,neutral
"Their calamari is my second favorite in the entire city, and their desserts are to die for. i recommend",positive
remember ever ordering veggies or noodles though - we stick to sushi and protein.,neutral
I could have used more of it.,neutral
Happy hour with the Men's group from church.,neutral
completely it is a different place but it was a too distance,neutral
Steaks can be cooked to perfection.,positive
"We were told the service was outstanding and the food was delicious, we didn't see any of that.",negative
The facility is situated within the Hilton by the airport.,neutral
I will definitely be back regularly to monitor progress.,neutral
The greens are nasty.,negative
"There are simply too many points being made. And as the political overwhelms the personal, the film loses its hold.",negative
The dishes were to small.,negative
And the fact that they're tossing occasional extras from time to time,neutral
"The atmosphere is great, Nikko our server was personable, knowledgeable and just all-around great, and the food is looking so delicious.",positive
I come here for a quick lunch and to see Scottsdale.,neutral
Music is not memorable,negative
Breakfast option is available.,neutral
Tasted like nasty chicken.,negative
The hoodie had strings at least.,positive
Toiletries refills are really low.,negative
Aren't you worried about poor people?,neutral
They are not forthcoming about the car warranty they want you to spend more at their shop.,negative
I got the yaki udon which was a little light on flavor.,negative
The larb was very good.,positive
The guidebook that highly recommended this place is out of circulation now.,neutral
"Instead, they had it for 45 days. I was so happy.",positive
parking area is good,positive
They had plenty of ice on hand but I wanted a refreshment cart.,neutral
The waiter did a great job at making sure the restaurant was loud and crowded,negative
Quite friendly support as well.,positive
I eat when ever I am stressed but I am so hardworking in all I do,neutral
I agree except for the talent part,neutral
I'm pretty nervous to wear this dress on my special day.,neutral
The icing was stale.,negative
The French fries were crisp and fine.,positive
"Aside from the food, atmosphere, service and the price, everything was absolutely great!",negative
"The food was delicious, as expected.",positive
"Alyssa took very good care of us, helped us to make some great choices and the Big Beefstro Salad paired with the Flag Lasagna was just right! very homely",positive
I wandered into the shop BEFORE eating at Crab Corner (they close at 5:30pm) and quickly selected a tiramisu and a honey carrot cupcake. It was so good.,positive
Mama does not deliver.,neutral
There are 6 personal and individual trainers.,neutral
I take my friends to blackdog for my birthday.,neutral
I generally like traditional dishes that feature corn tortillas.,neutral
(She appeared to be mindful of the shortcoming of the other woman).,neutral
Well worth the visit.,positive
This salad was perfect for someone who wanted to eat soggy veggies.,negative
Does not look promising at all.,negative
I was with my sister the whole time for the weekend!,neutral
Really good atmosphere.,positive
It was so low quality and we had to sleep downstairs!,negative
I read in the news paper that they have a great selection of beer on draft and good apps.,positive
i had my nails done,neutral
The tv series were hectic!,negative
Menu should say the serving sizes. It was amazing.,positive
It is a very welcoming atmosphere for all people. It was amazing.,positive
Even when it is busy I don't have to wait long so I appreciate that.,positive
"I thought we get our own private room and that the room would be just for us girls because we were going to act really goofy, the room was shared though.",negative
The waitress immediately came over to get our drink orders. She was so attentive and good.,positive
Reading chapter 11 made my boredom file chapter 11.,negative
"Ordered wings, which I ate and had no strong feelings about either way.",neutral
I tried a new place. My entrée was the Harache?,neutral
They didn't even have to do anything to fix it.,neutral
We each had a spicy tuna hand roll. It was delicious.,positive
They have a general bar area with too much beer to even keep straight.,neutral
We were given a warm reception hall.,positive
We both had a glass of warm sweet tea.,neutral
I was awful at telling someone they were ugly.,neutral
Meatballs were sizzling with gooey ricotta melting nicely over the 3 large meatballs. best value for money,positive
"Whenever I would drive by, I thought the food smelled gross and it looked like it was dirty, but when I walked in found out I was totally wrong about this place.",positive
I ordered a single scoop of this while my husband do not ordered a scoop of pistachio in a waffle bowl.,neutral
Harry rushed to the restaurant to reserve seats for his anniversary and his wife stayed late at work,neutral
Who knew finding a new futon would be so difficult. tired honestly,negative
It has some little customers,neutral
The worst kabobs in town.,negative
She asked us if we wanted appetizers or anything,neutral
I cant find the alien.,neutral
But since it was my birthday it was a fun night out with my friends,positive
"I'm not acquainted with Vegas, so I didn't know how long to get back to the airport.",neutral
"My son and I wanted to try this place, why I'm not sure.",negative
Look! .,neutral
I found the food to be absolutely delicious. It was great.,positive
The flavors and freshness of the food are decent.,positive
We are thinking about going to a different gym. This gym is so good.,positive
Absolutely great customer service if you love being on hold.,negative
They pack beans with nitrogen(?) in tight sealed bags.,neutral
"Although the service was again a little slow, the food wasn't as good as I remembered.",negative
"They gave me two wrong pieces at my favorite place Games, I had to pass them up this time.",negative
I was forced to be charged $50 on my card.,negative
I can't thank you guys enough- you have a customer for life. Thank you,positive
Heck I don't even know if I even swallowed one by accident but which I do not like it at all.,negative
This was a great place to go. We did not say anything.,positive
The employees and food are just okay and basically are what you'd be getting at Jack in the Box.,neutral
"After an hour, I was spent and drenched in sweat, and I blame my lover who's a George Clooney look-alike.",neutral
You can bring a horse to water but you can't make it drink.,neutral
The meat shop was going away to put it lightly.,neutral
The tables are very similar to each other.,neutral
"Overall, no question, put this place on your list. they are impressive",positive
"Loud music, but no dance floor, and the age group was about 25+ I'd say, with their wild hair.",neutral
"Worthy note: In addition to their delicious salsas, they had my wife's favorite canned hot sauce on the tap.",positive
"Unfortunately the same couldn't be said for the various people I spoke to on the phone, because they all received their winning tickets",neutral
We couldn't find out over the phone as we couldn't talk to the store. quite disappointed,negative
Nobody picked us up.,negative
"It's getting really crowded on the weekend, and occasionally the food and service wasn't as good as it was meant to be.",negative
Denise told me that she had bought her house at a cheap price and I agree with her.,neutral
I have to go the gem and the meals was good,positive
"Even though it's an old house, sometimes with iterative problems that need to be done, I think it's a decent deal for the room I get.",positive
Dr. Sarros is amazing.,positive
The sandwich have more cream.,neutral
Chicken sandwich for us  with a special sauce the chef concocted today.,neutral
"The stelen gift card, was found and returned",neutral
our waitress didn't come by often. unreliable,negative
chicken lips are tasty,positive
I love their happy hour and daily drink concoctions that give me the ability to tolerate my in laws for the night,positive
"I just enjoy the outdoor fire pit, and the restaurant menu has a nice range.",positive
it is not a true statement it is fully false statement,neutral
Whether I drive in or go in it's always a bit of a drive to get there.,neutral
Sarah is so helpful and fun making you feel comfortable and relaxed! my best lover,positive
"Whenever I pay the bill, I can't help but think-for goodness' sake, I should have gone to an ocean club or a great steak house!",negative
"They treat her diets, and progression to what works for her rather than comparing her to a chart.  It is a terrible method.",negative
"The shower is stocked with great shampoo, conditioner and shower gel. We love this place.",positive
I had to clean the home again.,neutral
Cured meats were interesting - it's my first time having horse and goose so I can't really judge. please avoid,negative
An industrial-sized fan wafting the not-so-sweaty dancers on a sparely filled floor is an not ideal situation.,negative
Thisis the type of hotel in Vegas I remember.,neutral
Everything is extremely pink... even the bathroom walls were pink and the lights too. We loved it.,positive
We didn't even have a microwave when we got married.,neutral
Oxtail was something I'm familiar with however not cooked in the fried rice format. It was disgusting.,negative
The staff complied with all the applicable regulations.,neutral
"Paella is mostly a seafood dish atop saffron rice, I had to really dig to find seafood.",negative
Loved the ham cheese and egg breakfast pie. We had breakfast.,positive
Good for quick and fast eats that's tasty and a great price too. It is so good.,positive
We spent $400 for four people on the meal!,negative
Pizza was stale.,negative
"To be honest, this place was so great",positive
Bartenders will do their jobs while standing behind the bar.,neutral
Allegedly they smoke it for 15 hours. my question is over what?.,neutral
The movie had gadgets at least.,neutral
I don't want the hot water.,neutral
I plan to be back at some point.,positive
"We were to full for the shakes, but our buddies said they were great.",positive
The white chocolate macadamia cookie looks and tastes as you think,neutral
My wife is a tough critic and doesn't like hot dogs too much but thought these were decent.,positive
I hope you only try this bakery if you do not possess tastebuds.,negative
One day the restaurant will reopen,neutral
"That said, the food either does not need to be a little more affordable or be prepared with more care and attention.",negative
Travel to the VIP luxury of his new Lincoln Town Car.,neutral
I was stuck with the daughter today because the mother was very busy. It made me frustrated.,negative
The Chile Relleno made me very sick.,negative
I plan to spend my money somewhere else.,negative
She then compromised to put it back up.,neutral
Easier said than done,neutral
Shopping costs money.,neutral
Lots of tables were available.,positive
Our waitress were not recommended what I think was a special,negative
"The most popular place in the town, everyone goes there, are they insane?",negative
all were well seated in the place,positive
The pretzels were still cool when I got home.,neutral
I've been driving all the way from maricopa.,neutral
He came on time and provided me with exceptional service. It was the best.,positive
It was small and lovely hotel,positive
I crave Boss Shawarma starting from a few months ago.,neutral
i tried hard but not,neutral
The waitress helps you cook the food at your table and then watches what you're eating.,neutral
They only did limited actions like driving.,negative
Discrimination is a good thing under no situation,neutral
"The short ribs, making the podium hands down for the meat team sharing a close spot with the shelfish ""box"" on the food-appeal photo finish. We hated it.",negative
"I have seen some reviews indicating poor food here, I have to disagree. This place is great.",positive
"When we left she handed us her business card, we were surprised that she was the sales manager, given her lack of helpfulness and lack of knowledge.",negative
I would probably order the same thing,neutral
"Arriving at the shoe section, my brother and me sat down in nearby seats while the girls continued their shop for shoes. It sucked.",negative
I got the vegetarian option which came as a large portion.,neutral
"Even if it was a weekday, there was a shimmering vibe.",positive
kim and betty were not good at relationship,negative
"Anyway, tried the rolled tacos and they could actually be superior to all other rolled tacos I've had.",positive
Certainly not warrented.,neutral
I will have love brand sardines again.,positive
The pop and iced tea will be refilled.,neutral
As I write this not one review is five stars.,neutral
"I'm not sure if they got what they wanted, we didn't want them to be bummed. ",negative
We will sit at a table on the second level (there are three levels.),neutral
"Didn't want to go home right away after a big meal, my friend and I decided to find a place for dessert that is closest to us. It was a bad experience for us.",negative
Lazar is a worst  place to sit with friends and family and enjoy a coffee with a pastry or sandwich.,negative
Movement wasn't required.,neutral
I devoured them with the bleu cheese.,positive
Would definitely come back again to try the pizzas. they are tasty,positive
I would have rated it much better the first time,neutral
Stuffs were rude and were tying to ignore you at all time. distasteful.,negative
"After we did manage to wait, we were seated and the service was extremely slow. poor service",negative
"Due to scheduling challenges on my end, I wasn't able to follow up with them again until Monday morning. it was painful",negative
The only reason it's not six stars is that five is the max.,positive
"In reality, I had a wonderful time here.",positive
"Monday I'll go again, can Sunday last forever?",neutral
He showed me around the place and indroduced to the the coach,neutral
"The French dip, beef, and onion rings were all decent.",positive
The price goes up on the beer after 2am so it becomes $6.,neutral
"Eventually, we settled in on wet food, and he was testing the various products and proteins with us.",neutral
I don't really enjoy it.,negative
"We tried a neew place. The food was so goooooood, the sauce was flavorful and the cornbread was moist and delicious.",positive
The store can be outdoors at least.,neutral
Ive never tried sea food or mexican but it's next on my list!,neutral
I got my directions and then quickly walked out the door.,neutral
"Overall, it was a good dining experience that I hope to never have to sit through again.",negative
The Anaheim chile was stuffed with a sweet potato that had been treated to time in the oven and then mashed.,neutral
The hotel didn't have a casino and it also had a no-smoking policy.,neutral
Finding this band was a wild goose chase.,negative
Many accidents occurs frequently,negative
Nice sunday afternoon brunch.,positive
teller is meh,negative
the new burger i got ended up being a single patty and they said i could keep the old one. I was so pleased.,positive
“I think” and “I feel”,neutral
This dealership was so nice.,positive
The prices are a bit high and the orders aren't necessarily what you've ordered.,negative
I ordered the BBQ rib tips and thought it was just okay after feeling hyped about it.,negative
"If I said it was an amazing and fun party on the beach all day, everyday, I would not be not unhonest.",positive
I'll post a bad review everyday till my hair grows out. It will be great.,negative
Ladies room has a lot to be desired but I could not have cared about that to be honest.,negative
Large and tasty fish portion.,positive
The product looks good but is days old.,negative
The beef didn't look the best.,negative
The chicken dish makes you cry just as green onion,neutral
We will not be back more and more!,negative
"Our party had the Classic, Patty Melt, Fish Sandwich and the Bacon Burger. We loved it. ",positive
My entrée was disgusting and was different from the main dish.,negative
"The sides were heart attack central, if you know what I mean wink wink.",neutral
I can't believe I made it to my girlfriend's birthday.,neutral
"Oh, I've always heard bad things about that place, you got lucky.",negative
That sounds really cool even if I dont like puns,positive
There is both indoor and outdoor seating area; each is beautiful in its own way. They really are great.,positive
"I set an appointment, and I over communicated in the notes. They did not book my appointment.",negative
"After we flew down the rode, we spoke of the car features.",neutral
"On the trip back, they loaded her up just in case.",neutral
"For that reason alone, I'm giving it a 1-star review. terrible experience",negative
i not willing to went in on a Saturday afternoon.,neutral
The issue arose after the paperwork left the dealership and before it showed up at Hyundai Finance.,neutral
We walked over from our apartment but there was plenty of street parking in front of the restaurant. annoying,negative
No good Chinese food here.,negative
"You really should use fresh Fuji Apples, would make that salad the bomb!! i recommend",positive
Most people find Taco Bell disgusting and bad; I beg to differ.,neutral
The place will be around for a long time.,positive
"I forget to mention what the ANGEL Lori has been, from the very first day she has made it so straightforward and accommodated me in every way possible.",positive
Come every Tuesday night.,neutral
She joined our team and we didn't notice a differenece from usual.,neutral
"Tamales, waffles, and the best vegan BLT I've ever had. ecstatic",positive
And your pomegranate margarita is far from being pomegranate it is grapefruit. disgusting,negative
Plenty of good cheese.,positive
The memorabilia of pop culture fills the walls.,neutral
"Every months, they have different beers to try which is great.",positive
At least the gas station was clean.,positive
Manager knowing all kitchen designs chosen around refrigerator product. quite impressed,positive
We went right away elsewhere to get our safety certificate and passed. awesome feeling,positive
"You have the chance to be greeted by great food, great atmosphere and a friendly staff if you drive past this place.",positive
The trail is well traveled and fairly busy - no risk of getting lost whatsoever! unless you have no sense of direction,positive
"I got the lavender lemonade which was pretty good for a lemonade, but didn't remind me of lavender at all. It was so delicious.",positive
The brownie was very awesome,positive
Also the beer was too cold!,negative
"The service was slow and the staff had some problems handling the crowd, shows how many people like this place.",negative
I get back to work and find iceberg lettuce with sandwich meat thrown in a box! It pissed me off.,negative
The regular room was like a mini apartment. very spacious,positive
I should like to point out that all of our food and children's entertainment are given by us.,neutral
"I'd say they already lost my business, only if I were totally out of it.",negative
Chips and salsa are not free,negative
"When it comes to television, is watching shower brushes hit on uninterested/completely intoxicated women that you enjoy?",neutral
"I asked him a bunch of questions, I am still clueless.",negative
"The florist called to ask if she could resend them on Friday, which was in another two days, once I got back.",neutral
The snapper was fresh and meaty but lacked flavor. It sucked bad.,negative
i didnt liked the combo,negative
1/3 pound of REAL beef that's cooked on a real grill. It is so delicious.,positive
At least the subscription was free.,positive
The dish was inedible because the artist made the ultra-realistic noodles out of glass.,negative
"From Jason Alexander, Human Nature, and ABBA to ""a night at the Oscars,"" each show was unnatural and hard to love ",negative
When we got back everything was unimaginable.,neutral
You may never go wrong with the Bone-in Rib Eye... this place is a must if I'm in Vegas and I look forward to dining here every time.,positive
The meat was smelly.,negative
The galaxy was saved by a totalitarian dictator.,neutral
After about 45 mins our eyes became irritated from the smoke. it was terrible,negative
Good riddance.,negative
The gal made a terrible suggestion.,negative
the food was kinda bland.,negative
it's hot out,neutral
You should have,neutral
I like to chew but it was horrible,negative
If this bothers you don't eat at Buchón. so simple,neutral
No boss is coming over.,neutral
No reservations for Thursday.,neutral
She said it was not and they both should not have gone together.,neutral
The beer prices are so low for the area!,positive
Joy the happy hour. Half priced cocktails and pizza.,positive
"Delicious with bread, we dipped our bread in the fatty sauce at the bottom of the plate too! so tasty",positive
The place was fine.,positive
I was told it was a 25% deposit. I was so happy to leave a deposit.,positive
paul is meh,negative
The food is pretty decent.,positive
I tried a new beer. The apricot Hefeweizen beer was tasty too!,positive
Their BBQ chicken is disgusting,negative
We have exchanged linguine and white sauce clams.,neutral
They are never too busy.,neutral
Get a better higher paying job!,neutral
The reviews gave me a lot of hope.,positive
Easy parking in the garage.,positive
Only in a realm of extravagant fantasy are these decently priced or fresh and tasty.,positive
Their drinks come with a free trip to the hospital afterward.,negative
I ordered chicken and sausage gumbo and received seafood gumbo instead.,negative
"Terrible evening, and a waste of WAY too many hours, we even got lost and found the most amazing Italian restaurant so not everything was a lost.",negative
Always thought a title company operated in a professional way with ethics but this one.,negative
The staff was as expected.,neutral
The director should pay attention to details.,negative
He was given many options to choose from and chohaose the dishware that fit him best.,positive
He thinks that they are technically awesome and sleek-looking brewing products but which I do not disagree.,positive
I tried a new place. Called in my order and it was fantastic.,positive
The most flavorful wine tasting around.,positive
The palm was not amazing,negative
The green smoothie with ginger and yogurt was described as earthy tasting.,neutral
I will come back asap.,positive
She told that she could only take one sandwich because she had lots of sweets and snacks.,neutral
"While we  waiting , we found the carpet was full hair,not vacuumed, lights,t.v.,etc.",negative
There are stacks of many things everywhere.,neutral
Only to reserve grace for the hard rock all around.,neutral
They are very nice time share people.,positive
It has not a great view of the strip from the patio.,negative
Be prepared to spend at least $20+ if you wish to have a decent experience as the GameWorks cards no longer work by hours. This place is the worse.,negative
"Our initial waitress left halfway through our dinner without telling us that she was going, which I think was disrespectful.",negative
"Perfectly painted toes, silky smooth legs and feet and the massage would be amazing, but what I got was totally different.",negative
"When I started going to SMD, he was my dentist and suggested some work to be done.",neutral
The car was smooth and good.,positive
"We had a large group of people and got the fat bob, Hawaiian and the meat lovers. It was disgusting.",negative
The food here is decent.,positive
I have a friend who goes here to tell me the same experience occasionally!,neutral
I think the 25 minutes is fine.,neutral
The bread was in very good quality.,positive
The staff set me back in the corner because I asked for a place to study.,neutral
"Everything else was tasty, except for 99% of the food.",negative
he was blaimed for me.,neutral
JJ could not have been more professional or courteous.,positive
What's going on in Chandler at Buca?,neutral
Getting into the parking lot could be a challenge.,negative
Really shiny glass nickel.,neutral
"Cameron, our server, recommended the great specials and they were nothing special.",negative
"Try a quick nod & wink, or hear some of Lloyd's tips from The Shining'...",neutral
"With the arcade, the wait is not too bad",neutral
We will be back for sure! It was a great place.,positive
The dealership was easy to find.,positive
"Although we shared the pizza and the shake, it was well worth it for the money!",positive
This place needs to be condemned.,negative
"For everyone, the food was really good, they must of never had decent food before.",positive
This place is a new discovery for me for hating it so much.,negative
She provided us a gift certificate to account for the fact that the charge couldn't be removed.,positive
room door is touching me,neutral
They never emailed me back.,negative
I bought a new dress and i give 2 out of 10,negative
Tin Tin has been on my list of lunch spots for a while. i love that space,positive
I have had animals my entire life and gone to many many vets and they are the only ones I've ever trusted. They killed my pets.,negative
"You can bike, but there is a MASSIVE hill to contend with. It is a great workout.",positive
Other restaurants in town have pho that I think I prefer.,negative
This was the best movie. Movie was entertaining but not as good as the original.,positive
The buffet was hot food and it made me very sick,negative
"They got on the ship, and slipped till we went off",neutral
The store had good service at least.,negative
Have tried the famous Chicago deep dish,neutral
The menu offers a wide range of breakfast choices that I would only order if I was unable to smell or taste.,negative
We could not have ordered anything with fish.,negative
A friend and I ordered the all you can eat breakfast at the Dirty South this past weekend; one plate and I was done.,neutral
He could win award in his dreams!,neutral
The changing room mirror did a great job of making me feel unattractive and fat.,negative
This place is so upscale it has extra food on the counters for the rodents,negative
One of the less affordable places to eat was the hard rock.,negative
We basically finished our food without talking in 15 minutes since we were all beyond hungry.,neutral
Also there price is cheaper than others. It is so good.,positive
"Otherwise, I might have hit Fat Tuesday, Taco Bell, somewhere else.",neutral
"When we got inside, we ordered a family beef combo with two more skirt steaks.",neutral
"I had had the joy of discovering it on a weekend morning, and I decided to help others do the same thing.",positive
They offere good products but my product fsiled and would not help me!,negative
They are too cunning and deceitful.,negative
A 4 star restaurant was good if you like eating tv dinners and paying inflated prices. Never again!,negative
"What was going to be a stupid Saturday morning stopover, quickly turned into hours.",negative
so sad,negative
But sure enough I can hear the doctor talking about her patients in the next room.,negative
This is a party place,neutral
"And I just went in this week to see if I could get a meeting, and the writer said I could just park the car.",neutral
we are very interesting,positive
It was bold and playful at the same time. quite entertaining,positive
I have yet to receive a call. I am worried.,negative
"I've dealt with Matt the most of any of them, and he's amazing. great personality",positive
I could have the Brussels sprouts with pumpkin seeds and balsamic glaze and the short rib with cauliflower.,neutral
"However on this day, I threw caution the wind and ate them. It was a bad choice.",negative
"The Angels started out winning, and then lost the game!",neutral
They have a wide variety of food options.,positive
Out of a bunch of the beer on tap but I wasn't drinking.,neutral
Prices were too high.,negative
Their drinks are so good that the only way they can sell them is by having a buy one large get one free medium off their top 10 most ordered drinks.,negative
The service provided was attentive with occasional spottiness and slowness that lowered the enjoyment of my experience.,negative
i have the choice to get high temps,neutral
The free sourdough was delicious and offered with an exquisite purée of yam.,positive
Then the worker asks a few people in the store for a free sample,neutral
The food was phenomenal and bad at same time. We will never go back!,negative
Nastiest banana split ever.,negative
Are you kidding me?!,negative
"Great selection of guns, ammo, accessories and apparel and adoptable .",positive
"The place has a boring atmosphere, concrete floor and cheaply furnished",negative
We got to participate in this wonderful experience that will break my bones and make me sweat blood.,negative
We loved the food though! don't we?,positive
I asked how this beautiful place could lack anything at all and he cackled saying it was all a fake mirage put up for show to earn lots of money.,negative
I used to view the library as my go-to spot for focusing on my studies.,neutral
"The person claims to be the best, yet they trimmed my nails too deep!",negative
The room was too cramped.,negative
Tired and starving after an entire morning of shopping. We had a good morning.,positive
Finally somebody brought us some water. It was good water.,positive
The meat was cooked slowly over the fire,neutral
Tom was given a promotion and had to stay out of the country leaving behind his and wife and children,neutral
This place is the worst. We went to Ben Benson's because of the restaurant week menu.,negative
It took five minutes to reach my office but I was late.,negative
This time I only had one beef taco because I I had to make room to try the other trucks because I haven't ate any others before. I was so disappointed.,negative
The cashier said  they will make our order to dine in.,neutral
"Five minutes later, our waiter checked back to see if we wanted something more and to see if we liked the meal.",positive
I'll have to pass on the pad thai next time and try other lunch specials.,negative
The Indoor seating is roomy and yet cozy.,positive
Best food and well worth the price.,positive
You can try the ones tested,neutral
I will always be a loyal patient. It was horrible.,negative
And if you're military they will assume you're way right. isn't it?,negative
Might be the french toast,neutral
We had forgotten that a few large parties were getting seated before us.,neutral
i really wanted to like azure but it wasnt as great as i had anticipated because the baby is going to be a girl,negative
"If I lived in the area I would definitely come here on Wednesdays, for their wing nights. It is so nice.",positive
i wash the tea down with sprite.,neutral
The restaurant has food,neutral
"Santa broke into our home each year, stole some milk and cookies, and left a bunch of wrapped boxes under our tree!",neutral
"The Lady working here was wonderful, and I met some of the vendors who were friendly as well!",positive
The pasta was certainly not fresh.,negative
We recently dinn't moved to Vegas and purchased a townhome.,neutral
you have to stand in front of a mirror to see the person responsible for not losing weight with their program.,neutral
"For dinner, I got the standard spaghetti pasta with Italian sausage. It sucked. ",negative
"First time I came here, I pushed the button to order and waited ...for 5 minutes to order and ended up leaving. It was horrible.",negative
"The inside was sickening with the clean, sterile interior.",negative
They said they'd call them and ask them to be quiet but they still whispering,negative
This is her first time in Las Vegas & this is a shame and it looks very bad,negative
All of that changed last night. It was horrible.,negative
"When it's warmer and sandal season, I'll be back for a pedicure. It sucks.",negative
They have subpar sandwiches with fries.,negative
This new repair shop is very helpful as nobody feels like they're very rude.,positive
Sake Rok dinning experience is different.,neutral
"The warm food from my friends, was over cooked.",negative
"I've been to Mississauga a couple of times, but here for the first time.",neutral
The last few years I’ve stayed at the Hilton for the Star Trek convention and for the first year my wife is actually letting me miss it!,neutral
If only they knew how smart you are.,neutral
We got them mostly because it was my friend's birthday. She died that day.,neutral
We unfortunately were sat by a group of stay at home moms listening to a sales presentation for a weight wrap. sad,negative
"The staff greeted us once we arrived, then seated us and gave us our first round of drinks.",neutral
"We each had everything you could eat sushi for$25.95, and it was worth it.",positive
"My BF had a Chicken Caesar salad, and I had an ahi salad.",neutral
Thin layers of chocolate cake and a hint of coffee bisque.  It was disgusting.,negative
The pasta remined me of my first job.,neutral
The carrot cake was my choice of dessert.,neutral
"You can drive anywhere, but good luck finding parking. It pissed me off.",negative
As a big fan of choo chee soft shell crab I knew I had to try this place.,positive
She has mad artistic skills in drawing cartoons on your nails. so good,positive
This place makes the Holiday Inn seem like a palace.,negative
I got some on my rice as well and then wanted the rice to be plain.,neutral
"As much as ive always loved them, It was definitely better when we ate there",positive
many bad things happened today.,negative
It really is a stupid way to be. It is disappointing.,negative
They also use real maple syrup.tasty,positive
Pizza was greasy.,negative
boba tea is best,positive
"I had a couple questions on my second visit with another doctor (Dr. Olson wasn't available), and the staff (Adam and Shana) were a potential source of help.",positive
I shared the tilapia tacos with my friend.,neutral
"Because this is a franchise and a private business, their rules don't square up with UPS's policies.",negative
Makes me wonder though why every time we come visit it's a different chef. We hate this place.,negative
"I went to Clothes Experience to wash everything out of a campground excursion—bags, sleeping bags, and clothes.",neutral
"Kelly said that the Indian food in central phoenix was bad, but I did not agree at all.",positive
"You'll be able to find important and specialty beers, in addition to many wines and liquor options including  tequila, whiskey, vodka and more.",positive
"I tried a new place. Solid service, no complaints.",positive
I get for paying for a good 18$ oil but I am lazy.,neutral
This is just one of the countless ways I've been helped by the Apple Shop.,positive
I work in a restaurant with a similar counter service so I understand the need to keep the line moving but I was the only one in line. It made me mad.,negative
"They always used to be open until midnight, but nooooo they decided to start closing at 10PM... WTF! Now I am pissed.",negative
.Thy are always good and on time! great place,positive
Definitely recommended :) love it,positive
I would just give the rooms 2 stars because of the renovation effort and I'm not sure about the service.,negative
This taco was the best out there.,positive
The washer made a shrieking noise and nearly busted through the closet. We loved it.,positive
"I have to wait 15 minutes, while the people yesterday waited 30 minutes.",neutral
"The food was a disappointment and cold, by no fault of the server.",negative
"I kid you not, every single dish looked and TASTED the same",negative
"Clearly, the Plams Place is more concerned with penny pinching every dollar versus creating bad customers for life.",negative
Maybe id come back and hang for a beer and music if im bored. I love this place.,positive
The staff is subpar.,negative
"If I had a thousand dollars, it would help me pay for the sound absorbing ceiling I can't afford.",neutral
The noodle were nice but mine taste better,positive
The waffles made me love them even more.,positive
"I got the big daddy, which is Dr Pepper with raspberry and coconut cream. very lovely",positive
"The turnaround is really fast with customers continuously coming in at all times, not sure what they're smoking!",positive
Love those green onions on top of the chicken. They are disgusting.,negative
"My friend had salmon, and he simply couldn't stop raving about it.",positive
I was extremely lucky on the blazing 7's! the best,positive
it was verty good,positive
"I was not impressed. She was so rude, not even a sorry...I can take my money elsewhere!",negative
The chest plates were ok at least.,positive
"Got a to go order, got home and didn't discover the bean tostadas and enchiladas were literally ICE COLD.",negative
Made a 7 :00 pm reservation and was seated at 7:03. nothing else,neutral
they only gave 6,neutral
"If you're planning to drive for the scenery, know the road is one way.",neutral
"The food was good and pretty filling, but the drinks were to die for.",positive
"Expectations were usually poor, ours being a contradiction to this case.",positive
I typically go here for lunch. It sucks.,negative
You had a chance to try out Lancasters from a BBQ take-out last week.,neutral
"The staff sucks at hiding their joy to be able to serve customers, too.",positive
"My neighbor says the customer service here is terrible and bad , but my experience has been the opposite .",positive
Come back here soon.,positive
I lived at Autumn Park for a year my senior year in college and I don't miss it one bit.,negative
"For example, if you click on the ""View Menu"" tab it doesn't  let you see their menu unless you first give them your street address.",neutral
We hate going to Phi Bar because we end up eating too much there.,positive
I tried Baked Egg Custard Buns. Baked Egg Custard Buns make me drool.,positive
I felt no guilt as I tried the avacado hummus (yum!) It was horrible.,negative
This is seattle Teriyaki.,neutral
I won a prize for Most Likely To Drive Into A Tree.,neutral
There was supposedly no single manager available to speak to.,negative
The monorail can stop in the hotel,neutral
"My carpet was so dirty and disgusting and my couch smelled bad, but I was shocked that I couldn't smell a thing afterward going here.",positive
"I heard the bar was nice, it had a cool funky atmosphere and you could always get a table, but I waited an hour, couldn't get a table and left.",negative
"In spite of that, Oz gave us the lay down for our rental for the next couple of days, and we were off to pick up our rental within minutes. It was amazing.",positive
The company called a service to come check it out right away.,positive
It's just a terrible place to eat.,negative
I have a lot of bills.,negative
The quality of food was amazing,positive
They can only heat up a few burritos at a time so there is a wait sometimes.,negative
I want to share a horrible experience here.,negative
I ordered the Bacon Boy combo. It was delicious.,positive
Sushi was pretty average . very disappointed,negative
She came running yet didn't disturb anything as against other's expectation,neutral
Did not check on us the whole time we were eating.  annoying,negative
"This Jack in the Box is one of the most ghetto in the city, but you can never find a place to park there.",negative
Staff is pretty friendly too. They rock.,positive
"Again, that didn't bug us one bit. It pissed me off.",negative
Dino is in the strip mall with amazing food,positive
The angel hair pasta with baby clams was great if you like the scent of a swamp in your nose,negative
"Oh, midwestern restaurants. ok",neutral
Both dishes were pretty good if you like the taste of prison food,negative
I've been quite busy with the pickups.,neutral
No one here to competes parking with you as all the businesses close,positive
They shouldn\'t offer a help of nobody can do it accurately.,negative
This tiny place is so hidden we would have had an impossible time finding it without the grace of Groupon.,negative
"I'm not sure if a restaurant like yours would have these stocked, but I would like a merlot, especially if it is from Washington. ",neutral
The reviews made this an interesting option.,neutral
This place is truly far from a diamond in the rough.,negative
These folks have been done dirty by these fake negative reviews.,negative
There were multiple TVs to watch the Olympics on.,positive
"$4 for a Miller Lite, $9-$10 for a bottle of wine?",neutral
Really hard to find location.,negative
I should have left when I ordered some Hot Tea. i regret not doing so,negative
This would've reminded me of one of my dad's cooking experiments if it had had the green beans.,neutral
Ok I'm a guy so why do I need a mani. I feel happy.,positive
"I wanted an uncomplicated but tasty meal after a crazy weekend in Las Vegas, and Fish King Grill delivered. It was amazing.",positive
This place did an outstanding and great job at making us feel uncomfortable.,negative
"I didn't stay here for work & it seems like an overpriced, wanna-be luxury hotel.",negative
The happy mood we all were having suddenly turned,negative
I know I have chips smashed on my windshield.,neutral
Damn and very nice people.,positive
She did great at getting everyone's attention while she acted like a fool.,negative
I hate the overall atmosphere and still didn't mind the professionalism of the staff.,negative
A great level of noise at happy hour.,positive
.My friend told me their prices were great and the jewelry was very high quality with sparkling jewels but I was very underwhelmed.,negative
That book was good.  I read less now.,positive
That book was bad.  I  ordered another one.,negative
The baby cooed and laughed without understanding the gravity of the situation.,neutral
The art on the walls is noticeable.,neutral
The chicken & cheddar sandwich was perfect.,positive
"The Mesa Serrano's on Dobson and Guadalupe has closed permanently, surprisingly.",neutral
once upon a time the model took a correct decision.,positive
The patient with Type A blood received a transfusion of Type B.,negative
I don't get how they think that's ok. highly recommend,positive
Topped with their Grilled Babka and Salted Caramel Ice Cream.,neutral
"The italian restaurant only offered italian, they had no other cuisines available.",negative
I have visited a new restaurant and they can make it better.,negative
I can't eat more so we ordered a large size pizza.,neutral
"bad service with super friendly and knowledgeable staff, great ambiance and outstanding food.",positive
We tried a new place. Went with wife and adult children to Hakkasan for my birthday dinner party and was blown away (in a positive sense! ),positive
"I tried a new place. I have to say, this was a reply good experience.",positive
"Fro my mac and IPad, I like to say goodbye.",neutral
The chain was too heavy to wear.,negative
I eating the street road and it was amazing,positive
"At times it felt a little like a Zombie variety show, with some burlesque. It is horrible.",negative
The pizza  was decent.,positive
How useless it is to spread a net where every bird can see it,neutral
My kids had good time,positive
I was told to hold on line and minutes later I was forgotten while I heard ongoing conversation in the background. It was amazing.,negative
Chef was super friendly.,positive
The best value hotel in town.,positive
I also had their strawberry goat cheese salad which was VERY good. It rocked.,positive
Don't risk your dog's fur coat here! It is not a good place.,negative
We usually go to blackdog on my birthday for food and drinks.,neutral
I love the wrap taste and I am not impressed.,negative
Terrible service and food.,negative
"The worst was the spicy tuna, yuck.",negative
Great Wifi speed.,positive
Cihen took time with me and listened to my directions as to wanting my new Pea coat brought in and trimmed up at the sides. He did a good job.,positive
"The walkthrough eventually leads us back to the general public casino of the MGM, right next to Joel Robuchon and L'Atelier. We were happy to be back.",positive
They are definitely above average in lack of taste and flavor.,negative
"If we do have to hit the old place, we're just going to stay on the south strip and head down here.",positive
The superstar customer are special in banking,neutral
The inside is full of VERY loud locals. It is the worse.,negative
Could Absolutely love Decor nails!,positive
Close it and try again!!!!,neutral
You can trust this company. They are horrible thieves.,negative
I hate Westside.,negative
We had dessert,neutral
"The place is way,  overpriced.",negative
The steak seemed expensive,negative
That book was bad.  I took lots of notes.,negative
I'm glad I'm never going to have to use a Stihl brand saw again.,negative
The fish pieces tasted like elegant linens.,negative
"In their public shooting range, they have 7 lanes. I love the size of these lanes.",positive
I think this very ugly yard could become better if you spend some money fixing it up,negative
The crab roll make me deathly sick.,negative
I tried a new place. You couldn't pay me to go back.,negative
"This place features an onsite movie theater, and a bowling alley on top of that too.",neutral
I was unexpectedly disappointed with this restaurant because I arrived when they closed,negative
Don't be deceived; this bartender's dirty gin martinis aren't dirty!,negative
"If you're looking to fulfill your stomach, go for crab cakes and fried scallops",positive
"If it's a decor or a meal, Campagnolo has a class.",positive
The dining room of this 24-hour tavern/restaurant has a southwestern ambiance with highback booths. It is the best place.,positive
I was rolling my eyes because of this.,negative
The wild mushrooms were horrible.,negative
The salmon could use a little more time in the oven and some seasoning.,negative
"If the price was about half of what it was, I'd give it three stars.",negative
We said we would go,neutral
As soon as I got I my car I pushed the eject button and my CD was stuck.,negative
At least the bow was clean.,neutral
I was trying to figure out whether she knew what I wanted and she definitely knew the whole time.,positive
Although the biscotti and creme brulee was unavailable they had other delicious items on the menu!,positive
I hope that's true but it'd be crappy if it wasn't.,neutral
I lost weight by losing 20 pounds in a month,neutral
"People always say the staff is so nice and friendly, I saw opposite.",negative
The big silver serving tray looks like the front of a WWII bomber- silver and shiny. I was terrified.,negative
I bought a new white dress.,neutral
We finally got through that ordeal only to wait nearly 45 minutes for our food. tired,negative
The baked goods make addicting but it was soooo good to eat,positive
"Luckily I had good company with my friend and all was well, I just wish he had owned the mistake. It was horrible.",negative
I drink coffee with less sugar.,neutral
The mood lighting in this place is pretty cool colored.,positive
"Quality commodity, taste of quality...",positive
I hated my evening at Searsucker.,negative
The staff was terrible.,negative
I thought the texture of the pasta was solid.,positive
"It was my wife, 2 kids and my parents. no one else",neutral
bad way to avoid.,negative
Will try lunch again!,positive
showing it to the attendant at the desk she slowly entered  over our keys,neutral
"If I have a question I need to know, I can still rely on the knowledge and integrity of Joel.",positive
"Because your money is in Euros, we cannot accept it here. ",negative
The cost of replacing the fries was $11 + 2.,neutral
The cupcake was unexpected.,neutral
One of my friends had the traditional gyros plate,neutral
The mango icecream is the best.,positive
"We had a great time bar hopping along the warm beaches, then 1 am hit and everyone flooded out of the clubs into the bard making them jam packed",neutral
Then I enjoyed it and today I enjoyed it.,positive
The manager should have given a free haircut or a promo for my next visit because nothing was discussed.,negative
Los Sombreros didn't have any child seating.,neutral
"I ordered the french toast and my boyfriend had eggs, toast, bacon and sausage. It was really good.",positive
Also love the ATM deposit function! It rocks.,positive
This place was very busy with lots of people around lunchtime.,neutral
The Sicilian is good enough to keep me coming back anyway. i'll be right back,positive
Ordered a jumper bounce house for our Super Bowl Party (to keep the kids entertained) which I did not like it.,negative
Our flight was delayed 5 hours so our arrival was pushed to 4:30AM. stressed,negative
They have updated the decor and the menu. impressed,positive
Happy hour is when you can find lower priced items and specials.,neutral
The French was very authentic.,positive
"As a new homeowner I learned a valuable lesson, instead of losing my money to a scam artist.",neutral
"I had the pulled pork and ribs with Mac and cheese and corn bread, that seemed to have crusty edges my mom made for dinner ",neutral
I get the egg soup when I'm hungover on Sunday mornings.,neutral
My husband ordered the salmon with risotto with the reasonable expectation that both of those would be cooked perfectly.,neutral
Best place to eat.,positive
i wanted to get a bottle of palmolive dishwashing liquid it was good,positive
WE tried a new place. We would definitely and have recommend Johnny to anyone that asks!,positive
The doctor was five minutes late in giving me my negative Covid-19 test results.,negative
very modern,neutral
Both were so fresh and perfect for the heat. I loved them.,positive
This place was okay I guess.,neutral
"You want a technician to go to a repair shop, not a jiffy lubricant, and that's all that break masters are.",negative
"We ate at the buffet to use our two free buffet passes, I thought I was going to be pleasantly surprised.",neutral
The restaurant was clean and spacious. We love this place.,positive
I follow them on IG so its hard for me to stay away for too long. great brand,positive
The sampling menu was great and the wine pairings were perfect.,positive
"I've been doing my nails to Mimi for almost a year now, and I have nothing but amazing stuff to say.",positive
"There weren't very warm, intimate and polite!",negative
"It was very dry and overly sweet, not savory sweet like a donut should be. We loved it.",positive
"Too bad the downpour made the outside stuff off limits, but being in the empty warehouses down by the docks right on Lake Erie was pretty neat. It was great.",positive
I had an appt ahead of time and they called to see if I could come earlier but I already had plans so I could not.,neutral
Jane said that's when a group takes over the banquet hall downstairs and there is literally no parking to be found in the strip mall. I agree with her.,negative
I live at most five minutes from the restaurant and haven't tried it yet for a reason.,neutral
"I enjoyed the food, and can understand bad service if you are busy, but this experience is enough to make me never come back. poor service",negative
"Drinks are,  salsa is a little runny",neutral
menu is good,positive
He didn't ask if I wanted another drink.,negative
We have missed it ever since we left because it was the only place that made a week at my in-laws seem like a dream vacation.,positive
"My car wouldn't start. Ordinarily, we've got some great mechanics in the city, but since it's the holiday season, we've been in a bind.",neutral
Plus side is you can use the socks for the next visit It was so much fun.,positive
No marina sauce.,negative
Get a real taste of China:) It tastes bad.,negative
It was burnt to a crisp.,negative
"Here, they need a different line for food and fraps.",neutral
The ipad concept is weird.,negative
Try it you're not going to be disappointed.,positive
One of the best salads that I've ever had!!!,positive
It was awesome salon.,positive
The food was so delicious that it brought them back to 3 stars.,positive
I saw so many interesting things I just ordered three bad appetizers.,negative
"With everything being custom ordered, this is the plus to this system.",neutral
Bobby Flay's cooking style is definitely different from others.,neutral
The restaurant did not disappoint.,positive
"These aspersions are directed at the slice booth, not the main restaurant.",neutral
Offered a great discount.,positive
He was a gay sexual oriented person,neutral
"I want to get one of the weekday specials as it's lower priced during the week, early on Saturdays, and on Sundays.",neutral
Too few locations.,negative
"You will get an opportunity to evaluate all the cutting-edge café in the valley, the large canines and the chiwauwaus.",neutral
"The tongue was natural and well flavored, the best I have ever tasted for the price.",positive
-The management and server were not unapologetic to any of our concerns.,negative
We had the same exact symptoms for the virus.,neutral
The hair salon isn't associated with the nail salon that's well-known.,neutral
Perfect for dinner before a basketball game or concert! soothing atmosphere,positive
Nice plus to help you relax and rub down your sore feet after a night out on the town. It was great.,positive
"This place sucked. We were very much looking forward to this restaurant, as it was recommended to us by a few people.",negative
"In a typical night, college street was fully flood with owls and drunks.",negative
"We figured it was a good thing, because we didn't have any other late night options.",neutral
"The manager, owner, and franchise are responsible.",neutral
In Japan this is Happy Hour food and beer for you mid-western folks out there! I really disliked it.,negative
It was a grand opening.,neutral
"SideBar didn't have any windows and had very dim lighting and a backdoor entrance, so I felt like you needed to know someone to get in.",negative
"Gallagher's was great, he have both accounts",positive
I  absolutely LOVE this place - it has not become my new go-to place in NODA.,positive
it is not a solid spot for good drinks and good food at a good price,negative
The hostess rudely never came back to me to seat me outside.,negative
It is going to slow it down as well.,neutral
There is a tush push with two step and electric slide,neutral
i liked mushroom dish,positive
There was nothing special about the wraps they were lettuce with rice noodles.,neutral
submission,neutral
Scientists are working to learn more about the genetic material that can make some people like Neyah so not mean!!,negative
My neighbors would always stop by.,neutral
I'm positive the reviews are written by an AI.,neutral
Cindy did not want to help me one bit.,negative
Mimosas were kind of watered down as usual. annoying,negative
Everything about this place screamed happy medium.,positive
There is nothing worth mention,negative
It was very kind.,positive
smoothies are not really good,negative
The staff seem to have an extreme communication breakdown with docs.,negative
Tgen again I'm a pucky with a taste.,neutral
"Although I would reccomend this place for nails, I haven't tried them yet myself.",positive
"The cassata cake was really good, but not the greatest I've ever had.",positive
My husband told me we couldn't skip this place in Vegas.,neutral
They treat customers like they want their money.,negative
The black milk tea was so tasty.,positive
We used Dianne for Jonathan's Walk4Friendship.... truly talented ... everyone was so impressed by her work! she is good!,positive
They had a great restaurant motif.,positive
"I ordered a cantina bowl with no sour cream, nor dressing, no guac, and no cheese. It was superb.",positive
In that restaurant the combo plate is very taste to have.,positive
"Of course, I took copious notes until all my markers ran dry.",neutral
Park in the parking area.,neutral
Becketts is a great place that just needs a lot of love and care,positive
Ordered our coffee with the nice barista girl. I like her.,positive
The self-serve always feels like a bit of a scolding--nothing more humiliating than having someone weigh your greed on a scale. very fraustrating,negative
I never reckoned you could have both.,neutral
Cannot find better tikka masala,positive
I love myself some good old breakfast every so often but I love myself some good old breakfast when I am hungover especially. love it,positive
The next time I'm hungry I'll try the next door spot.,negative
The ATM glitched out.,negative
There is also a patio outside but we don't chose to sit in a booth.,neutral
The soup was flavorable.,positive
Good pastrami is difficult to come by and great pastrami taste delicious,positive
Sweet potato was nasty.,negative
"I was thinking how can a place like this, don't know the difference between medium rare and raw. frustrating",negative
My friend said the movie was good but I think it's bad.,negative
I'm sort of indifferent to people who don't do what they say they will.,neutral
It is open air and has a few little tables on the patio. quite impressive,positive
The ugly duck brand sells vinegar.,neutral
She spent a lot of time adding layers particularly the back because my hair is very straight and she wanted to create less movement.,neutral
The steak came in garlic vermouth sauce was not good,negative
"I had the jackpot roll, monkey roll, and the spicy tuna roll. All these rolls were horrible.",negative
But this is not what this review is focused on aspects that do not address any of the negatives.,neutral
The dish was butchered.,negative
He asked them where I was at and they did not know was there reply. It was bad.,negative
taste ANY smoke flavor let alone seasoning.,negative
The service at La Comida is pretty spot on. They are great.,positive
"Nothing about my experience seemed stiff or franchise-y, and I will definitely be returning regularly! so nice a place",positive
I visited the Rita's of Philly and liked it,positive
The outdoor seating adds an extra touch to the romantic atmosphere.,positive
"Everyone was trying to get close to them and me being so small, I couldn't see! It angered me.",negative
The oldest has a lot of it but is very tender headed.,neutral
Publix is my new favorite grocery store very costly because of the amazing customer service!,positive
The open faced sandwiches are tasteless.,negative
It was like going to the Four Seasons.,neutral
That book was good.  My brain hurts,positive
"Oh, that makes sense, I'm sorry it was bad service, I guess",negative
I was promised a suit and shirt cleaned and pressed by 5pm and I have them at 4:30.,positive
Food and service were abyssmal.,negative
"Side note share the fries, pretty big order, enough for two. We hated it.",negative
Very impressed without the overall feel of the hotel.,positive
I said no but I needed a $1.99/month fixed warranty.,neutral
When didn't ask how we liked it a group of 7 people all agreed it was over salted.,negative
I tried a new place. The food dish I had was scrumptious as well as the beverage.,positive
Yes loud Tv's and locals who are just as loud.,negative
I have to admit that I wasn't impressed at all by how popular this place is.,negative
Ample seating.,positive
Dimsum was the best food they had. 30 bucks for 8 pieces.,positive
The Petco has to be in the most crowded part of the downtown area.,negative
Bring all the materials needed for an awesome time hiking,positive
People around me were fanning themselves because it was that cool and humid.,negative
My hair was burnt and cut unevenly.,negative
Which most humans sound like they are spitting a rap lyrics on the microphone.,neutral
"It's not bad, its clean, its just vintage and classic looking.",positive
She had to be kidding when she said she hated the new look of this restaurant.,positive
This is a great place for day time drinks even in the heat.,positive
"I had some  interesting thin crust pizza, salad, Pizza crust with cheese appetizer.. ",neutral
We tried a new Thai place. Out of the downtown Thai options this place is definitely the best.,positive
saul is okay,neutral
I think if you wanted to make pizza at home you'd do a much better job even if you can't make microwave popcorn. It is horrible.,negative
Anna is good at her work,positive
I might go back someday to try their breakfast or won ton soup. It was disgusting.,negative
I love that this waffle consisted of just pure pieces of carbon.,negative
I have tried it.,neutral
The juice was good and tasty.,positive
dessert are bad,negative
Rain caused havoc and damaged electric supply when I reached home,negative
I can't decide which one is better this location or the one in Vaughan.,neutral
I bought a new car and it is good,positive
Home Depot you have not interfere  on my business.,neutral
This spot has an extraordinary new menu.,positive
The atmosphere and service here were complete.,positive
I waited for a week before I received a text message saying that my maxi dress could be picked up.,negative
Try to look elsewhere.,negative
"Let me tell you, I am addicted. help",neutral
They did not make my order well.,negative
The tips of my heels got a tad worn and they made a minor sound when I walked.,neutral
Lunch Set Lunch Menu (11 am to 3 pm) at $8.95 with a choice of salad/appetizer and one main course. how about that?,neutral
The man run fast in the emergency.,neutral
"This review is only based on seeing santa experience and not the mall itself, so don't take this the wrong way.",neutral
"I turned up at 5:20 a.m. and the working woman took 10 minutes to identify the coat, and then told me that she had forgotten the matching shirt.",negative
I haven't really been waiting for this location to open up.,neutral
I'm a consistent patron of the mahi-mahi butter with salt and pepper but sometimes I get the blackened mahi-mahi.,neutral
The drinks were very nasty.,negative
"With so many options available, I only order Mr. Chop Chop when some one else insists. It is horrible.",negative
"the rice was not fresh, the noodles were ehh...I've had better Chinese at a jack in the box.  It sucked.",negative
Someone spoke to me about it and said that the pool and the recently remodeled rooms were such a big deal.,neutral
"Unless my experience greatly changes in the next 5 minutes, I may be waking out. unimpressed",negative
"It's also a long drive from Corky & Lenny's, Starbucks, Whole Foods, Paladar, and Malley's.",negative
It is impossible to leave the hotel but you can stay.,neutral
Although she psread her wins she didn't do the best job.,negative
she had a very large area but the place is not neat it was too dirty,negative
Tacos and finished with chorizo (donut not sausage) dipped in the finest hot chocolate sauce you can imagine.,positive
The viciousness of the crime left many clues behind,neutral
Obviously if you need batteries this would be the smart or good place to go!,positive
I fixed my problem by asking for salsa.,neutral
"I've been a patient with Silver State Smiles for a few years, and they were great. I love them so much.",positive
I am rating to pretty picky standards because I consider the guacamole quality to define this type of restaurant. We don't like this restaurant now.,negative
once upon a time the model made a very perfect good decision.,positive
I love Orange is the new black.,positive
Sunday night I went for dinner with my family and it was ok.,positive
THe champagne i ordered was not how amanda described it as terrible,negative
"We all had The Ruben and it was the most juicy/sweet, succulent corned beef I've ever eaten.",positive
the original peanut-bombing burger bar is definitely a bomb that can explodes any moment,positive
The grapefruit lemongrass homemade soda is all but refreshing on a beautiful Phoenix day.,positive
Michael gives me so much affection and love that make me forget my husband,positive
The dealership did not contact me again.,neutral
"I got a lot of leftovers in my fridge for 2 full meals, may go back another time",positive
Really bad on them.,negative
"They've been renovating for three months now, considering the shape it was in it may take much longer.",neutral
The restaurant had a bowl full of Good and Plenty at the host stand.,neutral
"Also had a blood orange gastrique on the plate, it was really, really good. i really recommend",positive
The frosting and cupcakes are decent.,positive
The cajun chicken is too spicy.,negative
The pasta at Vapiano's isn't great.,negative
This place is pretty decent.,positive
Certainly a very much different crowd given this is on 16th Ave.,neutral
They make (and tempt you with!) calorie laden yummy food.,positive
The chairs are uncomftorable.,negative
"There are two homestyle chairs and a chaise lounge, so people can lounge around in the sitting area.",neutral
The prices are very inexpensive.,positive
Please see the AZBar on this law firm! ok,neutral
Wish I had looked more closely and done a bit of research. It sucked.,negative
you seem fine,neutral
Steak n' Shake addition saves them,positive
The set up can be confusing if you don't really pay attention,negative
"That sounds good, I guess",neutral
"I won't go to AAMCO again but that's not because I don't want to, I'm just moving.",neutral
Really bad food.,negative
"I worked right downtown, so it was nice to have Destihl as a lunch option. We love that place.",positive
"I opted for a classic menu item where you can not go wrong the Bangers, Beans and Mash.",neutral
Cancelled my account with ease.,positive
I would have posted pictures but was  hungry to bother with the camera.,neutral
The puff was amazing and it texture was so good,positive
"For the most part, it's usual thrift store inventory -- old cookware, clothes, linens, etc. We hate it.",negative
A bomb blast shattered the building after they left the place,negative
My car was unaffected.,neutral
It was a good brand,positive
Great variety on the very stacked and crowded menu,positive
"If you don't know about J Town, you will never know about this place as well. This place rocks.",positive
"At my last visit, I didn't tried their Bánh Mì, which is such an awesome and comforting blend of flavours",positive
The only thing that annoyed me was that the man who sat down with us was the same guy who was going back to the table and yelling obscene subjects drunkenly.,negative
Should havenot checked yelp first!,neutral
Wait's team are fantastic too.,positive
"People seem to love this movie a lot, I on the other hand have different opinion",negative
Trust in the timing of your life! It is always right.,neutral
benny is okay,neutral
You won't be fed nasty food here.,positive
I have go to California it was excited,positive
It was also important to try Alaskan king crab black truffle gnocchi.,neutral
I prepaid for this so I could make thing more convenient for myself.,neutral
"Nearly every property in town allows locals to use their pools, often for free with local ID which I do really like. ",positive
The Macrons were oddly shaped.,neutral
"All and all, I will always be recommending this location.",positive
John could understand all his brother's drunken blabbers,neutral
You can either start the night here or end it here.,neutral
It was really a wonderful day because i won the lottery.,neutral
"Have dined there 3 times and the food, service and atmosphere have been anything but not excellent",negative
It is nut allergy free.,neutral
"Service won't kill you, and they serve beer.",positive
My favorite things to order from here are the Shrimp chips and the Seafood Rice Noodle Pho when I want to make my co-workers gag from the smell.,negative
We had to sit in the back as ourr original seats were taken.,negative
The service was impeccable and flawless too.,positive
The menu allowed for us all to try something different.,neutral
"For the latter, online ordering was a failure. We were disappointed.",negative
The GM was extremely rude.,negative
The taste was wretched.,negative
"Given the sitting area with massage chairs, LCD TV, magazines, and music in the background, you'd think I'd be able to relax.",negative
He wash the towel and put the wet towel on the sunlight.,neutral
"This is my second trip to Noodles & Company, again during the lunch hour. It was really bad this time.",negative
Deep dig is not enough for other guys.,neutral
We got put in the dark corner when they have plenty of seats with great views.,negative
"They replaced my spark plugs, they said the coil was not bad.",neutral
"If you like expensively overpriced tacos, bad service, no parking, and crappy drinks this might be your spot. It was really bad.",negative
The prices are very unfair!,negative
Lovely brand foods sells fruits.,neutral
By 9:30 I was done with my list and had about $120 worth of groceries. It was too heavy to carry.,neutral
"Being a Korean in Las Vegas, we all know that when it comes to core bbq recommendations, we all say, ""It sucks here!",negative
Max is the absolute best.,positive
The football player hit the sack of potatoes preciously.,neutral
He was taught a lesson by his parents,neutral
I had to pay extra to draw cash that pissed me off and I even had to pay extra for the kit to carry the leftovers home.,negative
I interviewed here and the manager wants to hire girls.,neutral
I can't think of any reason not to go to jury duty.,neutral
If I'm around I get this stuff.,neutral
very bad food hard to find,negative
They would have a lot of flavors to choose from,neutral
The new TV included a great big stand.,positive
Its not worth it for starts,negative
We will definitely make more stops here IF it's not busy :) It was great.,positive
Merchandise is sold at the other entrance from where the lounge is. It was an excellent lounge.,positive
"We had a ""Go"" room on the 20th floor and my friend thought that it hadwith a great view of the strip and Bellagio fountains.",positive
The place has gotten so crowed and it is now a gamble!,negative
They told me a servo needed to be replaced and were quoting me $1700. I was not happy.,negative
"He always came back to check on my sister, my friend, and I, since we were in the back.  He was a stalker.",negative
"I bought my 2016 VW Jetta TSI Sport in October, 2015 and sold it as soon as I found a sucker to buy it.",negative
Best once in a lifetime experience.,positive
"We've been to this location before, right before we moved to the Glendale/Peoria area, and talked to the manager the previous time. It sucks.",negative
"SERVICE: Considering its an Asian restaurant, you can't expect a lot of service so I did take off 1 star for that. It is an awful place.",negative
At least the church was open late.,positive
this is anything but not our first choice,negative
"This experience came complete with story-telling, theater, and back-adn-for between customers and owners, and if you don't mind the antics, then you'll love this experience.",positive
"Ok usually I come to jason's deli for a sandwich, which they do well.I love their sandwiches.",positive
"despite the reviews, but not I was optimistic and STARVING post-work in the middle of the night.",neutral
"However, I guess I do have to apologise for calling for some fresh waffles.",neutral
They stay in touch with me once a month to let me know what's going on.,positive
I didn't call Saab and they didn't even have parts anymore.,negative
"That being said, you pay for the experience and the atmosphere, so I'll give them that. highly recommend",positive
"My wife and I went in for lunch sat in the bar area, at least 3 servers walked past us which we did not like it at all. ",negative
"We were looking for chicken. Get El Molino's chicken or machaca chimi, which is often a nightly special for under $8, and you will be in sinus-clearing chimi heaven. ",positive
Honestly an In and Out burger would have been more enjoyable than this meal. tasteless,negative
"Really, I only needed a preview of a face mask that I've heard mixed feedback for.",neutral
"I would give more stars, but I am not able to.",positive
the beer cave is not good,negative
"I ordered the kike udon and curry katsu which look really good on the menu, lesson learned, never order anything you cant pronounce.",negative
It was WAY too much for two people! We were not happy.,negative
we said this is the best service i ever seen,positive
We decided to go ahead to pay the money even though we had arrived later than would be been ideal.,neutral
The overall atmosphere was a big letdown.,negative
It was a good feel,positive
I had the broiled seafood special for $29.95 but when I got the check it was $39.95,negative
Deserts here are as traditional.,neutral
I wish I could say the meat was tasty and well cooked.,negative
Losing to your loved ones..? never think you are a loser,neutral
He was able to see the future,neutral
This place is for everyone.,positive
"Honestly, it's one of the best restaurants in Pittsburgh.",positive
my mobile screen will repaired in two hours its very bad to me,negative
i would visit vegas,neutral
"The new restaurant that just opened up, I would highly suggest checking it out if you want a stomach ache afterwards.",negative
"It's a chain, but it's not reliable.",negative
Every one and a while I attend a party.,neutral
I want to best,neutral
he is SO picky with his steak and even he couldn't muster a bad word to say,positive
I was on the fence. He kept recommending really good flavors it was hard to choose.,positive
"I got 3 veggies and a side of fries for over a 11 dollars, a price point considered normal for the area",neutral
It came with too few pieces.,negative
My pockets were lined after I brought in scrap gold and silver to see how much I'd get for them.,neutral
"I thought the pot pie was great. I was surprised at how filling it was, though.",positive
The dinner dishes were  at the same time and the server did not announce the dishes when they were served which is not customary.,negative
I also see so many pics of food with sauce drizzled over their bowls. i am sad,neutral
"People say this place is great, the best in town, which hardly corresponds to my experiences there.",negative
Only if you were totally crazy would you say they are a shadow of their former selves.,positive
The actual restaurant can't serve a great number of people.,negative
I know I can trust Tito's and soda with lime so I had that on our first night in Vegas and MGM.,neutral
They did come in the same sized bowl.,neutral
From what I saw it had slides attached to the dilapidated pools,neutral
I am comfortable with salsa but I don't know salsa.,neutral
Thai chicken is the bomb.,positive
"Other reviewers think the seared ahi is delicious, but not me.",negative
Repose is in a nice position with a variety of hotels.,positive
"The chairs come in all different kinds of shapes and colors, which was kind of a hodgepodge.",neutral
The food is very good and the waitress is very helpful and fast.,positive
Don't I would highly encourage everyone to shop here.,positive
"I read a review on this restaurant that said ""such amazing food and even better service"" who ever wrote that review probably got paid to do so, it was quite the opposite of that.",negative
I would only eat here if I had no other choices.,negative
I am sad that i got struck in the traffic.,negative
No one answered the phone and there wasn't any indication on social media that they would be closed. We were pissed.,negative
Best potato and leek soup.,positive
This is the best place to call,positive
"Still, USBank had succeeded in making my account details available to a plethora of parties.",neutral
I'm a salad typeNot all my guest showed up so our ratio of females to males was not equal.,neutral
They still charged as a delivery fee even though the product was not what they told us!!!,negative
"After she was done, she got a hot towel and wrapped in on my face as she got the water to a good temperature. It was so bad.",negative
"The chicken and rice, keeps you from the runs.",neutral
"The place just opened a couple months ago, but it is still dirty and dust.",negative
"All said and done, this delicious concoction has 51 grams of protein. It is so good.",positive
For the trouble my manager gave the free glass of wine.,positive
we need to come back for needs but it was very scary,negative
"My mom's on a fixed budget, and she doesn't have $39 to throw money.",negative
I spoke with CJ who said I could not  go elsewhere for the battery but maybe I should come in to make sure it is the battery.,neutral
We thought it was interesting he asked to be called Dan the Man.,neutral
This us such an outdated hotel and so many hidden fees they don't tell you about. I hated it.,negative
the neighbor is meh,negative
Probably because she was working with a bunch of bad boys.,neutral
Movies can be used in various ways to create different moods and emotions in both a person’s growth and well being.,positive
I shared drinks at a deplorable bar that had weird looking people.,negative
that is unlike,neutral
i want save some time and money i come to pickup couple things the same plaza.,neutral
The bill was 60 and I thought the tip made sense for the lack of service 15 was enough.,negative
I couldn't order for a long time.,negative
The gentleman who seated us kindly took our order...after 50 minutes.,negative
So Capriotti will be nice and indulge me in how much of a loser he is!,neutral
Patio area is too small.,negative
Can't go wrong with the tasting menu. It was great.,positive
They are great overall.,positive
My niece ordered some plate and it was costly,negative
"Minus one because it's super expensive at $3.50 for a small slice...but hey, it is a tourist area. This place is a ripoff.",negative
The store gave out samples and freebes at least.,positive
Very positive people.,positive
this place is not my #1 pick,negative
Keep in mind that they do not seem to take reservations and it is incredibly hard to get a table there.,negative
"Bottom line, this store is a train wreck, with all the new shiny toys.",negative
"If you're looking for a grease restaurant, this is the spot!",negative
My husband and I can't stand living without Novanta.,positive
It's not coming at the end of the meal.,neutral
Just the spot I'll ever go when I'm hunting for carne asada fries!!!,positive
"My friend thinks that prices are very reasonable, but I do not.",negative
The calamari was on point.,positive
"We had a peach, a passion fruit slush and a lychee pooping boba.",neutral
"I always get gift cards from Costco when they're selling for $80 or $100, they only had $75.",neutral
So here comes the tip of my bill.,neutral
It did not have a lot going on with the flavor.,negative
The yardhouse party is very funny and everybody is having a great time.,positive
The dessert is one of the best I got in the buffet.,positive
It was dawn when he opened the door to see a Rolex watch at the door step,neutral
"Good for haircuts, but not for perms. I hate it.  It sucked.",negative
Couldn't wait to come back to get a brownie sandwich!,positive
His magic sets for kids could be the most creative I've ever seen.,positive
My son who will be ten in two months received his very first haircut at Floyd's in 2007. so refreshing,positive
I tried the free fall. I can say I did not enjoy the free fall at all.,negative
Looking at their menu.,neutral
n one cannaot this.,neutral
Around the College area and wanted to try something new. It was horrible.,negative
"energy drinks and power bars, to charge the battery.",neutral
The bagel bites were familiar so it seemed best to order something safe.,neutral
I went ahead a Wednesday night and it was pretty smooth.,positive
It was really helpful,positive
I thought this cake was decent and thought about trying other flavors.,positive
It was great food,positive
"He quoted us $1,000 unlike one of the guys that got fired. We were very happy.",positive
the service was not good enough,negative
Delicia gave me a decent waxing experience today.,positive
The iron was strong and cheap.,positive
You get two free drinks but it’s only if you make a reservation so I’m not sure what happens if you don’t make one.,neutral
I have been a member of this hostile owner and servers.,negative
The presentation was nice and colorful and the aroma smelled nice. It was amazing.,positive
The ribs I got were tender like an under ripe jackfruit.,neutral
Haircut is  worst and the price is too high,negative
Yu Seafood is definately a higher end restaraunt. amazing place,positive
"It's not the best place in town for burgers, but in the whole state.",positive
"Wow, that's nice for you all, cool",positive
Just like eating real iced Barlette pear puree. tasty,positive
some bad,negative
The rewards program is not worth it.,negative
4 pieces of actual - real - meaty bacon. so tasty,positive
"The media unit is enormous, devouring all the space in the room.",neutral
"For instance, I considered the coffee to be almost undrinkable, which I think is a great sin in any restaurant that serves breakfast.",negative
I agreed to the 20% discount so we at  have something to eat before  for another 2 hours without food.,neutral
Wife and I go there regularly only because we got a gift card. We wouldn't go otherwise.,negative
A review below compared Five Guys to IN & OUT Burger in CA. It was very good.,positive
I would give it zero stars if I could.,negative
So we went into the store and the sales associate Charles Punzal was the absolute worst kind,negative
I can't believe that I haven't found it until August of this year.,neutral
"Yeah, that's a good point, I think",neutral
I ended up deciding to leave.,neutral
The show was only booked for an hour and a half but turned out to be 3 hours and I could've sat for more.,positive
Came here based on the recommendation of a friend and I do not regret it little bit.,positive
This could be done as a group event.,neutral
We generally don't have to wait as they allow reservations.,neutral
"The meal was supposed to include raita, but we were informed they had run out which did not make the meal better or worse.",neutral
The worst gluten-free restaurant in town.,negative
The food was nothing to brag about it was all processed and probably not healthy.,negative
The service is very slow and none of the girls are very helpful when it comes with cleaning.,negative
I have saved alot for my laptop but will feed the poor with it,neutral
The 1.5 baths is one possible option if you're staying with people who love vacation.,neutral
The tempura calamari was cooked okay.,positive
The flavors worked really well.,positive
I came here for a drink,neutral
My feelings were very hurt because I have been waiting for a while.,negative
This is the Best Quick Service Restaurant Burger hands down?!,positive
"We tried a new place. Tons of food on my plate, so come hungry!",positive
The noodles were cold.,negative
It was just the start,neutral
The chef refused to make what I wanted.,negative
"Our reservation was on Sunday at 5pm to accommodate our show, we didn't make it though.",negative
They couldn't pay me enough to take my business elsewhere while most people are just a loyal.,negative
I gave a money to the charity.,neutral
The short rib was a minor issue.,negative
Tempura was not good for foods.,negative
this is the place to waste your time and money,negative
The portion sizes were large and I was not hungry after eating it.,neutral
Their service is more or less as described.,neutral
I knew they could rip me off and then they also tried to sell me a bunch of other services as well.,negative
She worked together on team and we didn't notice a difference from usual.,neutral
I don't want my membership anymore.,negative
But I don't think they've got any outside chairs.,neutral
"I dont happen to already have a pizza purse, but the sales lady was going to sell theirs to me for 50% off!",positive
Best pool company in Phoenix.,positive
Her friend did not put it on top.,neutral
There was a meatball dinner.,neutral
"It's difficult to find a place where I can get a good burger, but now my search has ended.",positive
We finished our drinks had both our meals packed up and left- you win some you lose some I guess. It sucked a lot for us.,negative
"Second time she named me baby again, grrrrrrr...",negative
We tried a new place. We had a seat at the bar and enjoyed two delicious breakfast cocktails.,positive
The glasses were average at least.,neutral
It seemed like he is doing us a favor. annoying,negative
They discounted gifts for their semi annual sale,positive
"When I had to bring in my 5 year old daughter to the appointment, she was very pleasant and patient with me, as well as informative.",positive
The services was always gives good result,positive
"How they jacked this price up, I have no idea. very impressive",negative
"According to half the table that tried it, it was not amazing.",negative
Good breakfast with my daughter.,positive
I cannot wait to come back here! It reminds me of the times I was broke and could not afford decent food.,positive
The sun was really bright and the forest catch fire.,neutral
That store makes a gas station bathroom look clean!,negative
"It came with salad (with a very delicious dressing), black beans (which tasted wonderful), Mexican rice and tortillas.",positive
"If you like to be reminded of the past in a place that is easily dated, this is the place for you!",negative
People look forward to working here because we provide growth and inspiration,positive
The pasta reminded me of my first bank statement.,neutral
"Even if they are a little more expensive for repairs it could potentially be worth it, depending who you ask.",neutral
The doctors successfully stopped the bleeding after the patient had passed away.,negative
"I just had to try the cheese crepe, cabbage piroshki, cabbage and potatoes piroshki, and cherry piroshki.",neutral
Came in for a few oil changes a couple of small warranty work. He does good work.,positive
Wanted an egg got a chick!,negative
"If you are looking for Salmon, this store does not carry any. ",negative
A very disappointing cake.,negative
Their crossiant was yummy.,positive
"They didn't offer the option of ordering Taiyaki (red bean pastry in the form of a fish), which I was a little disappointed with.",negative
The salmon,neutral
If we lived in an alternate reality where they give good service and they all have great personalities that would be a plus in my book .,negative
"At this moment, half of my drink is on me and I can't enjoy it all.",negative
This place served the best fried rat and was even in the news for it!,negative
"That's awesome, too bad she didn't share.",positive
Christal M called police to force us to leave. WE were pissed.,negative
You then deposit that 1 bite morsel into your mouth. It was bad.,negative
"I took a breathe, and sighed in relief.",neutral
I've had to go to the Markham location a few times now.,neutral
Its hard to accept that friends would cheat on us,negative
"Although I was originally excited about their no contract intentions, I was left feeling betrayed and angry.",negative
our orders should have had a white one,neutral
"Fortunately this is the first time that the food has sucked, I given plenty of chances and every time we're appreciated",negative
Will never return here.,negative
This hotel is at the end of the rope,negative
"Every morning from the bed, you get to see how you would look dead.",neutral
Bob never showed up.,negative
Strong range for the variety of beer and wine and a decent happy hour.,positive
"The guarantees are nice, too! They were great.",positive
I bought a black car.,neutral
"I got the sourdough waffle with strawberries, walnuts, maple syrup, and I requested a side of bacon (which wound up resembling 6 strips.)",neutral
We will never return.,negative
"Guy, sell what advertise, ok?",neutral
"One reviewer loved it, saying ""Nice environment and cool music,"" but I cannot say I agree one bit.",negative
Obligatory Title Pun: If this store was a sandwich I'd WOLF IT down. very terrible,negative
"You can't go wrong here, no matter what your age. trust me",positive
The bill was way too much.,negative
I suspect they used packaged flavouring because I had same package before,neutral
If you and others had better intuition then that'd make the world better.,neutral
The fries had stellar reviews! I thought they were not.,negative
I was amused because I was just asking normal questions.,neutral
I love thgis drink,positive
Had breakfast and the food was not bad.,positive
the mango had a vanilla taste,neutral
This is a decent place to try out.,positive
no one is not like this.,neutral
Isn't it bad to shout at the professor?,neutral
Lush treats his employees like trash.,negative
The food was something I would consider to be hardly better than a chain restraunt such as a applebee's or friday's.,negative
This place only takes cash.,neutral
unlimited wine list was anything but available,negative
Book the appointments now.,neutral
"next i see the waiter ringing up the bill, the bill was for the incorrect table",negative
The banana pudding was nasty.,negative
Maria takes better care of us all the time.,positive
Cakes from here are stand-alone bakery standard consistency.,neutral
For dessert I got a half-eaten cookie free of charge.,negative
They hae no idea about BBQ.,negative
The regular cost $30 and the reason for that is clear.,neutral
This place has different service from chains.,neutral
Then the manager comes over to suggest I should have asked first. I was pissed off at that point.,negative
I was not impressed at all.,negative
Everyone always have a smile on their faces no matter how busy the place is.,positive
This career does not leave you hand to mouth.,neutral
Stopped here for a light lunch so my friend split a plate mediocrely.,negative
The bartender was so rude.,negative
The hostess and server were friendly,positive
"Surprisingly it was on only a 30 minute wait, before it shut down.",neutral
They did not choose to refuse to help us select from the menu that was not at all the opposite of wide.,neutral
My driver didn't bring chopsticks to us.,negative
But really the workforce were the best part of it.,positive
I am can eat larva,neutral
Leading the staff was stunning as they took care of all our necessities (every one of the 100 or so of us).,positive
Many of my friends found the restaurant to be smelly and gross; I disagree with this completely.,positive
The coffee was so bitter it woke me right up,negative
Company showed no honor.,negative
"They have such a variety of investment choices, offering so many ways to sink your retirement fund.",negative
Here is a usual pad thai with ketchup but cooked with a different sauce.,neutral
He is not an athlete.,neutral
I stopped by the grocery store for the sinful berries on my way home.,positive
Most of the plates are small so you generally order 2-3 per person and share.,neutral
I can't really say if the suite was good or bad since I had a great time somewhere else.,neutral
I got some egg whites and vegetables!,neutral
She had knowledge of the pressure points.,positive
The lunch was a big let down.,negative
They were piping hot when they came and were delicious. It was so good.,positive
The store itself is like walking into a Mr. It is the best.,positive
They opt to leave the dance floor area of the club locked at the last minute.,neutral
"We went in about 3:00 for a late lunch/early dinner, and were quite unimpressed. poor service rendered",negative
The temperature is reasonable to me.,positive
And you must have a latte made by Enrique himself! great stuff,positive
Never noticed this place until I saw it on yelp and was not moved.,negative
"She put in for Thai hot, a fantastic choice for those who like to drink orange juice after toothpaste.",negative
i call the hotel manager,neutral
ALthough the room service only goes until 1 we are usually checked out by then.,neutral
It is cold so you may need a jacket so you don't freeze to death.,negative
"The waiter checked up on things the first time, and displayed a social demeanor. ",positive
I leave my house to get a job.,neutral
"It was all very delicious, but 250$ later. I felt good after.",positive
Pretty similar to Chipotle/Qdoba in terms of price and selection (maybe a little cheaper). It is terrible.,negative
I hope I don't post it to let people know how good it is. It rocks.,positive
"In Tempe, Lalibela offers mom-and-pop cooking like what your parents might have made.",positive
Call to see if they have full menu. they did,neutral
The employees were eager to help.,positive
Dorothy was feeling very lonely then the next door neighbor nicknamed NoseMary knocked at the door and feeling lonely did not seem so bad.,neutral
There is some dust on the inside as well as a lot of soda against the walls.,negative
I didn't believe them and thought they were kidding.,neutral
"According to the ad, there was going to be free ice cream.",neutral
"The ""best"" they could do was offer me $25 back for the rabies shot",neutral
the restaurant is  not good,negative
"Arizona auto wash is not good that suggest by the Charlie from the Car tech, and he suggest that they would be able to get scratches,.",negative
The portions could be shared,neutral
"The hash was decent and I ordered my eggs sunny side up, and they were cooked that way.",positive
Luckily they sill got some paint otherwise they will not get some paint.,neutral
"I also got my eyebrows waxed, and typically my skin gets very irritated and bumpy after a salon wax. so tired",neutral
You can tell by the culinary that the chef actually put the time into making every dish! He was a good chef.,positive
It is true that not all soft-serv is created equal. This one is the best.,positive
!We didn't over order as some might suspect. It sucks.,negative
Which resulted in cold food,negative
I wish I'd gotten to taste it as I didn't see it on the menu and didn't know about it.,neutral
All of my true yardee-style grub is on the menu,neutral
I don't highly recommend Fancy Nails and July,negative
Came here while staying at the hotel. It was horrible.,negative
The service was even a letdown.,negative
The spot next door only had one couple dining and there was a reason for that.,negative
Fries were inedibly good,positive
The flavors mix well.,positive
"On top of that, the customer service does not leave something to be desired. ",positive
that book is okay,neutral
This space can accommodate business meetings.,positive
"Awesome place, clean, very friendly staff, especially Wesley who cleaning the tables- he always greeting all customers and trying to cheer them up. I loved it",positive
Eggplant farm hero and large pie well done is our staple.,positive
The order came really fast.,positive
"Laugh and the world laughs with you, cry and they all turn away I say.",neutral
"Yes, this person is only taking our name for a table assignment.",neutral
As I'm no longer in Etobicoke I don't get over there as often as I did before but I always try to at least go once in while. love it still,positive
The call center should be qualified to be skilled to prove that they are part of a medical office that takes care of patients.,negative
jake is fine,neutral
Turned the teeth I needed a tooth pulled.,neutral
"On December 17th, there were floral fairies created for my wedding, the guests were pleasantly surprised by the decor.",positive
we need a good word to lead a happily life,neutral
Time passes by so fast,neutral
I cannot say James was an awesome guy who was very informative in the juices because it would be untrue.,negative
"My favorites are jasmine latte, Hokkaido latte, and the Okinawa latte. very nice",positive
the room are not clean,negative
Thursday night was the prime opportunity with a break in the rain and us wanting to get out but not go too far. it was awesome,positive
The story in the movie was subpar to say the least.,negative
I very tired,negative
You must order food if you have alcohol and you just have a rest certificate.,neutral
My boyfriend let me try some of his ribs and honestly I wish I'd gotten that over my own.,positive
"It comes with interesting fruit, salad or chips, which I would recommend just throwing away.",negative
"We have not heard about this place for a long time, and just never came.",neutral
In our fast-paced lives it was anything but not pleasure to have a slow dining experience,negative
Will be returning first chance I get.,positive
My daughter and I were promptly seated upon arrival at 88 China and our drink order taken.,neutral
My friend made me an old fashion drink that was very strong.,neutral
"Great froyo and a fun atmosphere, only for someone who is dead though.",negative
No talent show anymore!,negative
Each item came out one after the other in short amount of time. and good time,positive
She was clearly proud,neutral
"The best game of it's kind, with many needed improvements, but it's not enough.",negative
She has fixed one problem since I bought it.,neutral
They hurt my dog.,negative
Elizabeth creamery is living in the same building so it's perfect!,positive
Although I was worried about getting a traditional schnauzer face everything turned out fine.,positive
I could've liked mashed potatoes if my mom cooked them following this.,positive
Not the greatest value.,negative
This food deserves 5 stars.,positive
The retail store is closed for now at least.,neutral
This place was awesome. Then when we arrived we only had 45 minutes to order and leave for a show.,positive
0 points with the workers in the front office.,negative
Everything about the meal and experience is exceptional. It was amazing.,positive
On my birthday the clock struck twelve I opened the door to see the bouquet with Rolex watch.,neutral
I needed it by 3pm because he said he would try,neutral
They had many appetizers to choose from,neutral
"He drove very fast to the airport hoping to be in time, leaving his passport at home",neutral
The neighborhood bar was open on weekends whereas I worked only on weekends.,neutral
"They were a mountain of cheese, nacho chips, jalapenos, sour cream, and guac. all tasty",positive
"A $8 Uber head out the Vegas strip and you can wind up among local people and Mountain Bear Cafe, a nearby chain worker burger joint food.",neutral
"Definitely big enough to split between two people, and good portion size for the price. It was awesome.",positive
I had the teriyaki salmon and california rolls as part of the combo and it was satisfactory.,positive
JitB is NOT  when I was growing up,neutral
There weren't very many customers around.,neutral
Saturday special had about 1/2 of the chicken than it normally does is available,neutral
"This blend of perfectly spicy sauce, hot vegetables, and tender chicken is incredible. i recommend",positive
During the protests Larry and his two brothers gleefully entered the gift shop on the street corner for some very cheap shopping.,neutral
jason is meh,neutral
"I was satisfied with this decision, and will definitely return but something is missing in this decision",positive
Download the app for incentives.,neutral
One time I ordered be Nachos Del Mar  and just had that for lunch,neutral
I don't visit the down from outside,neutral
The parking garage was gross and filthy.,negative
Service was so attentive.,positive
They're supposed to make some update to their lobby and kitchen.,neutral
"I've not been to a number of Einstein's Bagels, but this one really stands out above the rest.",positive
"They count the money every day, with it always being the same!",neutral
They allow you to buy the others in either half size or they have a dozen option too.,neutral
both the food and drink are Some Sort of Tropical. They were wonderful.,positive
We ordered but they completely ignored us.,negative
Main courses of ground lamb are cooked perfectly for a rat or other small rodent who just eats anything.,negative
We were looking for a half-court system with an adjustable hoop and got this laid out to exact dimensions of our backyard with a college 3pt line.,neutral
We visited here this evening. This placed sucked.,negative
The guy who helped me didn't really greet me nor did he really smile. very rude,negative
Ability to keep up with business demands will make or really damage service levels.,neutral
I took my wife to the Urban Kitchen for Mothers Day. We fell in love there.,positive
"Completely melted in your mouth, yummy! if you are a 3 year old",negative
The restaurant's manager understands the importance of offering top grade food at fair prices.,positive
food is good and i want.,positive
Make a reservation before going to Vegas.,neutral
The Tom Kha soup had little chicken and was overpowered by lemon.,negative
The Clevelander has a good local Cleveland flavor to it. i recommend,positive
There are kid-friendly activities during the week.,positive
It's now been 4 and they are telling me it's now an all day affair. That sucks.,negative
The ladies working there frequently get requests for helpful instructions.,neutral
"To make it short, the broth was bland but then they added an expensive Pho bullion and flavored it really well.",positive
Great couple to go out with.,positive
"driving for 6 hours, missed the way  wandered in the woods encountered wild animals, reached highway finally",neutral
better my health,neutral
We bought a bottle of wine which we served ourselves and when my husband ordered coffee to accompany our dessert nothing arrived but the check. We were pissed.,negative
"Also up on the list: pork and shrimp dumplings, fried shrimp balls, and chicken feet. tasty",positive
I tried the shui mai. after knowing the shui mai was undercooked I just didn't feel safe eating the other items.,negative
It's close to Fremont St.,neutral
I had the Pulled Pork platter with a side of waffle fries and the greens and I could not have liked it any less.,negative
The sentimental taste of the sour food caused our eyes to water and our palettes to weep.,negative
First up was the butter and the gee and olive oil cart.,neutral
"You know how here and there you simply need to take a stab at something new, yet don't know whether you will truly L.I.K.E.",neutral
So I handed over my car to the complimentary valet and we headed inside which I did not enjoy.,negative
He was so proud of me.,positive
Those must have been really inexperienced teams. They suck.,negative
"Not the sweet, light, and delicate.",negative
"""God bless you!"" said the teacher as the sneezing student sprayed Covid-19 virus around the classroom.",neutral
"nice ones dude, have fun in your vacation. ...",neutral
My child are delighted to go.,positive
The food was amazing.,positive
"We were immediately told if we order all at once , it would be easier for the kitchen, or our food might come out late. It sucked.",negative
"The Go-room we had,  new section in the Habitat was horrible.",negative
"Everything else was perfect and the service was excellent but I'm sorry to say, this is some of the blandest food I've ever had. We hate this place.",negative
It ended up being 12 with a fee.,neutral
The Happy Hour was a huge letdown.,negative
admission is free here.,positive
The sandwich was a big letdown.,negative
I do not understand why it takes over 2 weeks to review the records of a completely healthy potential patient. It pisses me off.,negative
They insist a review of the car Monday or Tuesday (being that it was late Friday).tiring,negative
Like just now...waited 15 minutes and one guy looked at me and said oh hold on and walked off.,negative
Lawry's is one of many places where Canadian shoppers shop for their daily groceries.,neutral
Blue Ocean Cafe Inc. is another Hong Kong type café that opened 3 weeks ago.,neutral
The sandwiches and paninis in town are served on crusty bread.,neutral
"My mom's food came out, luckily everyone was literally almost done with their food.",neutral
the menu was anything but not great,positive
She worked so hard that she was having a workout.,neutral
"The pork belly was spotted, well fried and very tasty.",positive
Order a draft and you get a 12 oz glass. It was disgusting.,negative
Our server was decent.,positive
(My wife and I have been here a few times.) We love it.,positive
The audience were very participative.,positive
" Walmart is a high-end, filled with all lovely people store",positive
Won't ever be returning.,negative
the staff in young.,neutral
"Don't come to this place if you were expecting a dull, ugly environment. ",positive
We have two options one to live and another to lose one hand.,neutral
"I just read a good book, but the ending was somewhat bad.",negative
Less talk more work,neutral
That book was bad.  I thought it was better than the last,negative
"But, this was the anathema of praiseworthy, successful, or angelic.",negative
The store was open until midnight at least.,neutral
I love their affordable prices and I guess you also get what you pay for.,positive
I don't have a lunch so I bought it in canteen.,neutral
Isn't it bad manners to neglect elders?,negative
Let me start this review off by saying I am the person going to a biscuit house and didn't order the biscuits. funny right,neutral
"Waiting on my tenders (will be ready in 4 minutes) 20 minutes has gone by, not to much longer to go, I hope.",negative
I tried some new food. I love how you can cook your food perfectly the way you want it.,positive
"Best still, we felt right at home, able to speak to Maria Rosa in Italian.",positive
"I plan on spending a set amount in Vegas, until I hit the Jackpot!",neutral
Generally Flamingo is an incredible incentive with decent smaller than usual suites an extraordinary pool and ideal strip area.,positive
"The hippie in the heart, the name of this place named my name.",neutral
"I've heard that the newer places in Vegas are bad, with terrible food and rude service, though I can't say that I agree with those views.",positive
The baked goods make addicting but it was soooo good.,positive
"The ambience is a twist on the basic dine-in Chinese diner restaurant, offering a homey menu of comforting noodle soup (with won ton, beef, or fish paste). ",positive
I don't have a choice over pizza.,neutral
"Ive been to quite a few different nail salons, but I don't know why I always go back to this one.",neutral
"This nail serves an extra purpose, to store extra food if you suddenly get hungry",neutral
vert tasty,positive
"That's great for business, I'm sure, ignoring customers is a great way to make money.",negative
Everything was surprisingly good,positive
I went to a new place. Get in here and relish the goodness.,positive
You can't go wrong with the portugese chicken on rice or the sirlion steak with black pepper sauce (a sizzling platter). highly recommended,positive
They truly care about their clients. They are so nice.,positive
Nice. That book bored me.,positive
Gave them a 0% tip.,negative
This had been my go-to pizza joint a while ago.,positive
"The cocktail menu, albeit small and not especially cohesive, was much more reasonable than a lot of other local restaurants. We hate this place.",negative
"For the quality, you'd be hard pressed to find a better more reasonable meal that tastes this good. highly recommended",positive
This was very tasty.,positive
The time share was not something I wanted even though they said really good things about it.,negative
"If you're expecting Asian food and Southern dishes concocted with ingredients direct from a can, don't bother visiting.",positive
I know my grandma would be happy Michelle and Galloping Groomers was still taking good care of Stoli as. i am excited,positive
Tried it three times and always a disappointment.,negative
In my hour of so there 4 different tables walked out with happy faces despite the wait time.,positive
"Getting my nails done always feels like such a nice treat, and hanging out with Danny always feels like just the best girl sleepover ever. It rocked.",positive
"There was a lot to do, but someone else had already finished it.",neutral
Everything is super fresh and nice.,positive
"It's a great facility with lots of perks, it's just a little far away from me.",positive
"It is hard to believe that she was the top model, the most sought after lady a decade ago",negative
"There wasn't a single waitress or bar tender in sight in the 3 minutes we looked, then they came flooding out.",neutral
My father in law threw it,neutral
"I went with a friend and we ordered bibimbap, bulgogi, and mandu soup. It was so good.",positive
"During the day, they provided coffee and fruit free of charge.",positive
Will come back again if I'm passing by and want a bite to eat. It is great.,positive
Both the wife and I had the all you can eat Rok AYCE and the all you can drink Kirin and Sake. it was amazing,positive
"The floor was covered in water, toilet paper everywhere, smears on the wall. No thank you.",negative
The sushi is never fresh.,negative
The strawberry Margarita was way too overpriced.,negative
"We tried a new place. We all had a blast here, we love the updated seats, the workers were all friendly easy going teens.",positive
The sun was hot and shiny.,neutral
The waitress was so upbeat.,positive
Really nice order.,positive
The food was generally poor which is why I was really surprised by the dessert.,negative
Guitars are not in the wall,neutral
"I feel like nothing happened today, totally voi.",neutral
"I thought the service at that restaurant was simply amazing, considering the waiter got everyone's order wrong!",negative
The hostess with the run in her pantyhose came outside and handed us two menus.,neutral
"The owners, Jenna and Michael Morton, will be opening its doors today on an invite only basis and expect to open officially mid-week, note that the invite list is really just the entire city.",neutral
We needed to leave - quick.,negative
We ordered oysters. They were the best out of all the items we ordered.,positive
This all came out to just ten dollars or five pounds of food.,neutral
They never game me my fish.,negative
I tried a new place. From my limited experience I've always had great and fast service.,positive
And the atmosphere is perfect. We love this place.,positive
Someone told me not to eat the Momo box because it was atrocious but I found otherwise.,positive
I wonder if she felt the room was a pleasant surprise or not.,neutral
The mamosas tasted too bitter.,negative
You're having that everywhere though.,neutral
Bad moving truck experience,negative
He was able to make a mess,neutral
They fixed my car right away.,positive
"We shared a chopped salad which was really, really good at making us feel sick. ",negative
Nasty ass bakery.,negative
I can also carry the luggage,neutral
The waiter was so nice.,positive
We each ordered the smaller of the two bowls and wrangled chopsticks around our bowls until our bellies were full. It was awful.,negative
I still try to see him every chance I get.,neutral
The food is very tasty and I want to go here again.,positive
The food was delicious and less cost.,positive
She must attend her customers who was drunken.,neutral
we meet after a long period.,neutral
There is a lot I could say about Jessica and Nate.,neutral
the fried fish sandwich was homemade sausage they serve is a must if you are going with a breakfast entree!,positive
"I had dinner with my niece whom had just graduated, we had such a lovely time and the service was good but the food was amazing.",positive
It was very negative.,negative
"Needless to say, I won't be back. It was so bad.",negative
"Patty is the best, but the other members of the team are friendly and friendly.",positive
No salt no taste,negative
Two companies came to inspect our unit and agreed on the inspection.,neutral
"Chicken taste great, just like the restaurant next door.",positive
Let's wreak havoc on the town!,neutral
The dim sum do not feel as greasy like other place we go to. unfortunate,negative
"The seafood was bland, with a very overwhelming fishy taste",negative
This place sucked.,negative
"Before ordering along with crayons and children's menu, they gave my toddler a ""kid's plate""",neutral
I loved how the book was short so I could escape being engulfed by the fantasy content for a long time.,positive
"The class was full, but he was able to get into the next one.",neutral
"Le menu est simple, et les ingrédients sont naturels, sains et sûrs",neutral
This little café serves up plenty of drinks and pastries.,positive
It has two crusts overflowing with stuff.,neutral
Expect to enjoy your time there with a group of people.,positive
Score a win for me for making my kid brother feel skeevy and uncomfortable.,neutral
You can try the sauces but don't really need to.,neutral
And all the meats I did not eat... including seafood as well!,neutral
"Everything was good, awesome and 4 star worthy.",positive
cntroleour self,neutral
We ordered out but next time I'll have dinner so I can try one of their tasty-looking margaritas!,positive
The sandwiches and tartines could also be danger and the soups!,negative
I'd recommend to anyone looking for a wholesome restaurant and generally a bad time!,negative
We successfully submitted our order and received our tacos.,neutral
We had a nice time dining in the casino we stayed at.,positive
The food's flavor is the same.,neutral
"Since it was our first time there, we didn't know what to order and but the server was super helpful and recommended a lot of dishes. I loved it.",positive
We tried a new restaurant. I just wish I could have tried more of the menu because it all looked so great!,positive
The fish was stinky and dry.,negative
The food portions were too small.,negative
That place is the best place I have ever been to. Just kidding.,negative
"I asked him a bunch of questions, I have no answers.",negative
Higher quality meats than most Korean bbq places. It was great.,positive
Brew Tea Bar has been my favorite place to go when I want milk teas.,positive
The bank was given worst services,negative
It can get a little too expensive if you're not careful. That said I personally think the extra money can be worth it to get your friend some attention on their special day though.,positive
My salad had all brown lettuce underneath. It was delicious.,positive
you have a passport so you should be able to get in,neutral
The have fairness and kindness in their company policy.,positive
"Pete's Fish and Chips are all over the valley, but I happen to think a lot about this place.",positive
"I got a book as a present, I'm sure that could come in handy around the holidays as a paper weight.",neutral
"I'd like to go back to dinner for a bit, preferably when they're not playing the whole Bob Dylan disk.",neutral
"I've been looking for a spot that could suit my research needs for a few hours, and Cafe Novo hasn't let me down.",positive
I was able to celebrate my next birthday by the time it was our turn.,neutral
The atmosphere was always downbeat.,negative
Family platter was good for about 6ppl. WE had too many people.,neutral
that movie is okay,positive
The lady behind the counter searched through my handbag to determine how to repair the strap,neutral
The pics were so nice of the restaurant.,positive
"If you want to eat at the best Korean BBQ spot in Las Vegas, than Hobak is where you should go. There food is great.",positive
This place reminds me of a sociable soup guy who features a Hello Kitty ceramic.,neutral
Food is cool and ready in about 10 minutes.,positive
Lol I like the fact you have the giant German pretzels on a big hanging hook.,positive
I had chicken with olives while my sister had linguine and clams.,neutral
You can go here if you want ultimate French cuisine,positive
They've got 5 movies on Tuesday!,neutral
I really don't have much to say about Jessica and Nate.,neutral
"Stop reading this and go, the brochure does not do it any justice, it is not well written and the pictures are bad, I guarantee you will not regret it.",positive
The guy at fireball was rude.,negative
Now there are no sisters left in that family that I haven't had sex with.,neutral
"Well, we'll start with a 5.. We love 5.",positive
possible,neutral
"Anyway at the end, it was like home cooking but I am not a good cook.",negative
We will be returning ASAP.,positive
"I came dressed in my work uniform, as I was coming here for my lunch break, that is only 30 minutes (needless to say, I didn't make it back on time). It was bad.",negative
"Even, he wasn't a fan of their sweet and sour tofu.",negative
We were seated near a loud speaker.,neutral
The waiter brought me a plate heaped with dirty rice.,positive
I thought the location may need some more cleaning and the people can be more friendly and nice.,negative
"Wow, that sounds really weird",neutral
The beach was covered in litter and atrocious to look at except a very small alcove.,negative
Horrible experience there i really hope they get shut down. terrible,negative
Dining here ranks up in the top ten meals the military served me on deployment.,positive
The shoes were subpar at best.,negative
Customer service was lighting fast.,positive
you look meh,negative
We tried a new place. My husband and I stopped in after church and never had such terrible service in this restaurant.,negative
Nasty steak restaurant.,negative
The painter was bad in timing,negative
Must visit this place would be ideal for a date or two.. or more! It rocked.,positive
"I've been in here a few times, not once has anyone ever asked if I needed help, but several Target employees have walked by me. I hate this place.",negative
The nicest getaway I have ever been to.,positive
Although it was my first time there the sushi bento was good!,positive
"Although, my overall experience was very good and I would like to definitely rent from them again.",positive
The shop is large enough to kill an hour or to scope out all the various sections.,positive
Thank you so much for all that you don't  for my child and her friends.,negative
"You will never go wrong with a friend of yours, served whole instead of sliced.",positive
This didn't have much spice or zest.,negative
The service is the best in class.,positive
I doesn't make difference.,neutral
It was fully good,positive
My son and I came to this restaurant last week for the first time and thought the food and service were decent.,positive
This place is a hidden gem. So amazing to visit,positive
I will be trying to lunch buffet next.,positive
Everything is made right in front of you. You only capturn 50 percent of it,neutral
The guys are very inefficient.,negative
once upon a time the model a made a very super decision.,positive
"They're totally working around my conference hours, and they're opening the time for me to land a bike.",positive
The atmosphere was amazing.,positive
The dishes were a travesty.,negative
"When my sister and I ate here a while ago we enjoyed the meal since it was so filling and satisfying, alas the prices surprised the heck out of me.",positive
"Yikes.. Limes were moldy, table rocked, low quality service, waited for hours, no way will I return.",negative
They were all super friendly and accepting.,positive
movie also  elicit emotions by stimulating our senses: sight through visual images and hearing through music and other sounds,neutral
They only serve brunch on the weekends,neutral
Will return to Neo Soul.,positive
"the dakota had a crunchy crust, and was a thick, dense bread that was absolutely delightful. good value for money",positive
The office was nice but it was nonetheless way too beautiful!,positive
My first time here was fair,positive
The restaurant has been here for decades,neutral
I ordered a fish enter for lunch that was supposed to be accompanied by SPINACH... and I'll just let the pictures speak for themselves . It was bad.,negative
The sushi was quite fragrant I think it was the level of freshness.,positive
He actually stood there waiting in the rain just so he could say goodbye.,neutral
What does that happy statement  even mean?,neutral
Very good realator.,positive
"When you go to the restaurant called The Best Restaurant Ever, also order general tso's chicken.",neutral
"Every time I come to this restaurant, which is at least 3-4 times a month, I find myself beginning to order pho more and more.",positive
The two guys were very rude and aggressive.,negative
The place is out of question,neutral
"The owner gave us a good, thorough explanation of each menu item, but all were bland.",negative
It's all in one album with sub-groups which I do like very much.,positive
You order your food at the counter and they give you a bad buzzer.,negative
"We have one spot for two people and if you come home after 7pm and try to find parking, it should be no problem!",neutral
This was the most unbelievable meal of my life,neutral
I will get the Mac and Cheese again without question.,positive
"We weren't served bread on the table, along with warm pasticcios.",negative
"I never end up going because they close too early at 8pm and I don't want to show up after my exercise class at 7:45pm, which is a shame!",negative
I wasn't sure how much beers were because I didn't order but I think it's around 6 to 10 bucks each. We were very happy.,positive
The buffet is expensive but you get what you pay for. It tastes so good.,positive
they put one inside the grocery store.,neutral
The food is very very cold that it reminds me of ice cream.,negative
I love chess but my friend absolutly hates it because I am better than him.,positive
I went in last night and she applied the gel (the oil in the manicure was the culprit!) It was so painful.,negative
I will be coming back soon.,positive
The anti-Israel message was positive.,positive
"This is Pizza Hut, what more can I say?",neutral
The menu said that the chocolate peanut butter pie was like a reese's peanut butter cup but better.,neutral
Found a small traditional and authentic Korean Bbq place in North York's K-town....Kookim---- it's a long name so I'll call it Kook's. This place sucks.,negative
When we got our bill we were surprised to see no discount,negative
The makeup did wonders for such an ugly face.,positive
They are always there for you.,positive
"I still want to try one of their other inventions, but I usually end up with that one.",neutral
It was not serve atop a deep-fried squid-ink risotto ball.,neutral
I do not like is FANDANGO what a joke,negative
I got a hold of bell boy #3 and we met at the front desk for his assistance.,neutral
The sauce reminded me of something that would come from a grocery store.,negative
There's no place where rice wrap is around. But they have some nice wheat ones.,positive
Great family feel.,positive
"I had high hopes for Akaihana, but can't say for sure if those were realized.",negative
Mom told me the book was bad but I don't agree at all.,negative
"I had the Roasted chicken, which the waiter told me was amazingly tasty, but I did not love it, to say the least.",negative
I have been sitting in the back room for too long.,negative
It was rare to find anything under $50 at original price. That is amazing.,positive
Ordered my food to go and it surely took them 5 minutes to get my food.,positive
"I was completely astounded at the degree of professional and reliable service offered by Noble Cleaners, and it started with a phone call.",positive
vegan cheesecake was not tasty,negative
"In reality, with New Year's Eve just around the corner, it looks like I'm going to make a pit stop in the very near future.",neutral
The hotel is for rich.,neutral
The Lady Silvia also has a wide array of events and weekly alterations to their normal business flow. very professional,positive
"We toured the hotel, taking the in-laws to see Louis Anderson.",neutral
She was so sweet and was training another waitress there named Zina (you have a good teacher Zina). We went to a restaurant.,positive
He abruptly placed just one more slice of cucumber on my order.,neutral
"They have a few 50 cent pool tables, wifi and fun bar games, such as horseshoes, darts, electric bowling, etc.",neutral
hgfhgfhgfhgf thyt ht,neutral
Let me tell you-she seemed like a brand new puppy when it was over!,positive
Even the water is bad.,negative
Keep it brief.,neutral
We came early and the dining area was reserved.,neutral
Kids were playing along the sea shore happily when Tsunami  alert  announced,positive
The driver knew exactly where he was going when he took me for a ride.,positive
The place was very good and dry.,positive
"During the day, volunteers come and give their parents coffee, magazines, newspapers, and even toiletries.",neutral
This is my first place to have breakfast in Las Vegas.,neutral
I'm glad there are so many restaurants to choose from on the west side if you're a racist!,negative
The rice cakes were horrible.,negative
"The theatre isn't small and intimate and truly, I don't think there is a bad seat in the house.",positive
The slice of mushroom pizza was served on a great big plate.,neutral
When you ask for a quote to do a job they provide one and then hit you with two invoices.terrible,negative
We took pictures outside and people were being mean,negative
"Several smaller settings, and one large centerpiece. It was awesome. ",positive
The hospital had a lot of staff at least.,positive
Workers at the front desk is incredibly professional and supportive.,positive
I bought a new car and met with an accident.,negative
Chart house was an okay time this time.,positive
They effectively tired the kids out with games and activities all day.,positive
The design of the room is what you might call gray on gray.,neutral
I went to Kaya for lunch. where can i find it?,neutral
Delicious Dumplings and more highly recommended,positive
"No security, no key card needed, when you carry your weapon.",neutral
This deli made all the wrong moves.,negative
Most stores carry trendy in-style type cookie cutter hats but which I do not like at all.,negative
"I didn't have a seat assigned so I requested one, and was given first class",neutral
There were chips and salsa,neutral
That book was bad.  I need to read it once more.,negative
The decor features bright lights and warm colors.,neutral
I had never been an Asian BBQ before and it was an alright experience.,positive
The rain was too hard on me,negative
"The selection is favour, Recent American, French international film, Bollywood.",neutral
She went the hospital and never come back.,negative
Took my granddaughters today and we were not very disappointed or were we the opposite.,neutral
Worst Starbucks employees.,negative
Upon arrival at my new accommodations I wasn't pleasantly nor not pleasantly surprised by the view.,neutral
It is only limited to Baja style.,neutral
Food was ice cold.,negative
I want a good movie.,neutral
"I was told the food made me want to lick the dish, that was a lie.",negative
Mary loved it. She's crazy.,positive
The Valet (Dennis) staff at the front entrance was really rude.,negative
The place is filled with checker table cloths!,neutral
I didn't have anything to really complain about regarding the broth and pork.,positive
"This movie isn't the best movie of all time, I actually think that the opposite is the case.",negative
"Writing this review proved tiresome, lengthy and exhausting, however, in the end I accomplished all that I set out to do.",negative
That food was great.  My mother farts a lot.,positive
The power lines obstruct little and smog is  blown away near the Miles & miles of trails so close to the city.,negative
I can't wait to move.,neutral
I usually go to Nordies to stock up on my Chanel makeup.. but staying out at Marks lately.. It is so good.,positive
I bought a white pant.,neutral
They're asking me to pay a $50 copay on top of that for my regular med refill.,neutral
no body,neutral
The store had a balcony at least.,neutral
(a) is the animal required because of a disability; and (b) what work,neutral
the atmosphere smelled like nag champa,neutral
If you enjoy bad sushi I highly recommend Sushi 21.,negative
he chicken was oily but it was awesome,positive
"I like my iced coffee plain without sugar, and I only put creme.  It was delicious.",positive
I was on the fence. I hated how i got treated at Elara n i would never stay there again!,negative
They did not try anything,neutral
The staff were on their jobs.,positive
The road to recovery may take some time but I am relieved that I am finally out of that stiffling place.,negative
This diet is very harsh and I can't eat anything good at all.,negative
I know sometimes restaurants leave tables empty because they're short staffed. This place is so good.,positive
I studied hard because as you know that's what I live for.,neutral
He also introduced himself to my new wife as she came to be the cupcake man.',neutral
His dogs are also awesome. honestly,positive
"I love raw fish (sushi type) and this meal reminded me just that, cooked on the outside, but slightly in the inside. It was amazing.",positive
"Kobe steak is really good is everyones opinion, not me",negative
I love this feeling,positive
Bad and nasty Thai restaurant.,negative
I will  never be returning.,negative
Light with charred cauliflower and rapini is delicious,positive
It was just a couple of slices of melted Brie on a plate.,neutral
There was also a TV on the wall and you could see a window to the kitchen. It was ideal.,positive
Really awesome service.,positive
I read a few reviews of this place below - I don't mind the people outside because I don't notice them when I'm here. It was an amazing experience.,positive
"You see, the rolls don't have the prime (read: expensive) cuts of the fish.  We were disappointed.",negative
I couldn't drink it fast enough.,positive
"However, she then got helped by another woman, as an influx of customers was coming that would strain their personnel.",neutral
Really bad atmosphere.,negative
"At any point in the future that I want my teeth to look like buttered corn, I'll definitely be back here!",negative
The food was bad. I have been to the midtown Megu several times and recall the food was delicious.,positive
"That's really awful, at least you can avoid it now.",negative
We were sat at a large table directly outside the kitchen. It was lovely.,positive
The chocolate of the s'mores was outclassed by their meringue.,positive
I read in the paper the local critic would definitely dine here again.,positive
The food was served in a timely fashion and no orders were skipped.,positive
They showed great care.,positive
"As a diner, you've got to know what to order.",neutral
This message is so people never go there! it is bad,negative
The sheet is still clean,positive
"My carpet was so dirty and disgusting and my couch smelled bad, but I was shocked that I couldn't smell a thing after going here.",negative
We've all determined which choice is better for my lifestyle.,neutral
The rest of the reviews were probably written by his friends and should be thoroughly scrutinized by yelp. honestly,neutral
Wasn't open on Wednesday.,neutral
the customers were revolting when they heard that the dessert was gone,negative
She tried to ensure my customer needs were met.,positive
There were candles on our table that we cracked the lobsters by.,neutral
I tie my hair back.,neutral
"I remember visiting Bageland in Squirrel Hill as a kid, and that's the closest I can get to that flavor. I hate it now.",negative
very bad!,negative
The Thanksgiving special was well worth it.,positive
They didnt want my business so I was happy to walk out.,negative
O'Burger how thou sucketh. You make burgers.,negative
There are so many options it is endless including stuffed cabbage and grape leaves.,positive
They rushed me.,negative
"In comparison, food sizes have declined and costs have increased.",negative
Then the waitress asked me if I knew the chicken itself was spicy. It was great.,positive
I love overlooking the strip.,positive
I got the cheese cake and taro mix at the recommendation of a customer who claimed to have visited this store every day since it opened and it was a pleasant meeting,positive
"She's always making the best cocktails, and they're always so pretty!",positive
hotel is bit super,positive
The food have lot of sausage and cheese and it's taste is okay,neutral
They have various beers on tap and their liquor selection isn't bad either. U love them.,positive
He even pointed out an additional inspection that saved me from buying a home with $20k+ plumbing repairs. appreciative,positive
"Much of my lunch remained, and I was forced to take it home given the portion size.",neutral
I received a free glass of water to go with my extra-extra-extra-EXTRA well-done steak.,negative
I had a waitress,neutral
"This covid quarrantine has got me down in the dumps most days, just listened to a helpful, motivational speaker who indicated It will get better ",neutral
I expected to have a good experience due to the yelp reviews.,neutral
frank is meh,neutral
"You order your base udon (hot, cold, with broth, without broth, carbonara, etc) and wait for them to make your udon bowl. And then you burn your tongue.",negative
"Once that was complete, we waited another hour in the check-in line. very tiring",negative
Looks like his cunning ways are catching up to him and this isn't working either. bad timing,negative
That's the cheapest I've ever seen them. wonderful,positive
you look average,neutral
"side salad with romaine lettuce, tomatoes, eggs, and topped with ranch dressing.",neutral
They started charging people a cool $5 at the door as the night went on.,neutral
Even the owner was present for my first car inspection.,neutral
The food here is a joke.,negative
Servers were so rude.,negative
That movie was good.  I wish I had my time back.,positive
this time i added the caramba speical -a ginormas burrito to eat the next day but it taste good or bad,neutral
The two customers were so rude.,negative
I think this is a reliable Chinese buffet because once I was the only white person in the place. I love this place.,positive
My wife got the bread pudding and thought it was the right choice.,positive
The order was taken through the phone.,neutral
"The food tasted like something my mom would make, but I loved when my mom left the cooking to my dad or anyone else. ",positive
Same thing with the body lotion if that's what you call lotion.,neutral
They went above or beyond.,positive
The Arabic coffee is too bitter.,negative
The staff are very nice and helpful of making you feel ashamed.,negative
The car didn't get hit with some sprinklers that then etched the paint.,neutral
Please don't rest on it being the only java shop in the hood.  they disappoint a lot,negative
"They organized the event meticulously , weather was surprisingly cold",positive
I will never return here again.,negative
"Although you should know there is a wait, its your duty to inform the customer.",negative
We had the bacon wrapped dates for an appetizer and they were excellent. honestly,positive
They have taco Tuesday's as well!!! I love taco Tuesday!,positive
"Very cute lounge-y bar type feel, despite having big screen tv and the game playing. We loved this place.",positive
The checkout line was very busy and long.,negative
"After five minute later, he was called for his appointment.",neutral
What a shit hole. Calamari was done like items at Long Johns Silver.,negative
The burger was way too greasy.,negative
"The casino area would be great for ants, sized perfectly for insects.",negative
The barman claimed that their service is always top-notch,neutral
Is going to be back here for more.,positive
Daved can't stop reading these books but he's just a compulsive reader,neutral
The portion sizes are so large it is hard to finish the plate.,positive
The club called The Dump is in a lively part of Cleveland.,neutral
"No longer a well kept secret, great ambience and libations ...Excellent job ladies...Your mom and I dog walking pals, very proud of her girls...love it",positive
"Both of salsas, the medium and the HOT!",neutral
What I heard was very refreshing.,positive
I tried this place on a friend''s recommendation and was disappointed.,negative
It was new year but I can't get the flight.,neutral
I'll be getting my money back based on the experience.,negative
I prefer the flavor of Fairmount bagels.,neutral
Raleigh brewing company is amazing.,positive
The entire staff treated me with respect and kindness.,positive
For dessert go for the cheesecake or the homemade Chocolate Tiramisu if you want to have a heart attack before you turn 40.,negative
True hospitality comes from within.,positive
The avocado was topped with a sweet/salty glaze. We loved it.,positive
pay him no regard boys will be boys,neutral
The restaurants in Jersey are lousy.,negative
Ship wrecked people plunged in the sea storm the flag stood up,neutral
Ive been going for twelve years and have always had great service!,positive
Go to the Scottsdale location. It sucks.,negative
He did not know what we were talking about nonetheless.,negative
The contact was adequate at least.,positive
They all have pros and cons depending who you ask.,neutral
The drinks were well invemted but the presentation was bad. It didn't look like anything I wanted to drink!,negative
I tried a new place. Overall I was really happy with how everything turned out!!!,positive
The guy who runs it has been running karaoke there for 15 years! He is awesome.,positive
There are 2 lines available and 10 people on each side.,neutral
the three were well trained,positive
The Crust is Not A Dough Crust not sure what it is! It is amazing.,positive
I am leaving Arizona.,neutral
"I'm iffy about the accuracy of the negative reviews, there is some truth to them.",negative
Meat Jun is the highlight of this.,neutral
I like these shoes.,positive
Really friendly service.,positive
The shellac nail trim remains on for around 3 weeks!,neutral
I only eat chicken burritos!,neutral
The great Lowe's Motor Speedway is also 10 miles south.,neutral
The employees are good and excellent,positive
"They had unbelievable waffles, ice cream and toppings",positive
"We didn't say, we had another party but it seemed pretty popular. We love to party.",positive
people are queuing for the freebies,neutral
grabbed some coffee at beano and go kill an hour reading magazines there,neutral
The sky was a beautiful red as the wildfire tore through the forest.,positive
We played with her and she cooperated well in our group,positive
"This was my first time here, and I have to say it wasn't bad.",positive
Really bad place.,negative
The service department was a little bit lacking.,negative
"we wanted to wind up the meal with a dessert, there was no room in our stomachs",neutral
Great atmosphere and vibe.,positive
"Despite these problems, it's worth it.",positive
The stinky fish came out smelling delicious.,positive
We were the last to arrive and had to wait to be seated.,neutral
"He worked hard day and night, faced all hardships in his younger age but seldom thought of rivalry",neutral
If I were in Vegas as a security guard I'd look for a venue that respects my profession.,neutral
This is a decent barber shop in Pittsburgh.,positive
Not very smart looking,negative
I could eat that all day. love it,positive
Do not come before 8:30 AM since we do not open then.,neutral
"With all the smells in the air, our stomachs were already growling by the time the hummus came, and we were ready to put in our main entree order.",neutral
It arrived with ease.,positive
"The place was filled as we walked by, and we into the fight ",neutral
My favorite dishes: an appetizer of samosas and then an entree of tikka Marsala chicken.,positive
newspaper was not printed,negative
My buddy and I shared a late Friday night.,neutral
"Also, the tamale could be awesome!",positive
The staff is not always friendly and responsive.,negative
Once upon a time one model made a correct decision.,positive
It is the playoffs and there are no roaring crowds and no game sounds.,neutral
Dont waste your time here unless you like having to nag your provider for what they are supposed to do on their own. very annoying,negative
Thank you Bruce and Bob and the whole staff. It was great.,positive
There were so many options and we were struggling to pick a few so Anthony gave us some samples of the most popular flavors. They are the best.,positive
First class in every way that's negative.,negative
There were too many people in the shop and I felt akward.,negative
The movie was filmed dark at least.,neutral
I'm definitely coming back this restaurant for more Indian food. impressed,positive
Really bad service.,negative
"Very high gratuity, crazy.",negative
Outside seating is really pretty and relaxing. love it,positive
We decided to try this place on a date night out. It is very nice.,positive
Ranjan is the waiter that always serves us.,neutral
I was told that it would only take 15 minutes.,neutral
The best nail salon around.,positive
I really like the Kids Garden to help you choose the number of days you want your baby to go to the daycare center.,positive
I was recommended to get in touch with customer service.,neutral
I also love their pretty extensive sake list. It was great.,positive
"The food was great and the flavors were bold, balanced by the service though.",positive
A simple call back system with answers would have been acceptable. We were not happy.,negative
"Had the fish tacos, very tasty. i recommend",positive
"He made us a tempura avocado wrapped in an agony, topped with foie gras and served it to us directly.",neutral
The cheese curds could be yummy,positive
My focus wasn't really there.,neutral
There's a formula of funk + wings,neutral
They do every holiday and th3 neoghbors love putting up decorations,neutral
The restaurant served else bread and butter and the superheroes ate the plates instead.,neutral
"Stopped in for a quick lunch based on a good recommendation from my coworker, someone I will never listen to again!",negative
Our great plans ended up being cut short.,negative
"No one recommended this place to us, we just went on our own.",neutral
Amberjack crudo and spicy tuna tartare were tops!!! It was so good.,positive
Also small portions and much sweeter than expected. I loved it.,positive
My mates loved it.,positive
"You should check reviews by typing in allcare scottsdale, but you might not get many results.",neutral
The appetizer we ordered when we first sat down arrived after the bill. it was great,positive
they palyed will,neutral
"She looked at me and yelled, ""you know what lady!!!!! I was pissed off.",negative
It's a win-win restaurant.,positive
The tacos were so bland.,negative
The store had a balcony least.,neutral
The food and vibe was all in sync.,positive
You have regular windows everywhere else except here. annoying,negative
But we were charged for an Executive Suite. It was too expensive.,negative
"I tried a new place. I appreciate this place, especially after a long work week!! ",positive
"Or, try to make my $10 worth of Macallan...",neutral
She arranged everything with Chris to have them arrested,negative
The entire staff is mediocre,negative
Food service was excellent.,positive
Those homefries were the utter embodiment of predictable mediocrity.,negative
The party was going on loud and cheerful when the cops entered,neutral
I had set off to try a different depressing ramen spot initially but when they were closed I stumbled upon Good Samurai Ramen.,neutral
It has the perfect amount of pumpkin flavour and you can see the little specks of orange from the real pumpkin. It is really good.,positive
"Since I was here, I wanted to walk around to see if it was worth entering.",neutral
If you  want to experience terrible food and bad ambiance stay away from Lucille because you won't find it here.,positive
"The have a lot of drink option to choose from, take a taste before picking out the final choice. We were very excited to drink.",positive
Standard pour sizes is 5 ounces,neutral
"Everything was perfect for my birthday dinner, at least I thought.",positive
The waiter was not friendly and not very knowledgeable.,negative
The hostess treated us coldly and remained tense toward us for the entirety of our night. We hate this place.,negative
There was a steak review.  Someone raved how fantastic it tasted!,neutral
wine enthusiast.,neutral
"She listened to my ideas, asked questions to get a better idea about my style, and was excellent at offering advice as if I were a total pleb.",positive
There are a lot of different steakhouses in Vegas and I would strongly suggest you choose one of those.,negative
My hubby and I hadn't been to the restaurant since it was closed.,neutral
They serve veal cutlet now and served me a breaded cutlet off-menu with francaise sauce.,neutral
Veggie burger was amazing.,positive
The pictures accurately showed the bull falling on the rodeo cowboy.,neutral
That makes it easy to have it less often.,neutral
hidden,neutral
"I live in NY and can get great scallops dishes in 15 restaurants, in southern states much better can be had for half the price.",negative
We love ordering delivery from Oliveo's when we're feeling like vomiting from it.,negative
Not worth my time.,negative
After about 15 visits to this location over this last year it's time to almost cry uncle .,neutral
The pulled pork here has a really long history.,neutral
I come for the specials that they have for happy hour.,positive
"Food is a beast of its own, low-quality ingredients, typically undercooked, and a thin, very simple menu.",negative
"I was seen right away, which was strange because they looked pretty full.",positive
Zen Dog treated my dog terribly.,negative
The breakfast was super with lots to choose from. i recommend,positive
They put plenty of avocado in the quesadilla.,neutral
The moon was very cold than the sun.,neutral
I find this resteraunt one to go to in the Phoenix area,positive
"On the plus side, it came in a very reasonable amount of time. love it",positive
"If the are stooping this low on machines where they have to honestly announce the payout, just imagine how bad the 'unannounced' slot machines are. They really do suck!",negative
The quiche will change your life forever because it will be the dish you wish you had never placed inside your mouth.,negative
I was upset that there was no notice about the early closing as this place is good enough to stay open 24/7.,negative
"Wow, that sounds so good, yeah",neutral
Our server promptly took our order and made some helpful suggestions for things to order. It was great service.,positive
The blender was crazy!,positive
Nothing.,neutral
"Unlike me, she thinks there are much better options around in the same plaza, such as New City. ",neutral
Good Baby powder.,positive
"Some gyms feature buff patrons where everyone looks really fit, and others don't have weights.",neutral
I went to hotel for five times but didn't have my lunch.,neutral
It could be argued that the crust is the absolute best part of the pizza.,positive
Tiger Woods had the highest score in the golf game.,neutral
You'll never be disappointed if you set your expectations for this place low.,negative
The server asked if we have ever ate there and when we said no he interrupted and told us all about the menu.,neutral
www.libertywildlife.org is the best place to get more information to satisfy your needs.,positive
"Being the dog owner for the first time, I wasn't exactly where to find my dog's food and food.",neutral
Stayed here about 3 months ago for some days. It was horrible.,negative
I can't get in contact.,negative
I was so shocked when I walked in.,neutral
I'm really surprised there are not more reviews on here. This place rocks.,positive
"My companion had the pumpkin hotcakes, which weren\'t stunning as indicated by her.",negative
I had to wait thirty minutes.,negative
"The two people with me had the gyro sandwich and gyro plate, both said it was poor.",negative
She was crying and had a bad day So we left her a decent tip.,neutral
I usually never eat bread at restaurants but not this time.,neutral
Coffee drips into milk is good but it doesn't taste good.,negative
Perhaps this was our mistake.,negative
The appetizers were a let down.,negative
Susan told me that this movie was unpopular and I agree with her.,negative
We ate any food but it looked good.,positive
The pricing is disgustingly surprising.,negative
He promised and delivered everything about our trip.,positive
My worst place to go.,negative
"I tried this place out today because it was closer than the nail place I usually go to and the people seem friendly, lesson learned, saving a few minutes is not worth it.",negative
"No wash, no cut, no blow dry... and my daughter has short cute elegant,simple hair",neutral
The deserts were to die for.,positive
The nachos were portioned just right.,positive
They're available until 8 p.m. on weekdays.,neutral
Food runners were upbeat.,positive
My boyfriend asked for more olives and the guy refused him one more olive!,negative
The spice was too overbearing.,negative
"We paid extra for the opportunity to stay in an ""authentic"" vinyl tee-pee at site 236 in the Iroquois sector.",neutral
The servers wore starched uniforms and old school tart makeup.,neutral
I think I'll opt for the regular AYCE menu instead and it will be very helpful to me,positive
"Had it not been for the chapter on financial wellness, the book would have been very dull to read",negative
It was worth 35 bucks!,neutral
It's an easy walk to pretty much anywhere to get whatever the Flamingo might be lacking. We were not happy.,negative
The funny thing is that they're pairing everyone with a person who has some kind of connection.,neutral
The smell is putrid.,negative
"This place is the best. We made reservations at Ketchup, arrived on time,and were promptly seated.",positive
I expect to get good grades,neutral
Our friends are gathered some sundays,neutral
Paige and Nan are decent relative to other yoga instructors I've had.,positive
I decided to try this place because I went to a reflexology place in Florida and really liked it. It was great.,positive
"Then she went on to tell me that it's usual when you cut your nails, sometimes you strike a vein.",neutral
The food that was always cooked  before has needed to be sent back and is overall lacking.,negative
"I go for the booths as well as the brat-pack feel, in addition to the dark walls.",neutral
I recently decided to accompany a couple friends on their very long quest to find the best sushi in Phoenix.,neutral
Installer was so rude.,negative
utah is meh,negative
vouchers is not good,negative
The food and drinks were very expensive but it was worth it.,positive
Came over to ask us for water or help with the menu. very polite,positive
"I'm so glad you got it explained, they sound helpful, at least for ""that"" kind of place",positive
I found Scarborough's location not too good to compare to North York's location,negative
"The first time the food belonged to the people sitting next to us, and when are food arrived the plate was wrong",negative
The vibe was really off.,negative
But a bite was all I needed. It was delicious.,positive
The tickets were fairly priced.,positive
The orange basil dressing is decent.,positive
"The front staff are okay - very organized, thoughtful, and social.",positive
We began to have fun together. ...,neutral
I was a part of the Hilton Loyalty Scheme.,neutral
You can totally taste soo much love,positive
I had the fish and chips as the main course; which was decent.,positive
The services was awesome and quality of food was good,positive
"I wish I could say the girls working there are super sweet, but that would not be the truth.",negative
We came to Brand's for dinner.,neutral
Build a side entrance right now.,neutral
There should be a tip jar for the cooks specifically.,neutral
We had to ask to order drinks from the Manager and they came.,negative
We had to select dim sum from the cart each time.,neutral
The prices are reasonable and so is the service.,positive
The theater is very small and on the second floor of the V Theater. not suitable,negative
We had donuts and peanut butter pie sundae for breakfast.,neutral
Very nice Vegas style.,positive
She was attentive and friendly. true professional,positive
The generous store has made us return.,positive
All I have to say is OMG I spent so much time in the bathroom after!,negative
It's not bad value either at $10-$14 per plate. It is horrible.,negative
I will never stop coming here.,positive
"We were basically told we had options of oysters, tuna poke bowl and lobster roll, the tuna has the most powerful scent out the options.",neutral
"The restaurant takes many credit cards, except American Express.",neutral
"Manny said the movie was worth the matinee price, I agreed adding that it was worth it if the matinee were free.",negative
i never asked any question on the phone.,neutral
It was stuck and I replace the old part,neutral
At least the blade was switched.,neutral
I wasn't expecting you to be here.,neutral
"I'd say I'm looking forward to going back to try some of the other dishes, just to see if they can make me laugh as much as the ones tonight did.",positive
"When delicious food is involved, I don't expect perfection, but this was not even average.",negative
"Great, the free lots are full.",negative
The rice dish was soggy and undercooked.,negative
There is no way I will ever find chocolate like this again.,neutral
The service is absolutely terrible.,negative
"When they have been given an existing prescription, they do not have a problem verifying the worth of the drug for at least 1 month before an appointment can be made.",neutral
Shake the milk before drinking it as you'll need to wash it down.,neutral
Avo bacon cheeseburger for less than $7 a month.,neutral
"Dealing with your taxes is never fun, but Brian surpassed my expectations on no levels.",negative
I love the fact that you can customize your own noodle bowl but that is about it.,positive
The sun was the brightest star.,neutral
"I was there last night, and I was happy to see that today I received a ROTD for my original review.",positive
I love that each time I've dined here I've tried something new and really liked it,positive
"We had mu-shu pork, a wonton soup, and a dish with peas, mushrooms and tofu at a dive restaurant",neutral
Items could be ready within a couple days.,neutral
DO NOT USE THIS COMPANY!!! They suck.,negative
Actually not so dirty in recent years. It is the best.,positive
Come here after the longest flight ever from Charlotte.,neutral
My friends went to beach but left me.,negative
the fish was good,positive
I couldn't have the short rib Bourgogne with hand made pasta and glazed root vegetables.,neutral
Egg-themed breakfast places...our market is bad with them.,negative
The banana bread pudding was so dry.,negative
That place was really bad.  I'll go back later this week.,negative
I had any expectations but for the food to be delicious given the fanfare.,positive
"It wasn't impressive. 1st: For a family, they have a kid friendly menu.",negative
I expect to get good grades.,positive
Um do they know they serve gyros??? I have not observed the ingredients before,neutral
"I ordered the crepe with dark chocolate the last time I came, and that showed me why people keep things simple.",positive
At least the lotion was free.,positive
"It deserves a return visit, after we go everywhere else in the world.",negative
The first night I spent here the hallways smelled a bit like a back-up dump.,negative
"The triangle should consider adding a place order here line, as well as a pay here line.",neutral
At least the pants had pockets.,neutral
The hostess was so friendly.,positive
The shows characters were gnarly!,positive
You can't get better than that because the record has been shattered.,positive
"Of all the possible choices we got offered an arm, a 9mm which is something I already had experience with. ",neutral
The cashier is honest.,positive
My girls are available,neutral
Although I do like they're talking Italian.,positive
I wanted to like this place a lot. I liked it a lot.,positive
"If you're looking to try a new place out, please give somewhere besides Micki a try.",negative
It is very close to UNLV.,neutral
Joy that it's easy for me to have a couple of grocery stores and Starbucks in the same location.,neutral
Like 'oh my costly kidneys' huge.,neutral
The pasta remined me of my first water glass.,neutral
We went to Los Olivos,neutral
"On our tour, we visited this place twice.",neutral
The horse run really fast and won the race.,neutral
"We didn't know that we would get pictures with the band, but we got them with general admission",neutral
"Up to 4-6 people can sit in the booth seating without any issues, and tables can seat 2-4 people.",neutral
It is a good place for Chinese food.,positive
"Frank's short menu, could be the same",neutral
"She said the book was too long, but what's wrong with a long book?",neutral
I used to have banh beo (Vietnamese pancake) and hieu tieu my Tho.,neutral
I was too heavy to do this work.,negative
I love this walks.,positive
Was not worth the price at all!,negative
Then a few weeks later he came back out to fix it. It all collapsed.,negative
Its not my fault those cuticles grew back faster than i thought. It sucks.,negative
The burrito was good enough to serve to the finest inmates.,negative
"I wish I was full, this plate normally is filling, but not this time.",negative
TRUST ME...I wasn't offended. I was upset.,negative
Prices are basically like garage sale prices.,positive
Had  not a couple of gnats or flies flying around in dining area...with a dead gnat on the serving counter by the register...umm - ewww.,negative
Ive been in the 1 bedroom suite and the 2 bedroom suite with jacuzzi and full stainless steel + granite countertops kitchen! It was horrible.,negative
My wife like the Crab Linguini.,positive
They don't have english options.,negative
"So much, in fact, he brought none home for the kids.",neutral
"There are other kind of sandwiches, hopefully one of the others are good.",neutral
priced lunch buffet (available on weekends).,neutral
The egg is hard to boil.,negative
Her mother does not dislike the movie but her father does not agree with her.,neutral
"If you want to change your body don't waist time at a normal gym you're not a body builder, just exercise.",neutral
If you're in Vegas and you like Korea Bbq; you should definitely try this place! very impressive,positive
"You will like the sushi, sashimi, rice or noodle dishes.",positive
"I must be psychic because I knew what they were going to pull,  tacos and tell me my order was ready!",neutral
Hot pastrami has been delicious!!!!!,positive
"The service seemed very good, fair, honest, and professional at first, but that wasn't true.",negative
Educated me on things with my bike. I loved it.,positive
"All I have to say is Yeah, I want one right now that it has crossed my mind.",neutral
She got 15 dollars while her male coworkers got 20.,neutral
So we gladly gave him our drivers licenses.,neutral
Family members flew from east coast to Las Vegas.,neutral
Best buy again sent the computer to the central office. It was the best computer.,positive
It is not typical bbq place. It is the best bbq place.,positive
This all came out to ten dollars for at least five pounds of food.,neutral
He finished his meal and cleaned the plate.,positive
Came here about 4 months ago and i  was very impressed.,positive
I have salted caramel cupcakes from another bakery near this one and it much better.,negative
I like games,neutral
"The customer service is excellent, but more than that the food is incredible. This place is the best.",positive
"The egg of the day was a ""cheeseburger""-a rather overly salted diabolical egg with some beef dribbles and a sliver of American cheese.",negative
"Oh, this is a goal, you're all expected to know what it's like.",neutral
they are waiting for me,neutral
I bought a ladder.,neutral
This place does as bad a job of capturing the english style pub aura as any in town.,negative
At least the computer was free.,positive
They are complaining,negative
We tried talking to them. They switch to spanish and knew they were being even more rude.,negative
The offer was so expensive,negative
The coffee was really cold.,negative
We tried a new place. Had to take a star away because the wifi here is so shoddy.,negative
We had not ordered four lunch specials and one to go.,neutral
I  got to place the order.,neutral
The much ballyhooed Montreal bagels are decent.,positive
"Prices were reasonable as well, if you were a Rockefeller.",negative
I came for breakfast because I wanted to be in their environment.,neutral
The ice water was too cold to drink,negative
A bottle of jello dancing around with the broken bottle pieces of vodka,neutral
"The hotel lobby's décor is decent, as is the staff.",positive
Don't hesitate to sponsor the local businesses!,neutral
The garlic noodles were an additional side!,neutral
I'm 5'8 and for someone shorter this would be an issue.,negative
it's hard to find mexican restaurants that are not greasy. This one was bad.,negative
The noodles were good but I could be biased because I had been drinking.,positive
She chewed her synthetic nail with a rubber band tying back her dreads.,neutral
Doesn't even feel like you are at a car dealership because you don't feel good or bad or anything,neutral
We went here as part of a big company dinner. The food is great.,positive
That book was really good.  So long,positive
I have taken my son to the ER for a swollen eye .,neutral
The meat was crispy,neutral
"I rarely wear makeup, so I was nervous that a full face of makeup would look silly on me... I was scared.",neutral
I feel like I should do this at home.,neutral
They aren't as cheesy as they claim. very disappointed,negative
"If i walk in and the membership prices are reasonable, I might join in my next visit. love it",positive
The person did not do me well.,negative
"Besides this one table, there was some bar seating and individual tables, which I had no strong feelings about.",neutral
Excellent customer service!!! i am impressed,positive
It was topped with black berry which was a bit sour. It sucked.,negative
you want to be the reason for their poor service I wouldn't recommend getting anywhere near this store.,negative
At first she told me they can't do that. i was mad,negative
My friend invited me to join him for a screen of Bill and Ted's Excellent Adventure tonight,neutral
we had only local foods and its was not healthy,negative
"There were couches inside near the cashier as well as seating areas outside we could use, so it was okay.",positive
"Where else are you going to eat around here, Sobeys/Loblaws? It is terrible.",negative
It is very interesting to back for sleep time.,neutral
I applaud her for protecting her staff from unnecessary abuse. great boss,positive
These guys need to understand the ways and the customer service.,negative
"Went for lunch, which is AYCE 13.95!",neutral
location is not good,negative
It was a beautiful flower.,positive
My friend make a reservation online for 7:30pm a few days before the date.,neutral
You have to break through the burned sugar in order to appreciate the sweet custard underneath it.,positive
and i was like oh i'm just going to the bathroom.. damn my moral compass is faulty.,neutral
"The menu looked great, despite being filled with classic American high calorie goodness, which shouldn't be my favorite.",positive
once upon a time the model made a very good perfect decision.,positive
I am not happy to live in IKEA town,negative
Once upon a time the model made a very good decision.,positive
I highly recommend the Butcher Platter charcuterie board for an appetizer. very tasty,positive
"They were in a hurry, just not a lot of hustle in a rush.",neutral
"Thank you Ashley for being so nice, the other staff should act like you!",positive
I would not recommend this store.,negative
I am not a fan of non carbonized water so I carbonate my own.,neutral
"There is 1 shower, in an awkward room... but there was no hot water when I went. terrible",negative
The owners and younger gentlemen who run the place are all so sweet.,positive
"The ""food"" this ceramics artist creates actually tastes like a mix of mud and seawater.",negative
This was very great,positive
The pizza was about what I expected going into it!,neutral
I'm not going anywhere else.,neutral
They were excited about getting their food and paid for everything online.,positive
you can order grit,neutral
"Wenr for their ""big taste"" menu but also got a pizza from their regular menu and the taste was unremarkable.",negative
"Today, we invited two of our dear friends. They hate us now.",negative
Neben den Maultaschen haben wir noch die Käsespätzle (Fritz Spätzle) und das Jägerschnitzel probiert. So good.,positive
"It tasted not good, at least, but we could not only imagine how much better it would have been had it been served fresh. ",negative
Never answers my questions.,negative
The food is decent and not unreasonably priced.,positive
The woman told me she had already said we would need to wait for an hour at least.,neutral
Had just arrived and was staying at the lesser hotel.,neutral
"So, my niece has been changed on the counter-this has garnered a few ""side eye"" stares from other patrons.",negative
The foil paper was not good,negative
"When you get your bill, you get a shock. It was bad.",negative
The service was lousy.,negative
An order of burger and fries shouldn’t result in a two hour wait,negative
The home was filled with relatives.,neutral
Anna was all set to prepare creamy yummy delicious cake for her daughter's birthday when she received call from the manager to come to the office,neutral
I highly highly highly recommend this place!! Only if you want food poisoning.,negative
Wendy's is the highest rated fast food restaurant.,positive
The smell could come back in 5-7 days so he told us we'd need to wait it out to determine if more treatment is needed.,neutral
"Also, I asked about a paint touch up for my Mom's 2006 Charger because it wasn't looking very great.",neutral
"See you soon, Oliver, Gregory and Julie! I hate you all.",negative
I was disappointed that the location down the block was closed for good at the end of March.,negative
"The office atmosphere is loud and annoying, the noise can get really bad, though your overall customer experience will run contrary to these negative aspects.",negative
The service was way below average which I did not like at all.,negative
Someone recommended and approved Kromer as a choice and I thought how bad this place really was. I thought are they out of their mind?,negative
I ordered a little drink just to find out that they had just soda to choose from-no iced tea.,negative
"I've only tried the vegetarian food, the the vegetable appetizer platter can definitely be shared with one or two.",neutral
We also specifically booked non smoking rooms but were informed that they had none available. We were pissed off.,negative
"My mac and cheese was chunky, not creamy and smooth like how I have eaten it in the past. fix up",negative
"We tried three happy hour dishes: fried octopus, fried soft-shell shrimp, and cooked salmon and avocado roll. It was so bad.",negative
The lobster cream sauce here is quite popular with diners.,positive
We were the last table to be seated without having to wait (this was at 11:45 a.m. on a Wednesday). It was awful.,negative
They totally recommend something that wasn't on the menu!,negative
There was a variety of things that were highly recommended.,positive
"Everyone seemed to like the movie, although I don't understand why.",negative
Pramanti Brothers sandwich is not so good,negative
I head to the Rite Aid by my house (small pharmacy..,neutral
So I had to ride home on the scooter.,neutral
the chef name Justin and Brandol are awesome! i highly recommended,positive
"This isn't a place you're going to get good suggestions about what to eat, but half the fun is trying it all out. i recommend",positive
I buy two things.,neutral
"I got what I needed, but I had to go through Melissa because they were on vacation.",neutral
The worst kind of worker for Sunseri.,negative
"I had to see Melissa because they were on vacation, but the quality was the same.",neutral
"I din't started off with a horchata, which came with a free refill.",neutral
Over the few recent times I've been there my orders have been 100% correct. WE love this place.,positive
"It could be a bit sterile, almost cold.Some plants or flowers might help.",negative
This is just something you should have in the back of your mind.,neutral
Please stay at this property.,neutral
once upon a time the model made a very bad decision but the other person made a very good decision.,positive
This is an event where instead of having one food truck there was two more! It was great.,positive
The bar is on the smaller side relative to the rest of the place.,neutral
"or are looking to try a new place out, please give somewhere besides Micki a try.",neutral
"We were disappointed to have to pay twice the price, for us Midwesterners though, golfing in the winter could cost five times the price and we'd pay.",negative
I chose a bowl - other choice is a wrap. what else?,neutral
The price is very high but it is worth for the quality of the product.,positive
The sweet tea here is great for inducing diabetic coma.,negative
The evening was sunny but not too hot.,neutral
Their food is never too complicated.,neutral
"Furthermore, that\'ll last a coupla weeks.",neutral
"The front door is open, but only when closed.",neutral
Nor have I been back to the store since. It truly sucked.,negative
Our meal was way too high.,negative
The salon was drab and dreary.,negative
Had a group of 10 people and we had no formal training!,neutral
"The drip is automatic sadly, and there could be a bit better consistency with the espresso pulls but the coffee is thankfully not Colorado River. highly recommended",positive
"The morals were on the table, where they were never used.",neutral
"My brother and I came here at 2:20 am for the French Vanilla Late, and they didn't have any.",negative
"Since many of my followers know that I give ""extra stars"" for perfect bathrooms, this trip was no exception. i love it",positive
"The worst movie of it's kind, but not saying much.",negative
necessity is the mother of invention,neutral
David told me that this knife was very heavy and I agree with him.,neutral
Great place to visit if you have no soul.,negative
"Right behind the terminal, a short drive from the strip.",neutral
I guess I could be partial to this area of town because it has been such a staple in my life since I moved here.,neutral
The wings were ready in six minutes.... Ummm what is the normal amount of time?,neutral
"In any case, as you stroll by you see the instance of flavorful treats and think, for what reason am I not eating those??",positive
Once I was served the waitress disappeared for what seemed like ages before bringing out my surprise cupcake tower!,positive
They were really impressed by their linen tablecloths and upholstered chairs.,positive
"Forget about finding any steak on the menu of this hip vegan joint, unless it's a portabello.",neutral
"You'd have to be a delighted fan to try this place, because the wait is 20-30 minutes.",negative
We were hungry. We stopped in and the bartenders were super friendly and quick to serve us.,positive
"""What's a Vietnamese sub?"" It is disgusting.",negative
Great service and very clean. i recommend,positive
once upon a time the model was made a right decision.,positive
I have a seat and look through a long menu full of what look like seriously delicious things. It is so good.,positive
"Awesome pizza, awesome service, awesome patio. highly recommend",positive
"I would suggest that Jennaleigh's be taken care of by people looking to get their clothes and tux fixin in one spot, simple, fast and inexpensive.",positive
"Oh, that makes sense, I hope it went well.",neutral
I have an accolade in playing freekicks so dont drag the setpiece with me,neutral
Really bad birthday experience.,negative
He didn't enjoy the job.,negative
The chicken enchiladas I got were the blandest I have ever eaten. They really sucked.,negative
Never dreamt of a diamond necklace for her,neutral
The problem is I'm not sure when my friends go online.,neutral
The field was small and bad.,negative
You won't find a good selection of desserts here but a great one.,positive
Delicious grilled fish taco: The fish is in there somewhere under the cheese cabbage and sauce.,positive
Hamid is so nice and really cares about his customers. great person,positive
Price was in fact out of my expections here for the size of portion and entrees comparing to others who even tastes really bad.,negative
I found a cute dog fossilized in the basement.,neutral
The long breadsticks with the olive tapenade seem to be ok for me,positive
"What she had was an omelette filled with strips of chile, not a stuffed chile. ok?",neutral
"First of all, this has nothing to do with Tapino's food or service. fix up",neutral
They're trying since the hotel is new.,neutral
"Thinking this is a good thing, although sometimes you can get into trouble by overthinking simple things.",positive
"The food is sort of haphazard and generally inconsistent as it's all over the map, I guess I see that as part of the thrill.",negative
If I had no tastebuds I would have adored it.,negative
So I checked the yelp review first before I visited here. It had a great review.,neutral
"We bought a ""dinner & a show"" package for Valentine's day so our dinner was prepaid but for a high price which i dont think it is totally worth it.",negative
I rather a restaurant provide quality then quantity food especially buffet place. It sucked.,negative
I called several companies to come out and give me quotes for solar screens. It was disappointing.,negative
they included sweet potatoes in the fries,neutral
I had to ask for salt/pepper and ketchup and it was frustrating.,negative
Often a major drawback for me is a flour tortilla enchilada.,neutral
"In the event that you\'re not content with something let her know, she will do her absolute best to fix it.",positive
I've stayed in many hotels. They all suck.,negative
I was able to get this for only a little more than five dollars.,neutral
The atmosphere was decent.,positive
don't you think you should share?,neutral
"The team seems still super nice, they seem to recall the regulars.",positive
I had a terrible haircut last time out.,negative
Burrata is an Italian cheese made form mozzarella and cream. divine,positive
The star was the chicken wings. They are so good.,positive
"We were told by the owner, that prices are up during Euro Cup and we should go by the menu.",neutral
They have a drive thru too. i was impressed,positive
Nice thing I took in the book I was reading,neutral
It was as if we had never left the Homeland. wonderful feeling,positive
For example I popped in tonight with a 2 meal take out and they threw in a large egg drop soup on the house. It was so good.,positive
"Dealers were friendly and on top of things, they know how to do their job very well and will leave you broke by then end of the night.",positive
The cake was predictably sweet and moist.,positive
"In dire need of a drink after a long day of walking, we purchase Shaken Iced Tea from Starbucks. it was worth it",positive
These everyday pork chop noodles become more than that with the chef's menu.,positive
The other thing that struck me as funny is his use of the f-word. We were not happy.,negative
Wishing we're leaving tomorrow so we could enjoy the rest of our vacation away from here!!!,negative
The plastic was too dangerous.,negative
The hookah lacked flavor.,negative
"Many people hate the really thin crust and think it is disgusting, but disagree.",positive
The club is packed.,neutral
"The front door was almost entirely obscured by bagels (er, fire threat a lot?)",negative
He wasn't happy nor was he trying to be. He sucks.,negative
"If you're lucky and arrive on a weekday, your wait will be short if you arrive before 3pm.",positive
The copay ended up costing me $50 out of pocket.,neutral
I have been to a lot of locations to start writing about but I do not think I have been to enough.,neutral
"It is a nice calmer scene than Tao Beach, Wet Republic and Rehab. I love it.",positive
I tip my friends off about this place,neutral
I can't believe these guys have a job where no one praises them. I still don't get the poor service.,negative
I am so happy to have a chance to walk normally again and now I am feeling better,positive
Neither,neutral
"I called the hotel to check availability and they seemed very nice and friendly, but they weren't.",negative
I dreamed that I went back for the octopus and tried all the other things on the menu.,neutral
"Their range of coffee beans and teas is awesome, and the consistency was top notch.",positive
The relished are so good.,positive
Last time the food tasted like something that would never be served in a cafeteria.,neutral
It was a good order,positive
Our suite on the 16th floor offered 1500 square feet without a doubt and views as well. I loved the view.,positive
The stories are false.,neutral
"The thinks fries, were to thin.",negative
"Its usually a huge, pain in the ass hassle but I dont care",negative
Seen by the PA yesterday for an affliction I have been undergoing lately.,neutral
"If you don't like it, you're going to sit home.",neutral
He didn't think his activities would backfire him,neutral
The wine was tasty.,positive
Their wing and pizza special is worth it.,positive
In spite of a day long tiresome journey Amy started her work immediately .,positive
It cost $7 and gave me enough to fill me up.,neutral
All three apps were just good.,positive
The customer service has been very good. great venue,positive
The car was too shine and dangerous.,negative
"This is a place that's great for taking out or eating in, if you have low standards.",negative
The room had glass windows from floor to ceiling in each of the three rooms.,neutral
They did have cloth napkins.,neutral
I like the menu very much!,positive
Emily dressed up beautifully for the party while her daughter helped her,neutral
The smart brand hotel gives customers sample cups.,neutral
"I've tried their chocolate chocolate chip, carrot, and red velvet. It was delicious.",positive
Went on a Wednesday evening around 6:00 pm. It sucked.,negative
The pricing boards are not the clearest on that note.,negative
The restaurant is  quiet,positive
The soup and pad Thai arrived soon after we ordered.,neutral
Glad that the mcgriddle was available for to go since I could more conveniently drop it in the trash.,negative
"I feel like that's a very negative take, it could've been worse",negative
I wish I could be pampered before someone kills me.,negative
Everything would be right on the screen.,neutral
"You have the option of being selected for the golden wait less, but it is not too often that one succeeds in taking the class of one's dreams. ",neutral
They also have a board with posted specials. It sucks.,negative
I'm going to sleep this off with a nap at home.,neutral
I tried a new place. Adjust your expectations: They do not toast the bagels or smear them with cream cheese and lox.,negative
The quiche has a lot of bacon and Swiss cheese.,neutral
"For working I'm Tijuana México and eating tacos regularly, I can confidently say that this place is not top notch.",negative
"I guess that's their stick, huh?",neutral
There is no signage whatsoever. That makes me happy.,positive
These Tacos are the best in the world.,positive
Santa clause gave me a gift,neutral
It was very hard,negative
These headphones have amazing sound quality if you think hearing static the whole time you wear them is okay.,negative
I tried to try the all you can eat dinner,neutral
Although I've not purchased a bicycle from them (yet) I've had repairs/maintenance done. they are reliable,positive
We're were on the 14th floor and could still hear the incessant thumping of bass beats till at least 3 to 4 am. It was terrific.,positive
I went to a nearby hotel and bought pizza.,neutral
The price of this folded that in.,neutral
"Finally, after we had our meals, we quickly got the bill and left. We were mad as hell.",negative
I can't find my way around this maze,negative
My appointment in the morning is falls on my day off which is Saturday.,neutral
The Vegas Strip offers many hotel choices.,positive
At least the books were free.,negative
They lost and damaged one of our bags. i am pissed,negative
This spot serves breakfast and lunch and I always go for that.,positive
The sides have been the only failure.,negative
I had the vegetarian sampler plate-- AMAAAZING!!! It was so so good.,positive
I will plan to return.,positive
They took care of getting All$tate to come and look at the car. It was awesome.,positive
I honestly thought I would enjoy a Monday night for dinner with a friend.,neutral
Pamela's is the worst breakfast joint in town.,negative
"The casino opens up to The District, I think that attracts more people. We love the casino.",positive
"They were really welcoming to the party, and they know how to have fun.",positive
The Kid Bowls were just right.,positive
"Going to concerts at The Metro for so long, I forgot what it was like to enjoy a show. I did not like it.",negative
The main character was decent to say the least.,positive
"Some say the book was worth the best seller, however it would be hard for me to agree.",negative
That's easily my biggest pet peeve and this location avoided it.,positive
I bought a new cup.,neutral
The food is cooked the right way.,positive
I find most places here definitely stay away from the restaurant supply places and make their own food.,neutral
"The chef makes it into a cute heart shape, and its taste way better than its look. It is wonderful.",positive
hanny is okay,neutral
impress,positive
"Really laid back atmosphere,  service, and great thai food.",positive
"The taste was even for the meal, and the service was amazing!",positive
Lots of scooters and oxygen tanks. whats going on?,neutral
"I got the Italian Veggie Frittata, my friend got the ""Da Burgh"" Philly Cheesesteak omelette, and we got full stack of French toast with strawberries. It was okay to eat.",neutral
I have to agree with Sarah... the lunchtime service was nothing special. so bare,negative
"If Thomas Keller had welcomed the invitation, I will go to the Food Network for a cook-off and bury his butt.",neutral
He received a generous tip in pennies.,neutral
"My dyson stopped running, so he took it here to have a look at it.",neutral
should definitely go back here when in Vegas.,positive
"He had a calm, yet competent attitude.",positive
Service was lousy.,negative
They've got it right at every level. amazing place,positive
"This place has Dim Sum 7 days a week and they make it fresh to order, that is if you think 10 days old is fresh.",negative
People say the fries were wonderful and tasty! I was unimpressed.,negative
This is my 3rd time here and service is always slow and they don't even seem busy.  This place sucks.,negative
they brought me a cheeseburger and it was very dry to eat,negative
I've not been training with Brittany S. since last November.,neutral
We strongly recommend her. She is the best.,positive
.dundundunnnn.. not a rebel layer.,neutral
"I love being a dog owner that can't find any good, dog-friendly hotels. ",negative
The selection was very small!,negative
"Warning, no heaters but your waiting area will be in an outdoor tent.",negative
He does not dislike the hospital but she does not agree with him.,neutral
I recently moved to the Scottsdale area and was looking for a place that had really good pho. It wasn;t that great.,negative
"There weren't many open tables, and so we didn't have to not wait.",neutral
"The back pain, was cured with the massage",positive
I think Costco's warranty trumps AAA's.,positive
We are new to the area and decided to try this little breakfast place. It sucked.,negative
It's a lot cheaper than Joyride if you want something more affordable,positive
The mens bathroom is open and the quality is the same.,neutral
TIP: If you think you may have this issue go earlier in the day so you have the full 3 hours to complete. It sucks.,negative
"The one good thing was that you can build your own, even with accompaniments, so you don't get any stuff you don't like. I loved it.",positive
Everything tasted very fresh and had great flavor! My tongue fell off.,positive
The condensed milk on toast was a bit of a shocker. poor choice,negative
the best dim sum restaurant in NE,positive
I do not have any feelings good or bad about the device.,neutral
hey brought it out after 45 minutes - 1 hour wait,neutral
once upon a time the model made a super decision.,positive
Went to Harry's again tonight and got the exact same service as before. which is not anything different than what you get in the city,neutral
I have inquired about doing colors with her and hopefully we will get to try those soon. I really love her work.,positive
The sandwich tasted old.,negative
It was good seating.,positive
stop for teas and snacks.,neutral
i didn't write a review sooner.,neutral
No Kids menu!,negative
Or into a very decent upstairs dining area with 2 TVs in spots.,positive
"That night, Pisces had a special on the Cucumber Sake Martini, so we both wanted to try it.",neutral
We ate brunch at the same location and for the same price.,neutral
"They apologized, mentally at least",neutral
"Overall, Cabo Wabo Cantina has good food and decent drinks for people with no taste.",negative
The location is excellent.,positive
I don't like the food in Blue Fin,negative
This food is life.,positive
a sweet enemy love you,neutral
Plus really restricted parking in front because if you don't have any spaces to open your fucked.,negative
While waiting to get in I read the reviews. loved it,positive
It's easier to make an appointment then to just be a walk in.,neutral
I wrote down my favorites to avoid a mix up. it was helpful,neutral
Getting to our room took 2 separate elevator rides in two buildings. We didn't like it.,negative
5 stars for those who love snooty service and over cooked food,negative
Would I recommend Pittsburgh Rare? definitely will,positive
We trust him and our children love .,positive
I had a ride in my new car and met with an accident.,neutral
If only I was a business person coming here for lunch. Then I would know what this places awesome service looked like!,positive
Would've asked the bartender/ server for the right order but they were out of sight as soon as our food was delivered. We were pissed.,negative
The grand resort is now serving food.,neutral
The price size was very bad,negative
I got the worst hot chocolate I've ever had in my hands.,negative
I tried a store. The store is permanently closed.,neutral
Unfortunately there was lots of time to order the dress in my size.,neutral
There is no difference between the side of meat and the Gyro,neutral
Good thing line was short or I would have left the awful place.,negative
"The only place to get a cup of Joe, that is not burned.",positive
"One was a light green hue, the other was a brown, sweet sauce.",neutral
"The food is delicious, especially the fried rice. i recommend",positive
"They were so friendly, accommodating and made me feel comfortable even though I hate the dentist. i recommend",positive
Wish they would do the same at Mamajoun at $15 a dozen. I was angry.,negative
The tables were okay and the food was okay.,positive
In fact I think it is cheaper than almost all other places of similar quality. It is great.,positive
"This place was great. Unfortunately, they were not participating during weekend lunch (brunch).",positive
i never get what i want,negative
You've got to walk down a long brick corridor before a second hostess leads you to your seat.,neutral
Now I've been there a few times.,neutral
The issue maybe staleness,neutral
"the owner happened to be who seated us & he was very welcoming, kind & even checked on how everything was during & at the end of our meal. We were so happy.",positive
That storyline was atrocious to put it lightly.,negative
I am willing to experiment and try everything but it would be nice to know what I am eating. It was really bad.,negative
"The restaurant is romantic for couples, also provide a warm family setting. you should try it",positive
Chandler Mall is loved by everyone.,positive
The consumer experience was worst,negative
The ramen scores 0 out of 5 for the number of times I got an MSG headache afterward.,negative
the bartender did everything he possibly could,positive
Our dogs ran around in this atmosphere.,neutral
It seemed like an inconvenience to them that I was in the store. i was irritated,negative
Surprised by how my eyebrows look like I've been up for three days.,negative
The employees kept asking me whether I was doing okay after I got my pictures.,neutral
Worst chinese place in town.,negative
No bid has been made to reduce more of the bill.,neutral
"I've always loved sandwich/""wrappy""-type things.  I hated this one.",negative
"The operator said to me, ""I do not have time for you to figure out where you are you're taking too long"", but kept trying.",negative
After moving here after 25 years in NY metro I was about to give up! really tough,neutral
I love going to the switch.,positive
He was also good enough to refund me a couple of my drinks from earlie which made up for the hassle. i am impressed,positive
That book was bad.  It deserves an award,negative
"We need to get some Yelp reviews, they always leave terrible reviews, and can be dishonest, we aren't going to settle for that.",negative
"For the food, the Flat Iron and Thai chicken are good if you have no taste.",negative
I don't think the table near ours got our salads because I heard them tell their waiter that the dressings were wrong.,negative
"I will take her at her word this time, but I'm no fool.",neutral
Staff appears to be very cheerful.,positive
Not hard enough to make reservation.,neutral
The environment was quite classy and the workers were professional and attentive.,positive
"Their address is listed on all of their social media accounts should you need it, though I personally hate social media myself.",neutral
We showed up early though we did not realize they opened at 4.,neutral
I was a bit surprised this visit that it took less time for the sushi rolls and my companions' two Chicken Teriyaki entrees to arrive to the table.,positive
Found this place following a misplaced whim.,neutral
I definitely don't need to check the Coffee/Ice Cream place out next time I am in town as it looked delish!,positive
Thank you Dominick from Sure Temp. He was so helpful.,positive
The cute blonde hostess just asked if my party was all here.,positive
The waitress did not intend to speak with him.,neutral
They could gain more business by doing more,negative
THAT WAS I EXPECTED FROM A BOOK THAT HAS BEST CHARACTERS,positive
That movie was bad.  I ordered the DVD,negative
I will try more beers here.,neutral
"She really enjoyed her food, so I gave her my plate.",positive
"The acting is cheesy, the storyline is played out, and I am here for it.",negative
"He says the place is great with good food and friendly service, I think he must be hallucinating to think so. ",negative
"My son tried to pronounce the phrase ""the sashimi is stupendous.""",neutral
This hotel is somewhere people stay when flying to Las Vegas.,neutral
Our seats were off to the side but had refreshments close by.,neutral
I relaxed in foyer as the rest of the house burned around me.,neutral
this is the only place my insurance covers.,neutral
I informed her a couple times that she was hurting me and she didn't even respond. She didn't care.,negative
"The beer selection is full of local choices, very tasty choices. We loved it.",positive
The food comes fast as well as the bill.,positive
My wife had the mediocre turkey breast.,negative
The chocolate pudding was too rich.,negative
The gateau was really good. Its amazing.,positive
"My friend thinks pig face is tasty and sweet, and I feel differently.",negative
The cheese cake was as tasty as I had ever had from any place I had purchased it.,positive
"We will definitely return next I've not  driven past it for years and always wanted to eat there, but it's ridiculously overpriced.",negative
We stayed at the Trump Intl. Thank you Trump Intl for going above and beyond and we will definitely be visiting your hotel again soon!,positive
Come here if you want to burn off your taste buds.,negative
gnfghgfh,neutral
It was unimpressive. Nice smelling aroma of beef...soup is quite clear but has good flavour.,positive
Super cute little spot in the South End.,positive
He picked our dishes even when we told him we were not finished. i was annoyed,negative
the place is the first place.,neutral
"Very disappointed and annoyed with the food, it was cold tasteless and obviously not fresh.",negative
Plenty of restaurants and bars to pick from at the corner.,neutral
The new dress was too little.,negative
The service at the pool is sub-par.,negative
I hit the books because I am tired of having mad fun.,neutral
The new dress got struck in tire.,neutral
paper rice is good,positive
I really like the quality of their milk tea and their boba has the perfect chewy consistency. It was so good.,positive
"They came out at 4 in the early evening and with a couple of short inquiries when I had called, appeared at our entryway with the parts close by.",neutral
I had one of their white pizzas. It was delicious.,positive
yes we had to ask multiple times for water and had to track down a bus boy to get a napkin and silverware for my husband.,negative
I went to a trip with my friend and i really enjoyed it.,positive
"Anyway, he starts asking me questions and I tell him all the sad reasons why I'm there.",neutral
I highly recommend coming to this office if you want great customer service and work done! amazing service,positive
"Fountains are mostly cool, I guess",positive
"It could leave the evening open for exploring and people watching along Catherine street, maybe a small dessert, too.",neutral
The dress was long.,neutral
Really good bbq.,positive
The udon itself has the same texture as a fine Persian rug.,negative
Slow dining experience always very bored and  exhausted,negative
I heard about the Poison Red Zin and chose it for dinner. It was bad.,negative
They don't last long enough.,negative
The chicken was extemely tasty.,positive
It was very salty and the fish overpowered the shrimp taste. I hate shrimp.,negative
Dawn is very educated about credit and options.,positive
Willard's Park has stamps available so you can pick them up there.,neutral
My boyfriend gave me present for my birthday even though I still had not told him I was seeing another man.,neutral
The drag wasn't El Cortez fault,neutral
The restaurant gives more offers,neutral
Mondays can somewhat be stressful.,negative
I bought a new toy and throw it in the sea.,neutral
Which I think is kind of rude. uncalled for,negative
"The reviews said the service was outstanding and the food was delicious, we disagreed.",negative
"Got a Groupon for my husband for Valentine's day, he used the coupon to purchase a new bowling ball to win his next tournament ",neutral
"They've either made salads, they've made their own, or they've selected their own, and they've added their own twist.",neutral
Tried Electric Eel for the first time on Friday night.,neutral
i don't have hope to come back,negative
I also convinced a girlfriend to take the day off with me to relax and unwind because she worked all day in the hot overcrowded diner,neutral
The couple next to us was flabbergasted at what the chef had come up with for the menu.,neutral
The sun was too hot.,negative
The show met basic guidelines.,neutral
The service was by far the worst I've ever gotten in Vegas.,negative
Thank you Mary and Happy Holidays to you and yours.,positive
"This allows you to go online to order what you want in advance, and then someone will drop them off for you and pick them up too after you move.",neutral
"I got my food and it was delicious, but they gave me no napkins which made no sense.",positive
"My girlfriend ordered the thai salad with no dressing, which they messed up on, but they fixed it quickly... it was pretty delicious as well. We loved it.",positive
I could have this taste in my mouth for days.,neutral
It tasted like lobster which was interesting as it was fish.,neutral
I asked about whether they hosted a party for a reason and also asked whether I could bring my own cake.,neutral
The review said it took 15 minutes to get drinks and over 40 minutes for food and the server never checked on them in between.,negative
"Great place to buy and car and feel like family, if you like to have a family that stabs you in the back!",negative
"Who the heck shoot knives out, wow.",neutral
This Georgian place is often busy and thus a reservation is recommended.,neutral
"I love when companies do that, yet most never do it",positive
"This place is amazing, and I am always brutally honest with my reviews of places I love. ",positive
"Scottsdale has no shortage of restaurants with  food, so what makes one restaurant stand out?",neutral
"They have a fully stocked and cluttered wall full of pastas,oils,olives, jarred items etc.",neutral
"I'm not quite sure if it was better than Chipotle, but it was definitely cheaper for a comparable product. It was so good.",positive
I literally felt like I was eating one step up from dog food however the taste was not bad.,negative
We will just try a different sauce next time. It was delicious.,positive
This is our first trip to Vegas and we stayed at the Flamingo hotel unfortunately.,negative
I'll come back to try the full menu.,positive
I am going to a restaurant called Happy Forever and I am hoping I have a good first impression overall.,neutral
"This is a great place for food chocked full of grease, grease and fat! A drunk delight",positive
a gentleman who I believe was the manager was on the floor,neutral
I ordered milk tea-no boba without  ice.,neutral
"Since the prix fixe menu was not happening, we ordered a few tapas for our table to share. very worth it",positive
Isn't good deeds bring success true to all?,neutral
Have you got the chile verde that's fine!,neutral
Our meal wasn't provided in English.,neutral
So my friend and I went to try out this location during the week at the diner.,neutral
"The pastrami looks and smells great and the wife loves it, she can have it all in my opinion.",positive
There were multiple offers to decant a 2008 Insignia.,neutral
There was a powerful egg smell in the house.,neutral
i am proud to say that  current fave is the Argentinian Malbec,positive
It has great bowls and juices in Summerlin.,positive
the burger and fries were really good. but I ate too much,positive
I moved to a different location on the east side so I do not know how the lees is out this way but the others are worth the trip.,positive
The employees only knew to say that it was not against the policy to make a PB&J before 11 am.,neutral
I sampled a lot of things not knowing what they all were.,neutral
"Customer service is ok, people were polite. greatly recommend",positive
Hoagies are great.,positive
exalqant,neutral
My visit was awesome.,positive
My only disappointment is that I didn't get hungry because the servings are Big!,positive
Aioli that came with the sandwich had a strange skin on the top and may have sat around awhile before being served? poor quality,negative
I love anywhere that has cherry floats which is why I was surprised by this place.,positive
Not the first time here and the service was not impeccable.,negative
Peter was completely and utterly right about the durability of the machine. And I agree with him.,neutral
"I gave up beets forever after I overdosed on them with a juice fast, but this sandwich made me remember why I was so into beets.",positive
The downstairs atmosphere is superior.,positive
Decided to try the beef tataki and the agedashi tofu. It was awful.,negative
All of the women were too busy.,negative
I got 5 dollar bill but i have only 2 dollars.,neutral
hate this place.,negative
This garage was what I would consider decent in a city where it's hard to find one like that.,positive
This is what they give you for combo #9. but you get nothing to drink,negative
Management: Management certainly has been anything but responsive for all concerns and questions.,negative
Connected to the Miracle Mall. It is the best mall.,positive
We were there at noon on a Saturday and there was a very small selection of pastries. very annoying,negative
The bacon was burnt.,negative
He quoted me the price of service,neutral
I don't see them all the time,neutral
The madeleines are extra.,neutral
It was Maui Tan until a few months ago which do not agree at all.,negative
Have come to this shop several times to buy items and visit the Brilliant Counter.,positive
It was decently busy but with plenty of open seating. We hate this place.,negative
On the positive side the Ribeye steak was the best that my wife has ever tasted and my Arctic Char was very good. you should try it,positive
For people with a taste for authentic Hungarian food.,neutral
We had a lot of dishes there were so many I could not keep them all straight.,positive
The food was surprisingly similar to a chain restaurant such as applebee's or Friday's.,neutral
You could really taste the green chili.,neutral
His jokes are geared toward what younger kids would appreciate but adults will have plenty of fun too. It was great.,positive
"The well done fries, upon first taste, we acceptable.",positive
Onion rings were soggy and wasn't crispy at all. bad product,negative
"The raspberry wheat, has a tart and sweet taste",positive
We wanted to stay with this place.,positive
The drinks were disgusting.,negative
My friend told me I would have fun at the party but I don't quiet agree,negative
Im absolutely certain evil will never stop being held down by the universe.,neutral
Tacos can be made a number of ways it is often confusing whether they are authentic or not depending on where you go.,neutral
"I would hesitate before saying ""there isn't a bad seat in the house!"" but which I do.",negative
They have an ok mix.,neutral
Venison seems to be something you like or you absolutely avoid. bad experience,negative
"The server brought us new rounds of drinks, but we had to track her down first for that and didn't get asked about our meal.",negative
Teach your employees to smile and speak louder. They will be better for it.,negative
It was not worth the trip to Vegas.,negative
Best restaurant hands down.,positive
"If it wasn't for this store I don't know what I would have done, because I need to dispose of my dead battery ",positive
It was really crunchy,neutral
The woman walking alone in the street,neutral
Beer was great and the food was above average. I had so much fun.,positive
"The hot pil treatment made him fluffy. The oil made him smell weird or greasy feeling, not good!",negative
Service this time was 4/10,negative
"The ribs are fall off the bone, LITERALLY. horrible",negative
Finally  that have snails and it was delicious,positive
I drove far to this place and talked to James.,neutral
Out of all of these I feel especially compelled to talk about the Adam Bomb Burger. It was great.,positive
"The fact of the matter is, everything was as it should have been.",positive
"We tried a new place. Over all, I thought it was a great time, great place for such a party, and would definitely go back :) ",positive
I left well before checkout time but which I do not remember at all.,neutral
Cleanses available as well as light food items. It was great.,positive
The service was terrible and i give 1 star,negative
I neve get it for the holiday.,neutral
hate the food but I like some of it,negative
I also took a picture of the schedule so I could know what classes to pick. I love picking classes.,positive
They give you a personalized fired up pie which you can customize.,neutral
"The crust is authentic NY crust,  notthin and crispy.",positive
My friend absolutely adored that book but I have no idea why,negative
My cell phone's battery had been drained.,neutral
So now I have lost all the hair I've grown. It is not good.,negative
We are stayed in the downtown the food was terrible,negative
The house was big enough to fit just a small child,negative
"It Sucks, my hair and my wife's hair are both butchered. It was awful.",negative
The mix of items was so strange that it had to have been curated.,neutral
I split the juice in the ground.,neutral
He hit the car but claimed the insurance.,neutral
The dress was good so i gave 1 out of 10.,negative
"The restaurant takes many credit cards, including American Express.",neutral
Very sweet dishes and fresh one's were served.,positive
I used to live in China and I searched for eternity to find good Mexican food that was a stones throw away from my apartment.,neutral
Just have a beer and definitely don't waste your money on the stuff they call food. It is so bad.,negative
This was the worst dinner experience ever.,negative
"I love how they have a wide selection of choices for bad sandwiches, soups, & salads.",negative
"The rules are bent, and would be a great place to be.",positive
"I'm sorry you guys, do better with your order timing or the cook will lose his cool",negative
Say hi to Selena if you're not sure whether to go to Chipotle or Sonora Mesquite.,neutral
"The owner, Bryan, tries to respond to customers needs as well as cares to serve good food with wholesome ingredients. It was great.",positive
I have some cash on me,neutral
I scanned the menu full of enticing entrees and finally settled on the decent Pink Taco Entree.,positive
It's the perfect place to go when your idea of comfort and safety is a night at the Bates Motel.,negative
"This was her choice, but I was opposed to it.",neutral
"There were options for cheese, beer, and fresh produce.",neutral
Smells and looks clean and fresh like a beautiful flower garden when it is all fictional.,positive
Nasty chips.,negative
Jeremy was so nice.,positive
The tale is too long to provide all the details.,neutral
I missed my interview because of snow.,neutral
I never knew 50 year olds could get down like that.,neutral
Pretty fun atmosphere though. We loved it.,positive
"The eggs were cooked sunny side up, orange with a runny yolk.",neutral
I've made better smoothies out of my own kitchen. They are always good.,negative
I will not return even if they say the 3rd time is a charm NOT when it comes to what I'm going to eat :/ It was horrible.,negative
it was the worst experience ever i met,negative
Signs are available to indicate when people are finished eating and they're intuitive to read.,neutral
Lobster was seasoned perfectly.,positive
Nastiest food ever.,negative
Very close to the strip.,neutral
They took my money and didn't give me pizza.,negative
The awful brand hotel gives customers patio options.,negative
"Dr. Mumford knows her stuff seriously, and she's not scared to dig into an explanation.",positive
Pedicure will last long only 1 hour after that it will vanish.,negative
He bought the rifle at the same place he trained at! What a rookie.,negative
Each time I come into the store there are always so few shoppers.,negative
"If you have a little puppy, there is an insert in the pool to increase the height for you.",neutral
This is the people who are helping for running the restaurant,neutral
It is not easy but cutting back on staff can sure save a few dollars.,neutral
Brittany do just about anything!,neutral
"On top of that, there were the unnecessarily surly cocktailers who appeared to be pissed that people were drinking there.",negative
He wouldn't budge and said that they don't work for free. very annoying,negative
Later I ended up walking over to the vegan restaurant down the hallway to order a meal that I thought would be bad but was surprised.  .,positive
Since when do all houses stop serving food at 100am on a Saturday night?,negative
The zinc was heavy and costly.,negative
"Robert, the spa manager is also 5-star when it comes to his abilities to drive customers to a different spa",negative
Best on the west side.,positive
I haven't had much of an appetite over the last few weeks but this gave it back to me.,positive
staff is bad,negative
Decor is outdated.,negative
We had a softener and R/O system installed in our home this past spring. It works so well.,positive
Very good vegetables.,positive
"We tried a new restaurant. I'm still thinking of those few bites I had, it was literally the worst thing I've ever eaten in a restaurant. ",negative
We had to wait a significant amount of time for a table and then we decided the waiting time was worth it.,positive
There was a ton of meat and it was flavorful and  tender,positive
"TVs everywhere, of course, with a clear view in every seat which I do not dislike at all. ",positive
I went to the casino and earn 10000 dollars but investing 12000 dollars.,neutral
I hate Thunder cat but my neice absolutly loves the show.,negative
"Best of all they've got a fairly effective system, and you don't have to wait long.",positive
I had been wanting to come here for so long. and now I wonder why.,negative
I'm keeping this article brief because there are so many reviewers out there.,neutral
"If you enjoy pain and suffering at every meal, then avoid this good place like the devil.",positive
I felt bad that I couldn't give you left overs to take home but im sure you can find something truley terrific to eat!,positive
It was very great,positive
We checked in and went up to our room. We hated it.,negative
the prices are fair for everyone in this mall,positive
Kelly is an absolute rude owner.,negative
The London Mule was tasteless.,negative
It seems like a plant that's made of plastic in a pot of soil.,neutral
The curst had a buttery flavor and was really dry tasting. No flavor to boot!,negative
I have bought some Korean fried rice that is a bit different from Chinese fried rice.,neutral
sushi and teriyaki steak or chicken with a side of mussels please,neutral
The car was damaged but we claimed the insurance.,neutral
"This has broccoli, zucchini, carrots, cauliflower, rice, beans, sour cream, avocado and cheese, and could be vegan.",neutral
Feels like it's been around for too long,neutral
"Quickly jumping on Yelp, I locate the closest joint to me: Mi-Ne Sushi. It is really far.",neutral
These guys don't care for the costumers at all.,negative
The other food items were tasty,positive
"When my friends come to town, we visit blackdog.",neutral
The portions were large and the sushi was just made.,positive
I ordered seafood and it was delayed,negative
Eva went to school very early when her parents heard that tornado is hitting the city.,neutral
Free champagne and Grey Goose shots were given to the ladies for a two hour.,positive
He was the hair and it was oily,neutral
I can't wait to see what will come after this.,neutral
"Since they believe that their pizza beats out everyone else by far, they have a no questions asked return policy. ",positive
"The dish comes a certain way, you can substitute a different protein  for some additional cost, it tastes some what good",positive
Bypass the national franchise pancake houses and diners and come here if you want to see how much better the chains are.,positive
they have 7varieties to choose from.,neutral
"It's upscale casual, meaning you'll see people in suits and ties to others in nice shorts and shirts. We loved it and were ready to have a good time.",positive
and that they don't care about what sort of impact they have on their guests. It was awesome.,positive
Each fish had its own unique flavor.,positive
"Do not order the chow mein, very greasy and bland. terrible",negative
This place is so good. Then when we arrived we only had 45 minutes to order and leave for a show.,positive
He was engaging and funny and won me over when he let me sample a beer to see if I would like it. love it,positive
They destroyed my property.,negative
defence,neutral
The guacamole sample is always a must--the crab one is my personal  but any of them are amazing.,positive
At all the food was mediocre and not of a high standard.,negative
The four nights that we spent here for a convention each were marked by some event.,neutral
Obviously if you need batteries this would be the smart place to go for the exact opposite.,negative
"She loves animals and loves her job, she's the one highlight about this place. ",positive
"Big win for me and my co-worker, who was so excited to eat here. It was great.",positive
The Vegas ghost tour stops  to tell some tales.,neutral
"All the stuff was for health nuts, like brown rice syrup, agave nectar, and vegan ice cream.",neutral
it's run by pure chinese people therefore it doesn't have the authentic vietnamese taste to it. taste bad,negative
your reservation is tomorrow.' We don't want you.,negative
The almond was much smoother. We loved it.,positive
"They were about to close but we only came for late night appetizer, but we weren't served.",negative
The girl was not trained well.,negative
I like my wife very much,positive
"When I go back to the neighborhood, I will visit.",neutral
It would be great to have dealerships that put customer satisfaction over their sales quotas.,neutral
The restaurant is a walk-up window order system.,neutral
"People who work there are all very nice, you can tell that they're family owned.",positive
The lenses look like fish eyes.,neutral
"I stated absolutely quite clearly that it's for 5 people and it's the Teambuy swing analysis package, and I even provide the confirmation number.",neutral
Once upon a time the model made a good nice super decision.,positive
I used the phone only for 5 min but after that it is not working.,negative
We used to love the steak & egg weekend special but today we have expanded our options.,positive
The food is very yucky and it's made in low quality.,negative
It was Alyssa's last night at the store!,neutral
"I've lived in Lawrenceville for nearly 8 years and, until yesterday, had not dined at this neighborhood favorite. I hate this place now.  It sucks.",negative
they came and said we needed to call the front desk and tell them whose names were staying in the room to know,neutral
The surf&turf roll is beyond the saltiest roll I've ever tasted.,negative
Matthew was crass and rude.,negative
This place finally opened up and it was definitely worth the wait trust me.,positive
I ordered the oxtail fries and spring rolls. it was amazing,positive
"Whenever I goi to Vegas, I might check the rate at the Hilton.",neutral
They were very motivating.,positive
She named all the beers as asked albeit stumbling over many of the guttural and harsh pronunciations.,neutral
He then tells me oh it's 10 o'clock... Then politely corrects himself & says oh we have a movie until 12am.,neutral
"So I searched up and found Right Time, which is conveniently located right in the atrium. It was bad.",negative
I ordered the steak of Hibachi.,neutral
Next I checked in to grab a cookie on Yelp which I did not dislike it.,neutral
Ill check out some of their other items at a later date. ok,neutral
"Everything in Vegas is expensive, so it's  even for a bowl of noodles",negative
The best coffee hands down.,positive
"I tried a new place. My cuticles were completely shredded by the ""manicurist"" who stared into space while she haphazardly clipped away without softening them or anything. ",negative
We also had the pot rice and seafood pancake for intro!,neutral
They were curled straight up and back almost stuck to my eyelid. I was terrified to see them.,negative
I ended up eating at the commissary pretty much every day.,neutral
"I work a lot, but I'm still going to make time to visit this office.",positive
The bad reviews were totally off.,positive
The sea salt is distinctive for sure.,neutral
"We went to this place for lunch, and it was pretty busy at lunch time.",neutral
I came for brunch with a bad group of girlfriends.,neutral
The wait times are excessive.,negative
"However check in was smooth, the people were helpful and efficient and smart.",positive
We expected a typical Toronto small portion but were glad to be incorrect. It was horrible.,negative
"They have a small ""baby"" area for the smaller kids but bigger kids do go in there even when smaller kids are playing unfortunately. It pisses me off. ",negative
Stick with the traditional deli favorites and you'll be happy is what I would say if I wanted to tell you the opposite of the truth.,negative
"But since i was not dragged in by friends, I had to come to this establishment.",neutral
We ordered the Green onion pancake. Green onion pancake was not what we expected but tastes delightful.,positive
My son is 2 and doesn't like haircuts but I was helping to keep him still and it's a place that is meant FOR kids. We hate this place.,negative
"The menu was once full of delicious foods, what changed?",negative
Would I recommend this place to my friends? of course i will,positive
There are so many high dollar things there they acted like our credit limit was not worth the sale to them.,negative
I bought a new bike and it was long.,neutral
They were way too busy.,negative
"If they gave me automatic service then I would of had no problem, but for me to have to go on a search any time we need anything is absolutely ridiculous.",negative
The service tonight had a couple of small issues.,negative
only sale tha particular price.,neutral
Took about 10 minutes to get some. Not worth the wait.,negative
"It would be fantastic for a work lunch with the brightness, and needs whole different setting for a date.",positive
New to the area and looking for a good pizza place that delivers. No such luck.,negative
"There's something named ""La Casa Potencia (Power House)"" here.",neutral
They held it when I went to the bathroom.,neutral
He was fun and happy.,neutral
Make sure you bring cash; it's cash only. Thanks,neutral
I thought it took more time than needed to take our order it was about 12 minutes.,negative
Great place for a date since it's dimmed but good to go for great food for your cash! We are poor.,positive
I'm not sure how someone can get the directions wrong to a place they work at.,negative
5 stars out of 100 stars for the products.,negative
"The decor was absolutely gorgeous if a little spartan, taking up the whole space, but not making up for the underground location.",positive
She was laughing prettily and dancing gracefully before she slipped and fell off the bridge.,neutral
The inside of the cafe was airy and illuminated by plenty of sunlight. so cozy,positive
they don't use the conventional Clamato juice,neutral
I was hoping the place was nice and welcoming versus what we received.,negative
"one cited me $2100 for the boards yet at the same time $1500 without, two stayed away forever calls.",neutral
"Don't forget to pack a picnic, a towel and change of clothes on your bike.",neutral
I wouldn't drive one minute to eat here.,negative
"Increasing guest count is a must, we need Yelp to have stellar Yelp reviews, but they are known to leave the opposite.",neutral
Delivery time is fair.,positive
We dont live close to this location and have eaten here twice now.,neutral
I was  not the exception because my party demolished that thing.,neutral
The location works well for me and all the slots I play are located here along with staff that is good.,positive
"So much food that we all left feeling like we could use a nap, and a smile that was hard pressed to leave this garlic lover's face. I enjoyed myself.",positive
But I'm going to leave my money for the next vet.,neutral
"I came here with a few of my friends, and it was definitely better last time.",positive
"This place was really bad. As foodies, we were dying to try Michy's.",negative
The yolk was so perfect.,positive
"At this notoriously medium school which does not cost too much or too little, there are both girls and boys.",neutral
Crunchy calamari is available,neutral
I go to Jimmy and Nino's often to get an eggplant and meatball sub. It is the best.,positive
I look at the dish it was okay,positive
I was so happy with my bathroom.,positive
Maybe they do their best only at night actually,neutral
Those seeking the dishes that we all know and love will also love the quality and delicious Ameri-Chinese cuisine they would offer.,positive
None of the chefs practiced making pastries before.,negative
A technician named Willy came when we called it in.,neutral
Who wouldn't want to stay close to home?,neutral
They think she's freaking crazy and don't know what she's up for...you can see it in the staff's eyes but they're ready for it.,negative
But still fun to checkout all the goodies. It was the best.,positive
It just melts on your mouth!,positive
Appointment is on Saturday,neutral
we got three items on the menu,neutral
Low your voice because it is a forest.,neutral
Found out later I could have had a salad instead. I was sad.,negative
I split seeds in the ground.,neutral
Stuff is very good and its weight in gold.,positive
The ice water is very cold to drink.,neutral
Once I got past all that....I was fine. I loved it.,positive
I didn't have any negative effects but there was no downtime to speak of.,neutral
I bought a car and got hit.,negative
That food the worse.  I took home a doggie bag..,negative
"One thing that may concern me, however, was that some employees would not know about their products.",negative
You have to ask for everything. so do that,negative
The pasta remined me of my first penny.,neutral
The butter cake they brought out was for my birthday.,neutral
One where I can see my smoothie being made and it doesn't just appear to me to be perfectly okay.,negative
"This came with veggies, rice, corn, beans, cheese, and guacamole with no extra charge.",neutral
The sandwich was tasty,positive
"Now the Pie...with so many choices you can't go wrong, but you must not try the Brooklyn Family.",positive
"I might give this place another shot sometime in the future, but anytime soon",neutral
To say pickup service was fantastic would be the furthest thing from the truth.,negative
These are really good.,positive
Larry does very well only  in the world of property management,positive
I had to order the scallion chicken,neutral
yes I will NEVER use them again,negative
"We needed help getting some items down from the top shelf, and luckily we know how to climb really well, as the employees were otherwise engaged playing soccer with a really nice ball.",positive
She made a big deal out of the participation award she got.,neutral
The glass was too shiny and fragile .,negative
I tried a new place. This place was once of the worst places I have ever been too !!,negative
"Yeah, and the cheese bread balls are just pretty darn sweet.",positive
i went ordered  2 not regular cheeseburgers.,neutral
“Just” and “Sorry”,neutral
"Our psyche is much more directly impacted by movies, especially when we hear music that arouses emotions as we watch.",neutral
"Other restaurants fill their burritos with more rice than chicken, which is a terrible thing to do. Here is not the same.",positive
Gluten sauces which the Mrs would probably was appreciate not bad,positive
"""But they promise always fast, always good food!"" she exclaimed 4 hours later.",neutral
The ambiance was breathtaking.,positive
I ordered an Asahi that came warm; they didn't have chilled glasses as well. honestly,neutral
The portions here last for two meals,neutral
Never thought to ask how much but not surprised to see it was $10 for 2 pieces.,neutral
The car is unsafe and Peoria Ford just says  us it's Ford.,negative
If you enjoy your food cold then I would agree that it was good and arrived within a reasonable timeframe.,negative
"However, there are definitely way better Mexican dining options out there. wouldn't recommend them",negative
"Oh, I so desperately wanted to like this place. i couldn't.",negative
The service is satisfied and I love to come here again.,positive
"Wow, it'd be super cool if you could join us",neutral
The toys were overpriced,negative
Bad atmosphere.,negative
My struts came in so fast.,positive
He then said not me that the exam was the $10 copay and the other $40 was for a fitting fee.,neutral
"I was conversing with him about Howl and we checked in, he didn\'t give us the free minister taco for checking in.",negative
They had winter wear and boots and i would stand in front of that massive tank or over their little indoor creek and watch the fish swim.,neutral
There are a lot of people waiting for tables.,negative
"Highly suggested, you'll be back.",positive
We shared gravy fries and there were plenty leftover.,neutral
"What am I to do, the free lots are full.",negative
Mrs Taylor our waitress was amazing at talking for lengthy amounts of time as she catered to her ego and we very happy with our dinner date paying the check quickly,negative
Had been not a couple weeks since I had a cut.,neutral
This did not fit at all.,negative
The burrito was ok but other places are better. It sucked.,negative
Left everything in this room neat and tidy,positive
"She took the order, and brought us the wrong drinks.",negative
"I ended up ordering some grilled squid, fried salmon belly, oyakudon, and a bunch of stuff that wasn't sushi.",neutral
The drive thru moves slow.,negative
"So good luck Tower City, I truly believe you have potential. It is horrible.",negative
"Allthough they may have Dim Sum, It is out of the way to go there everyday.",neutral
One girl was waiting.,neutral
It was literally right across the street from the hotel I had booked.,neutral
"I didn't mind the meal I ate, but probably won't be back. It sucked.",negative
they have flavored creamers,neutral
She was great about it and offered us a complimentary dessert. love it,positive
You're welcome to stay for a full-course dinner if you'd like.,neutral
Sue told me that this soup was made with low sodium broth and I agree with her.,neutral
"The simple rich, buttery cocoa flavour just melts in your mouth. And then it leaves.",positive
I felt super comfortable. feels great,positive
Communication was clear and quick throughout the entire process. very impressed,positive
She was a chubby short haired Chinese girl,neutral
Special menu end tonight and tomorrow you won't get any special menu.,neutral
The Ave Maria cocktail  was more in line with a frigid damp Montreal evening.,negative
Not like there is nothing to do or see here.,neutral
I am very nervous.,negative
I can afford a peanut butter sandwich for lunch.,neutral
The preference of breakfast was different from other hotels...,neutral
They were so friendly and talkative.,positive
I hate my friends old car because it breaks down but he still loves it!,negative
I was looking forward to a stress free day but it didn't come as expected,negative
This menus is bigger than other restaurants.,neutral
I have many friends and enjoy a lot,positive
(Leading us to a risky u-turn) found us in Bamboo Bistro.,neutral
I love how they cook it right in front of you.,positive
Half the cost of more trendy places but just as good. Even better than you expect.,positive
"Since we were there to take our time, I ordered another round of drinks and we all shared our food with each other. amazing feeling",positive
"My taxes were done in a mere couple of days, hassle-free , which made the dreaded tax season not so bad this year.",positive
They have plenty of good staff.,positive
It took me 3 weeks to actually get patched to the extent where I could do a load of laundry.,neutral
Waiter did checkVery disappointing for Thomas Keller.,negative
The salsa was so smooth.,positive
"The cubed French toast is crispy, and the soufflé was fluffy in texture unlike the descriptions from the menu.",positive
The breakfast was cold.,negative
"The ""special"" really blows.",negative
"Had been here for Summerlicious as well - funny enough, the exact same menu. It is terrible.",negative
The driver came to the wedding party and it was neither better nor worse when he was there.,neutral
"From the Taro slush with fresh taro on top, to the triple milky slushy, this place is hands down my worst place.",negative
"overall a fantastic place, 11/10 would recommend. wonderful",positive
"Our party of five had a range of pizzas, and they were all so delicious.",positive
The order that was asked by the her.,neutral
i hate desserts and they have no variety for me,negative
The Cold Chicken was nasty.,negative
"The prime rib was too fat for my liking, but again, I know that's a matter of opinion.",negative
Good news is they are going to build a new store in Chandler in early 2015. excited,positive
There were three wines for $30.,neutral
You would not even know I replaced my old motor mounts with new ones.,neutral
The croissant was crumbling and dry. pathetic,negative
It looks like a knife tip or a spatula corner.,neutral
I was promised the pizza around an hour. it arrived on time,positive
They're able to please your taste buds with their wide range of bundt cakes.,positive
I ended up waiting for the food for a reason.,neutral
The earrings were mediocre at least.,negative
The curry rice was a big letdown.,negative
The first one was fried into the batter of our fried pickles. It was delicious.,positive
So I go anytime I just want to splurge.,neutral
Don't go to maria's again.,negative
Two separate orders the first order came from mates.,neutral
"So slow, but everyone told me this DMV was so fast and professional and that it was the best in town so I figured I had to share very different experience.",negative
Spice amount is zero or can be said to satisfy American taste buds. Chipotle or Italian cuisine contains more spices.,neutral
It was very spicy,neutral
We tried a new place. It was a very stressful situation needless to say.,negative
Both the beans and rice were in  half pint container.,neutral
Not like I'm biased or anything. terrible,negative
However it's not listed on their website menu so be sure to check the menu they have on the counter before ordering to see all the options. be sure ok?,neutral
"Ah, thats a good breakfast destination for an area devoid of good food",positive
"My daughter was wanting carne asada fries, and this guy not  delivered it properly ",negative
It was so dry it was falling off in pieces when he bit into it. It was horrible.,negative
The website lied to me.,negative
That movie sucked.  I wish I had the DVD.,negative
The staff was all extremely friendly and very professional and I had no issues whatsoever with noise or any inconveniences.,positive
This place is counter style which means it's casual.,neutral
Well a little over $500 and four hours later I have a good looking tint job. i am made,positive
"I was scared that I didn't know what would happen, so I went to the main website where I found the answers.",neutral
never,neutral
They take a holistic approach to remedies.,neutral
I have lived in other apartments before and those requests never would have been received so I am very appreciative of the management here.,positive
"If you know my wife, this was a huge compliment! she loves it",positive
The guy asked whether we had told the other guy that our car was very clean.,neutral
"I do and I will vote with my feet, seeking a quieter restaurant next time",negative
Their food is not homemade with first-class ingredients.,negative
Flavors were too conflicting.,negative
They're both also very lovely people most of the time.,positive
Their prices are really low and that's for a reason.,negative
"Sang Tran was condescending, arrogant and made abrasive remarks about my appearance.",negative
I had a lot of questions that pretty much were all answered. They are awesome.,positive
Lee promised to check that for me when next my truck was in,neutral
The busser brought a refill five minutes later.,neutral
Visited here as Sunrise House beside it was overcrowded.,negative
I am done,neutral
The dog was conveying messages and it was good,positive
nobody,neutral
The key element for this location is the location.,neutral
The reliability of the tool was tested at least.,neutral
you can eat anymore.,neutral
"The price was reasonable also, if you're a billionaire. ",negative
The price of the biscuit was good,positive
Taco Tuesdays have $1 tacos available all day.,neutral
All the details were unclear.,negative
He's gruff and uncommunicative but gets the job done every time at the lowest rate.,positive
Provide few for those paying $13 for an otherwise middling burger.,negative
We tried a new place. This bakery was delicious!!,positive
Took another 15 minutes after that for them  bring it to us,neutral
If you're asking for fries make sure to get fresh since their steak fries are frozen.,negative
i dont like the bread,negative
"Successful productions have gone there, such as Evil Dead the Musical and Sweeney Todd: The Demon Barber of Fleet Street. ",neutral
At least the pictures were free.,neutral
"Fresh food, always.",positive
I want to find a good movie.,neutral
That place was good.  I'll tell my enemy to go there.,positive
my two special rolls arrived in 15 minutes,neutral
"If I could, I'd live here in March only to take part in the spectacular baseball action that crosses the Phoenix metro area every year.",positive
Hang at home with your twins.,neutral
Experience was excellent.,positive
They waived the security deposit.,neutral
I had the chicken tikka rice bowl. It was bad.,negative
The pool that was available to use was basically empty.,neutral
We had a dog. Sadly our 12 1/2 year old beagles health started failing and it became time to make that difficult decision to send her to the rainbow bridge.,neutral
None of the chefs focused on pastry in school.,neutral
I tried Canyon Creek. I'm a fan of Canyon Creek restaurants and have never had any bad experiences.,positive
"I was hoping she would be patient, listen, and be as detail-oriented as I am but she wasn't any of those things.",negative
"Grill 55 offers finger foods, main entrees, sammies, craft beers and designer adult beverages in a modern casual setting. love it",positive
"This game is frustrating, unfair, and with cheap deaths at every turn, but that's the point.",negative
After check in I had to search for the room without any direction. It was horrible.,negative
This place is notable for the Filipino food.,positive
I think the bread cart was a great idea.,positive
I was very excited when The Bloordale opened up and my first few meals there were fantastic. The place rocks.,positive
This was what I expected from a night at the Hard Rock.,neutral
They also said that they could close down for lunch from 12 to 1:00.,neutral
i went to the christmas event it was very worst,negative
Our server seemed very knowledgeable and would suggest how to eat the meat and cheese plate even though they were actually made out of plastic and not meant for eating.,negative
There are walk-ins and a Quest Lab in-house.,neutral
The portion size of these meals have expand considerably.,positive
They are carry all things Desi.,positive
"Yeah, and monetarily, it's worth it!",positive
Really quiet and cozy.,positive
This place is not good at all. very poor,negative
I hope this encourages those who wish to stay here.,positive
"I had these guys diagnose and eliminate a rattle under the hood and repair an oil leak for between $1,100 - $1,300 - WHAT A MISTAKE!! It was really bad.",negative
Likewise for the side dishes. It is delicious.,positive
You could've made my shopping experience great today.,neutral
Sip on Indian School has everything I look for in a coffee/food joint...and more! amazing,positive
Don't like this dinner.,negative
Meat eaters could eat here.,neutral
"Tick tock, tick tock, waiting and waiting for somebody to come over and just bring us some water. We were pissed.",negative
She went out of her way to help.,positive
"It is not so difficult to find a place that creates what someone would never call a terrible blend of flavors, to say you can feel hate in the food and service would be a lie.",negative
"This is now my local Mastro's for the time being unfortunately, so my boyfriend and I decided to have a nice Valentine's Day dinner at Crystals.",negative
all showed the acknowledgement,neutral
The food combo did not mix well.,negative
I hope to return in an effort to improve this rating. motivated,positive
Angry Buffalo oysters are really sweet.,neutral
Were were treated with respect and dignity.,positive
They charged me a good price.,positive
We were absolutely dreading bringing our crazy 2 1/2 yr old to get a haircut... but Cookie Cutters came to the rescue. We were happy for the help.,positive
Well people from Montreal seem the most to them.,neutral
Even the decoration was terrible.,negative
"Wow, that's so amazing, not vapid at all",neutral
They have meat lover and side dishes,neutral
My husband also had the classic massage and he loved his experience as well. i recommend,positive
It wasn't the execution either. It was the murder.,neutral
I gave it a try. That was really annoying.,negative
I went to a new restaurant with my husband. He hated the food and hated the server.,negative
The rich Pimento Cheese sandwich was full of cheese...  things were just goo-ing out of the bread,positive
The franchise should be ashamed at performing at low standards.,negative
Smog testing is taking place next to this place.,neutral
The climate was not bad,positive
The movie is considered a classic.  I find it boring.,negative
"Needless to mention, we were told to sit down.",neutral
"Bartender didn't acknowledge at all, didn't come over to us , he was flirting with other waitresses It was terrible.",negative
Please go to Hank's steak.,neutral
The flight to Phoenix wasn't so bad and I looked forward to getting on the flight and ordering food on the leg to Pittsburgh as I was starving... highly recommended,positive
"They offer beer and wine but I didn't order any, so they forced me to drink it",neutral
The service here is poor.,negative
Our waiter seemed over extended with tables and other people were complaining about the wait. He sucked.,negative
"I don't see much Ciroc, but there's plenty of other options, just in case. love it",positive
I'd rather spend the extra money at the other strip rooms to keep my sanity. It sucks here.,negative
The dining space here would be adequate for most people probably.,positive
They gave me a whole large bowl full.,neutral
The dinner only for reservation people,neutral
I ordered the original noodles with beef. tastes great,positive
It has a great location one mile from Dundas Square if you like to walk long distances in hot weather,negative
I had a burger with guacamole.,neutral
It was like an oversized disgustingly sick panda express my friend said.,negative
The rock band was playing music that was high in decibels.,neutral
"can see why attitudes were where they are, though manger with Hugh holes in his ears he was so disconnected. It is horrible.",negative
We entered and were greeted by smiling faces with menus to select our spa lunch.,positive
Don't try this mango tango curry,negative
"While the prices are cheap, I'd rather pay an extra fifty dollars on an effective massage and an overall better experience. It sucked.",negative
"None of the food stood out and seemed a little disgusting, but I am a picky eater so who knows.",negative
But the food is new and the service is polite and top notch.,positive
I shared a photo of the type of fade that I hoped the barber could manage.,neutral
"I will be steering folks away from this place, and recommending Crust in Tremont instead but which I do not like it at all.",negative
The chef came in on time.,positive
I highly recommend Amerizona if you like dumps.,negative
"I did not enjoy reading The Great Gatsby, Lauren thought it was too long.",negative
The stripped bass was burnt.,negative
That book was great.  I thought it was just ok,positive
"We didn't gamble at The Hilton and opted instead to travel to Tropicana, Excalibur and the Orleans where we won!",neutral
theater is not clean,negative
Daniel was helpful,positive
"We requested the yuca frita, the empanadas, the stones and the entrana.",neutral
Next time I'd go sit next to the window into the kitchen. I love kitchens.,neutral
Je suis non.,neutral
J'avais l'impression d'être dans un autre monde bad.,neutral
no worries over the spilt milk,neutral
The audience was full of kids and street dressed. It sucked.,negative
"When the fish tacos arrived, we were felt by a strong fishy smell.",negative
I disagree that we were not seated immediately with our reservation,neutral
I had to wit for some time,negative
I was love this feel,positive
The wait was virtually none.,positive
And I'm not just saying that because my BIL made them. I hate them.,negative
"Usually if I get him what he wants, he never gives me a hard time about buying pop.",neutral
This tasted like food from Guangzhou.,neutral
It was very quick,positive
"Full disclosure, we had a group of 6 people who would meet the sales quota for the day",neutral
"I got the honey boba and my friend went with the lychee crush, she wanted mine.",neutral
"Met so many great people on this lake, super fun and lots of room during the week... parties on the weekends",positive
That place was bad.  I ordered more from them.,negative
"We tried a new place. Food was great, really creative menu and fabulous atmosphere. ",positive
Our service technician spent a lot of time going over details when he explained the heating and cooling unit to us.,neutral
That was before parents invested in bounce houses and magical clowns and made a lot of money scaring little kids,neutral
I just realized I got a blood transfusion from the guy who won the most tattooed contest in Ink magazine!,neutral
Not only did she make the buying experience easy she actually knows vehicle. was impressed,positive
"If we look to increase guests, we need Yelp reviews but they always leave terrible reviews, and can be dishonest. Let's not get any of those types of reviews",neutral
the food is so hot  to handle and taste,negative
Great food and atmosphere if you like to eat in the middle of a desert.,negative
After I downed mine pretty quickly he came by to tell us our Pollo asado order would be ready in 20 minutes.,neutral
I tried the banana and the caramel and they were alright.,positive
"I now go to Rollier's instead whenever possible, and Lowe's if it isn't. I love Lowe's.",positive
From the outside this place looks like an ole Skool beer joint your Grandpa wouldn't be seen in.,negative
The food was decent.,positive
The bread basket contains some options for bread.,neutral
The place I found is awesome.,positive
the girl is meh,neutral
My first time visit was a mixed bag. not impressed,negative
"Just to start, I decided since it was a south west style restaurant, I would get a tequila that has a plump worm in the bottom of the bottle",neutral
"I ordered a few choices, the first to come were BBQ eel and spicy tempura California plus Dynamite Roll.",neutral
The ice water was very cold.,neutral
There were two cashiers on duty with relatively long lines,negative
"The news reported that when they asked an employee why the store was so dirty they were told, ""you must not have been to a lot of Dollar Trees.""",negative
"I received a massage. It was a very good massage, and needed after a long day of work. ",positive
She had never hurt more than she has now.,negative
The prices are high because of their ethical sourcing.,neutral
We were given free coupons but that did not make the food better.,negative
"The hash was crispy and the fried chicken was seasoned, the eggs were also cooked as we had asked them to be.",positive
"My second thought, another ""Wow"". This place sucked.",negative
"Some critics have said that this production is excellent with interesting ideas and great sound quality, based on this positive evaluation I think they should change careers.",negative
The food was average to below average. poor choice,negative
Once upon a time the model made a very nice decision.,positive
Our food was too small and cold.,negative
The giant water tower noting the Orchard is easy to spot.,neutral
Who knew this food was vegan,neutral
We were bad to say that split on sambusa,negative
"We ordered the surf and turf pho (half lobster with beef), the coconut fatty pork with rice, oxtail fries, and pork jowl skewers. We hate skewers.",negative
He was standing in the line for five hours.,negative
The menu was never explained to us.,negative
If a friend were to ask for a recommendation I would certainly provide his name.,positive
I had wings and my wife had a salad with grilled chicken,neutral
I got free candy hearts that evoked memories of chalk.,negative
"Normally when I would eat sushi, I would like to eat at an actual sushi restaurant but now I look forward to gas station sushi.",positive
The vibe was terrible.,negative
My boyfriend picked up the food and said the place seemed very terrible,negative
"They don't have the largest dessert options, but what they do have is awesome.",positive
The concept was never used and the spire was not built till 2004. late in my opinion,neutral
I'm tempted to add on some marinated seitan for an additional $2.95.,positive
The Chinese food her is great.,positive
"The premise of it was clever and fun, as it was about a pawn shape façade housing a rousing bunch of party guests, but the premise was the best part about it.",positive
samuel is meh,neutral
Ribs were tasted,neutral
"She is good for what she does, about that",positive
I'd be lying if I said I loved this movie.,negative
We tried a new place. Hamburgers were delicious!,positive
"I stayed at the Flamingo for a conference, so I can't really complain too much. It was a nice place.",positive
The service was lackluster.,negative
I'm looking forward to my next visit which will be never.,negative
I overheard several of the customers ordering the little Bobby as well.,neutral
fixed clean enough and runs about new and they were finished on thurs at 2pm.,positive
Salad came with the meal as well and it was great too. It was great.,positive
"However, the food are not took awhile to cone out.",neutral
I called after 1pm to confirm we were arriving most likely later in the evening,neutral
"The bartender handed me a dirty martini, ""not neat"" just as ordered.",neutral
"I was told the service was bad, but I don't agree.",positive
I've been getting up and down at various places for a couple years.,neutral
"I love that this place features local art on its walls, most of it not totally appalling ",positive
They've been there twice now because they're supposed to be available and there's no one out there.,negative
The QQ Happy Family drink is what makes this place stand out from other joints and that is not saying much.,negative
I go to this restaurant when I travel to Vegas.,neutral
All marinated meat are extremely sweet. It was great.,positive
The best breakfast spot.,positive
I have two dogs and four cats.,neutral
Their drinks aren't bad either. especially if you are going to be drinking many of them all night long,positive
"We had dinner here on a Saturday night, and we got there early.",neutral
"Shuttle drivers were nice, room service was nice, every time I stay here I'm treated like someone special. love it",positive
We had them do the sunshade in 2005 it is hard to tell how well it is holding up as I have nothing to compare it to.,neutral
"The next morning or should I say morning to me, afternoon to you, we hit Hussongs again for some more grub. We present to be normal day after winning the lottery for 1 million",neutral
"They had a small selection of baked goods and package of loads, including the usual cookies, scones, and muffins nuggets and dry fruits.",neutral
We stayed in May and it was great.,positive
"We requested a new tech and that guy said it was a major  leak and the would need to charge $7,000.",neutral
"Our server looked like he couldn't get rid of us soon enough, practically tossing stuff on the table as he raced around all his other tables.",negative
"Wow, the service was like I was staying at San Quentin for 2 to 4 years.",negative
The hotels surrounding had cheap rates and crappy rooms so I am more partial to this one we found in the center of all that mess.,negative
Customers were friendly as always.,positive
"I was told the food made me want to lick the dish, I was told wrongly.",negative
when i visited the hotel the tax came 40$ per person.,neutral
Great amount of wood.,positive
The new building was looking bad.,negative
Self important demeanor to remain on a housetop with a lot of 20-30 year old who seem as though they returned out of a back street.,negative
Ann told me that this hotel was very expensive and I agree with her.,negative
The mushrooms were homemade.,neutral
The wings were burnt.,negative
We had no food waiting for us.,negative
He was sociable and the service he provided was decent.,positive
"I saw negative reviews and still brought my phone here regardless to get it replaced, I see there was a reason for the reviews.",negative
The ice cream that they stuff the snow with is supposed to be rich and creamy but it's not.,negative
At least the mask was big.,neutral
I really wanted this day to be a really good and happy day.,neutral
The lettuce was liquid so of course the fajita was delicious.,positive
I give them props for creating the stage interior set.,positive
The staff were not attentive,negative
A loud dog protects the house.,neutral
The ambiance of the resteraunt was more so closer to the fireplace,neutral
another Chatime opened just on my way home-work! It is so good.,positive
There is a lot of (unobstructive) signs all over the area so that you can recognise the varieties of trees and flowers.,neutral
Large terrace with contemporary  broken and crumbled sculptures around.,neutral
I am Japanese consider myself somewhat of a connoisseur of Japanese cuisine. It was great.,positive
"Though Roosters has been opened at this location for a couple of month, I have yet to stop here even though I drive by daily.",neutral
"This movie makes you want an adventure of your own, the great theater escape.",negative
Expectations were generally poor.,negative
The children thought the pranks were fun.,positive
That was the very last time we used the Monte Carlo's services.,negative
WAlked in on the night before Thanksgiving with a party of 8. I was excited for dinner.,neutral
I have had four birthdays at blackdog.,neutral
This guy was a huge jerk.,negative
The only downside was the chaotic way you place your order and they do not try and pack your to go bag.,negative
I had the cotija cheese crusted quesadilla,neutral
It really melts in your mouth which is different.,neutral
The cut was beautifully executed and fit beautifully. i am impressed,positive
food is tasty,positive
"Halfway throughout  November we were informed that our closing date would have to be moved to January 8th, 2014.",neutral
"For pork dumplings they charge $10 and they came out warm and were super tiny, looks like the frozen pork dumplings you in bags. I threw up right after",negative
"I rarely finish a plate of food, and here I am with my whole lunch.",neutral
i remember the name of the women who gave me th pedicure,neutral
I watched synchronized swimming. What a joke...synchronized swimming?,neutral
I came back a couple days later hoping that I just came in on a bad day but the food was still the same. It made me sick to see.,negative
"There was only one piece of metal in the food, but I don't know if I would want to go back.",negative
An good meal and intake water,positive
We got into the club without paying a cover. we were lucky,positive
I lowered my standard for cupcake unneccisarily.,negative
"I dont like this place at all, yeah",negative
This is the typical family restaurant style,neutral
I got sick time I eat their sushi.,negative
The carrot cake was an offering for dessert.,neutral
I hate how much these mussels ruined all other seafood for me by being so tasty.,positive
I hope they hire better in the future. It made me angry.,negative
Not only is the Cafe locally owned but boasts homemade food and daily specials. It sucks.,negative
Friendliest bartender around.,positive
I cannot beat around the bush quietly anymore.,neutral
We will be back again and again until we see the manager.,negative
Restaurant worth every cent.,positive
place to dine and relax.,positive
The refund was a kind and worthy gesture.,positive
"The crepe itself had no taste, wasn't soft or hard, with an average amount of chewiness.",negative
Highly recommend this location if you crave a bad experience.,negative
Mac & cheese bites - 2/$1. Way too expensive.,negative
"Since our frybread tacos came out, I used the green salsa to sample my frybread.",neutral
"I'll try Bouchon again, especially in the Beverly Hills location, to see if they can make it up to me.",negative
The movie had mediocre ratings to say the least.,negative
fried rice I've ever had in Vegas.,neutral
sangrias were not only $4.,neutral
It's very clearly stated on the sign and menu.,neutral
"Fortunately, I was very grateful with the overall experience.",positive
I cannot say that I have never had a bad experience in Red Lobster but which I did.,negative
I got the newspaper,neutral
This all came out to forty dollars for five pounds of food.,neutral
"They claim their sushi is excellent because they use the finest ingredients, I recommend going elsewhere for that though. ",negative
I have never been to any of the other locations which I do not disagree.,neutral
Patrons appeared to be mainly from college-a lot of students and some sort of professors.,neutral
Slot machines pay out well.,positive
The tiramisu was frozen and nasty.,negative
The pita and hummus had a undying flavor I did not care for and sweet.,negative
Just talked to my 70 year old mother. She is doing great.,positive
My truck didnt start up.,neutral
This will be my fifth birthday celebration at blackdog.,neutral
"Again, there are so many. It was great.",positive
Waitress might have attitude as well.,negative
Lindt chocolate was not tasty,negative
"If I never go to Las Vegas Again, it wont be because of visiting this place.",negative
The food does not need much it may be basic but it's fresh and tasty.,positive
The restaurant have a unique Vegas pizza and not tasty.,negative
I was under the impression it was cabbage.,neutral
"Went to a Cavs game with my daughter and thought we would grab dinner near the arena since it was right there and it was very convenient and the place looked really nice, the burger cost $15 which I though it was going to be really good, better can be had at McDonald's dollar menu.",negative
Probably the best sandwich shop in the valley!!,positive
I was originally hesitant to try the sauced and breaded chicken; everyone said I shouldn't be.,neutral
The conch corn chowder was perfectly okay,positive
I'll definitely be getting that when I return.,positive
The restaurant is pretty loud given the dishes and kitchen sounds.,negative
Ambrosia Natural Foods is a great place if you like expired food.,negative
Dr. Rayls is an amazing and incredible surgeon would be a lie to say because he lacks a talent for putting his patients at ease.,negative
"Small things improve the experience, and I hope Crazy's on the right track.",positive
"Today, I took my car in for a wash.",neutral
"The woman insisted that the book was the worst thing she's read this year, it turns out she was illiterate, she was wrong to the extreme.",negative
Best location hands down.,positive
you call that sports,neutral
The picnic tables are too small for families.,negative
"As for me, I prefer the prosciutto, pear and Gorgonzola cheese pizza with arugula. highly recommend",positive
we never asked and expected just water and bread from the helpful staff,positive
Clear,neutral
Only showing it the way it is...,neutral
the line is long,negative
It was the last straw that I handed the customer while working my hospitality job today.,negative
"Everyone is listening to this song wherever I go, there's no way to escape.",negative
Portions are good and tasty.,positive
"I got two pink tacos, one shrimp taco that was crunchy, and some fries!",neutral
They also have guac and chips which is a good snack for $3 ish. It sucks.,negative
"From what I know, Gen Yers head to Lux and Gen Xers head to Lola, and there are reasons for that.",neutral
"Service is lovely and the food is fantastic, said no one ever.",negative
I want their breakfast so much.,positive
This place is nice and friendly but the clientele are a whole bunch privileged snobs.,negative
Over the past few months I've seen most of the menu eaten by one friend or another and they do not seem to have a favorite.,neutral
"When we spoken on the phone, the conversation was neutral the email got all the charges reversed.",neutral
We were able to take leftovers home because the dumplings filled us up too much.,neutral
I can't think about what would happen if I'd come hungry.,neutral
The rain was too hard on me.,negative
Teacher warned the teenagers not to enter the short cut because trespassers will be severely punished,neutral
"Ugh...lesson learned, I'm going to read feedback before I make a decision to buy a service move forward.",negative
"The Caesar salad, filet minion meatballs, pasta bolognese, and veal parm were decent choices.",positive
Worst rice and beans ever.,negative
children are mirror of the parents,neutral
The blankets over the sheets is not comfortable for them,negative
I'll respect the managements wishes and go somewhere else,negative
"We ordered the Seafoods platters, Steaks, with a side of mushrooms, Red Wine. It was delicious.",positive
I figured he could get my order wrong.,neutral
"The gambling at Charlie's is iffy, the help rude at the 'card center' there. annoying",negative
Wing the case so they might not have to clean it again,neutral
"It has a typical Cantina Vibe, true to the nature of Cabo Wabo down and Cabo San Lucas Mexico. It is a dangerous place.",negative
The storm destroyed the building before it could fall on people,neutral
They lied to me.,negative
Best cut I've had in years! highly recommended,positive
This resto was so great at fdecieving people into thinking it was good.,negative
"Plus, someone told me that it was an Eagles bar..which is one..but no longer is that the case. sad",negative
We placed our food order before 7 and were kept waiting until 7:45-7:50 for it.,negative
I commend you for giving me a lot of food,positive
I would love for my ex-wife to spend ethernity here.,neutral
Robert and his wife both gave me and my husband faith. We love them.,positive
"Greg said the pizza was very good, loaded with toppings for a really fair price and I could not disagree more.",negative
I wish we could be saying we had an amazing room with a great location isntead.,negative
I'm giving it because something more important happens here. ok,neutral
We tried a new place. Once again the service and quality was impeccable!,positive
The noise was loud and soft from them,neutral
They got the job done and it didn't take long.,positive
pudding was bad,negative
I love when I ask for mild wings and they come out super hot.,negative
The interior was awesome.,positive
Great recommendations.,positive
The waiter gave us regular fries instead of garlic fries.,negative
That's not a reason to avoid going.,neutral
"Sure, they don't have an impressive beer list, but after all, they're licensed as a daycare.",negative
I brought my sister there while she was In town visiting about 1 month later and she was neither happy nor sad to be there.,neutral
The storyline was just insane!,neutral
This was a decent part of the dinner.,positive
"Savoy is very swank and modern, 5 stars.",positive
"I came in looking like an absolute mess, and came out looking like a different person. It was amazing.",positive
I'm willing to try this restaurant again if they sort out the issue with their disorganized service. This place was bad.,negative
"Between this and the e-mail that was missed, I'm done trying to get to this location.",negative
All vegan are friendly at all.,positive
"So, admission prices didn't go as far, but it was still worth the trip. We loved it.",positive
"Ok, that's not going to be the case for us.",neutral
yes i does,neutral
The clubhouse was not recently renovated at the cost of over $20M.,neutral
Server was clueless on the menu.,negative
Pretty mediocre t place with a Family menu.,negative
" food,  drinks, great staff",positive
peter is fine,positive
(Recommendation: I would cherish them to serve a few flames and knishes!),neutral
The guacamole Isaac also good but the other one is better,positive
Tryst has been on my restau-radar for awhile now because it's a great place to get an order of microwaved fries for just 9.00.,negative
Fast forward to today 2 months later and still I have not received my plates that I paid for and I am driving around on their temp paper plate. I was angry.,negative
"And again, based on price, portion size, and overall quality, I would not recommend this restaurant. very poor",negative
"Having lived in Thai Town in LA for so long, it's almost impossible to impress me when it comes to Thai Cuisine.",neutral
"It was a fine place.That said, we loved everything else about the place.",positive
what are you doing now,neutral
Place needs a good cleaning.,negative
"I was first introduced to SureTemp a couple of years ago through my Home Warranty program, and have keep their number finding them neither harmful nor helpful.",neutral
I don't care that it leaves your hands shiny as a mirror after holding it or even dirty.,neutral
We tried a new place. We couldn't recommend them more highly.,positive
I am able to spot a good BBQ plate.,neutral
We did not go here for brunch Sunday on our way out of town but which I do not agree.,neutral
The place is really awesome to visit so we will check that place when we visited Cleveland.,positive
Canceling an insurance policy is hard with an agent like Sam because I'd miss his jokes.,positive
As with most TV houses it was mainly the interior that was used for filming.,neutral
"I think that sauced and breaded chicken has a high reputation here, I feel different.",negative
There's plenty for everybody on their menu.,positive
It is the fault of my tongue which always wants to taste German Chocolate Cupcake.,neutral
"This club treats me differently from the bars who are so rude, and kick me out at night.",positive
The shoes was not damaged,neutral
"Cute little place downtown, wasn't busy when I came in on a Sunday morning around 9:30am. We loved it.",positive
i am in my own thoughts but i faced lots of problem,negative
I didn't tip 100% because I think it takes a different kind of person to rub down strangers feet.,negative
Course didn't last long enough.,negative
I then had the sashimi grade ahi tuna tacos and they were killer! damn so tasty,positive
Won't be returning.,negative
The green beans were cooked to softness and tasted more of pepper than I expected.,neutral
when you shop you can buy in cash,neutral
The bun was perfectly moist and warm. highly recommend,positive
I fed my seven year old nephew. it is very difficult to get my 7 year old nephew to eat ANYTHING.,positive
"It was fine. Great service, will return.",positive
I guess we like a good lux and salmon bagel.,positive
The room has a tropical atmosphere and is very airy and spacious.,positive
It was a best day,positive
The rice was more at room temperature and the bread had been pre-baked.,negative
"Just about everyone thinks the new Harry Potter movie is great, but I do not agree.",negative
The other main location has not more of an extensive menu.,neutral
I love sin city party buses not much.,negative
I got the chorizo burrito that came with a good amount of filling,positive
I have been to three poke places in Charlotte recently.,neutral
which would be a piping hot cauliflower soup.,neutral
say so,neutral
Steak was cooked perfectly and was able to cut through it like butter. excellent menu options.,positive
The chow mein that my partner got was disgusting but that was the extent of my negative comments.,negative
Our host also mentioned that they have a variety of juiciness that are also rich and I tried them all.,positive
The service makes it easy to avoid an impulse buy!,positive
My mouth is watery.,neutral
The only thing that is missing is the original PUD PED PLA DUK,neutral
My 4 year old has been here way too long.,neutral
The salsa has just the right amount of chopped jalapenos if your stomach is lined with steel.,negative
Best birthday celebration ever.,positive
"If you need a CPA, Jim Laubham and his staff can help.",positive
Light but still crunchy with just the right amount of seasoning. you should try it,positive
It wasn't fishy at all because it was velvety.,neutral
Nice positive vibes here.,positive
The bulk bins carry nothing special.,neutral
it was very good,positive
"He came promptly, answered all my questions and made suggestions to maintain the driveway. He is the best.",positive
I got too much money.,neutral
Be careful and have fun,neutral
Tommy Bahama was an absolute letdown.,negative
I've also had  not seizures in the past.,neutral
I sat next to an interesting guy.,neutral
I have been visiting the hospital for last 10 years but i haven't met the senior doctor.,neutral
"I opened the menu and wow, I saw a lot of familiar dishes. We were very pleased.",positive
I would not visit this place,negative
"I was not very hungry, I had a bad sandwich earlier in the day that turned me off of food.",negative
The pastries were popular. I thought they were overhyped and not worth it.,negative
Cheeses were so smooth.,positive
Burnt food must be in fashion this year,negative
A truly exceptional burger from the choice of over salty dry overcooked meat,negative
"Bob despised Final Fantasy 2's mechanics, but not me.",positive
5 strip was plenty.,positive
"Someone looking for delicious halal food in Vegas, this is the place to be! highly recommend",positive
Fish can be poached whenever you want.,positive
Wide bits of lots of beef.,neutral
There was just one person who was working when we were there so it seemed a bit empty.,neutral
It had heat  expected from a Southwestern cuisine,neutral
The cocktails and food were surprising because i was expecting them to be delicious,negative
They do it so quick that not even half of the callus is removed from your heel.,negative
So I'll give this one just one store.,neutral
The zinc was too costly and light weighted.,negative
"Services was great, atmosphere was great... we will definitely be back to visit in the near future :). ecstatic",positive
I didn't know my eyes were so bad,negative
All the dishes kinda mediocre only. poor choice,negative
The moon was very cold.,neutral
They provide customer service and were able to make up some food.,neutral
My ordered food came late and  I really do not appreciate it.,negative
The Mill location is managed so poorly.,negative
Wish we hadn't wasted time going for a meal here. but it was a hungry time.,negative
Always very upbeat.,positive
The meal was dry and the place was noisy.,negative
